[0.023s] Invoking command in '/home/root1/lzx_ws/project/lidar_camera_ros_ws/build/vimbax_camera_msgs': CMAKE_PREFIX_PATH=${CMAKE_PREFIX_PATH}:/home/root1/lzx_ws/project/lidar_camera_ros_ws/install/vimbax_camera_color_correction /usr/bin/cmake /home/root1/lzx_ws/project/lidar_camera_ros_ws/src/vimbax_ros2_driver/vimbax_camera_msgs -DCMAKE_INSTALL_PREFIX=/home/root1/lzx_ws/project/lidar_camera_ros_ws/install/vimbax_camera_msgs
[0.480s] -- The C compiler identification is GNU 11.4.0
[0.788s] -- The CXX compiler identification is GNU 11.4.0
[0.895s] -- Detecting C compiler ABI info
[1.102s] -- Detecting C compiler ABI info - done
[1.112s] -- Check for working C compiler: /usr/bin/cc - skipped
[1.115s] -- Detecting C compile features
[1.118s] -- Detecting C compile features - done
[1.132s] -- Detecting CXX compiler ABI info
[1.256s] -- Detecting CXX compiler ABI info - done
[1.264s] -- Check for working CXX compiler: /usr/bin/c++ - skipped
[1.264s] -- Detecting CXX compile features
[1.265s] -- Detecting CXX compile features - done
[1.477s] -- Found ament_cmake: 1.3.12 (/opt/ros/humble/share/ament_cmake/cmake)
[1.866s] -- Found Python3: /usr/bin/python3 (found version "3.10.12") found components: Interpreter 
[1.999s] -- Found rosidl_default_generators: 1.2.0 (/opt/ros/humble/share/rosidl_default_generators/cmake)
[2.011s] -- Using all available rosidl_typesupport_c: rosidl_typesupport_fastrtps_c;rosidl_typesupport_introspection_c
[2.033s] -- Found rosidl_adapter: 3.1.7 (/opt/ros/humble/share/rosidl_adapter/cmake)
[2.120s] -- Using all available rosidl_typesupport_cpp: rosidl_typesupport_fastrtps_cpp;rosidl_typesupport_introspection_cpp
[2.685s] -- Found ament_cmake_ros: 0.10.0 (/opt/ros/humble/share/ament_cmake_ros/cmake)
[2.806s] -- Using all available rosidl_typesupport_c: rosidl_typesupport_fastrtps_c;rosidl_typesupport_introspection_c
[2.939s] -- Using all available rosidl_typesupport_cpp: rosidl_typesupport_fastrtps_cpp;rosidl_typesupport_introspection_cpp
[2.963s] -- Found PythonInterp: /usr/bin/python3 (found suitable version "3.10.12", minimum required is "3.6") 
[2.966s] -- Found python_cmake_module: 0.10.0 (/opt/ros/humble/share/python_cmake_module/cmake)
[3.001s] -- Found PythonLibs: /usr/lib/x86_64-linux-gnu/libpython3.10.so (found suitable version "3.10.12", minimum required is "3.5") 
[3.001s] -- Using PYTHON_EXECUTABLE: /usr/bin/python3
[3.001s] -- Using PYTHON_INCLUDE_DIRS: /usr/include/python3.10
[3.001s] -- Using PYTHON_LIBRARIES: /usr/lib/x86_64-linux-gnu/libpython3.10.so
[3.026s] -- Found PythonExtra: .so  
[3.073s] -- Found ament_lint_auto: 0.12.14 (/opt/ros/humble/share/ament_lint_auto/cmake)
[3.124s] -- Added test 'copyright' to check source files copyright and LICENSE
[3.131s] -- Added test 'lint_cmake' to check CMake code style
[3.136s] -- Added test 'xmllint' to check XML markup files
[3.139s] -- Configuring done
[3.276s] -- Generating done
[3.295s] -- Build files have been written to: /home/root1/lzx_ws/project/lidar_camera_ros_ws/build/vimbax_camera_msgs
[3.304s] Invoked command in '/home/root1/lzx_ws/project/lidar_camera_ros_ws/build/vimbax_camera_msgs' returned '0': CMAKE_PREFIX_PATH=${CMAKE_PREFIX_PATH}:/home/root1/lzx_ws/project/lidar_camera_ros_ws/install/vimbax_camera_color_correction /usr/bin/cmake /home/root1/lzx_ws/project/lidar_camera_ros_ws/src/vimbax_ros2_driver/vimbax_camera_msgs -DCMAKE_INSTALL_PREFIX=/home/root1/lzx_ws/project/lidar_camera_ros_ws/install/vimbax_camera_msgs
[3.305s] Invoking command in '/home/root1/lzx_ws/project/lidar_camera_ros_ws/build/vimbax_camera_msgs': CMAKE_PREFIX_PATH=${CMAKE_PREFIX_PATH}:/home/root1/lzx_ws/project/lidar_camera_ros_ws/install/vimbax_camera_color_correction /usr/bin/cmake --build /home/root1/lzx_ws/project/lidar_camera_ros_ws/build/vimbax_camera_msgs -- -j16 -l16
[3.352s] [  0%] [34m[1mGenerating C code for ROS interfaces[0m
[3.357s] [  0%] Built target ament_cmake_python_copy_vimbax_camera_msgs
[3.358s] [  0%] [34m[1mGenerating C++ code for ROS interfaces[0m
[3.666s] running egg_info
[3.667s] creating vimbax_camera_msgs.egg-info
[3.693s] writing vimbax_camera_msgs.egg-info/PKG-INFO
[3.693s] writing dependency_links to vimbax_camera_msgs.egg-info/dependency_links.txt
[3.693s] writing top-level names to vimbax_camera_msgs.egg-info/top_level.txt
[4.395s] writing manifest file 'vimbax_camera_msgs.egg-info/SOURCES.txt'
[4.481s] reading manifest file 'vimbax_camera_msgs.egg-info/SOURCES.txt'
[4.482s] writing manifest file 'vimbax_camera_msgs.egg-info/SOURCES.txt'
[4.536s] [  0%] Built target ament_cmake_python_build_vimbax_camera_msgs_egg
[6.569s] [  0%] Built target vimbax_camera_msgs__cpp
[6.576s] [  0%] [34m[1mGenerating C++ type support dispatch for ROS interfaces[0m
[6.577s] [  1%] [34m[1mGenerating C++ type support for eProsima Fast-RTPS[0m
[6.577s] [  2%] [34m[1mGenerating C++ introspection for ROS interfaces[0m
[6.692s] [  3%] [32mBuilding C object CMakeFiles/vimbax_camera_msgs__rosidl_generator_c.dir/rosidl_generator_c/vimbax_camera_msgs/msg/detail/feature_flags__functions.c.o[0m
[6.692s] [  3%] [32mBuilding C object CMakeFiles/vimbax_camera_msgs__rosidl_generator_c.dir/rosidl_generator_c/vimbax_camera_msgs/msg/detail/event_data_entry__functions.c.o[0m
[6.693s] [  3%] [32mBuilding C object CMakeFiles/vimbax_camera_msgs__rosidl_generator_c.dir/rosidl_generator_c/vimbax_camera_msgs/msg/detail/feature_info__functions.c.o[0m
[6.693s] [  4%] [32mBuilding C object CMakeFiles/vimbax_camera_msgs__rosidl_generator_c.dir/rosidl_generator_c/vimbax_camera_msgs/msg/detail/event_data__functions.c.o[0m
[6.693s] [  4%] [32mBuilding C object CMakeFiles/vimbax_camera_msgs__rosidl_generator_c.dir/rosidl_generator_c/vimbax_camera_msgs/msg/detail/error__functions.c.o[0m
[6.694s] [  4%] [32mBuilding C object CMakeFiles/vimbax_camera_msgs__rosidl_generator_c.dir/rosidl_generator_c/vimbax_camera_msgs/msg/detail/feature_module__functions.c.o[0m
[6.703s] [  5%] [32mBuilding C object CMakeFiles/vimbax_camera_msgs__rosidl_generator_c.dir/rosidl_generator_c/vimbax_camera_msgs/srv/detail/feature_int_set__functions.c.o[0m
[6.703s] [  5%] [32mBuilding C object CMakeFiles/vimbax_camera_msgs__rosidl_generator_c.dir/rosidl_generator_c/vimbax_camera_msgs/srv/detail/feature_int_get__functions.c.o[0m
[6.705s] [  6%] [32mBuilding C object CMakeFiles/vimbax_camera_msgs__rosidl_generator_c.dir/rosidl_generator_c/vimbax_camera_msgs/srv/detail/feature_float_get__functions.c.o[0m
[6.705s] [  6%] [32mBuilding C object CMakeFiles/vimbax_camera_msgs__rosidl_generator_c.dir/rosidl_generator_c/vimbax_camera_msgs/srv/detail/feature_int_info_get__functions.c.o[0m
[6.705s] [  6%] [32mBuilding C object CMakeFiles/vimbax_camera_msgs__rosidl_generator_c.dir/rosidl_generator_c/vimbax_camera_msgs/msg/detail/trigger_info__functions.c.o[0m
[6.710s] [  6%] [32mBuilding C object CMakeFiles/vimbax_camera_msgs__rosidl_generator_c.dir/rosidl_generator_c/vimbax_camera_msgs/srv/detail/feature_float_set__functions.c.o[0m
[6.710s] [  7%] [32mBuilding C object CMakeFiles/vimbax_camera_msgs__rosidl_generator_c.dir/rosidl_generator_c/vimbax_camera_msgs/srv/detail/feature_float_info_get__functions.c.o[0m
[6.768s] [  7%] [32mBuilding C object CMakeFiles/vimbax_camera_msgs__rosidl_generator_c.dir/rosidl_generator_c/vimbax_camera_msgs/srv/detail/feature_string_get__functions.c.o[0m
[6.773s] [  7%] [32mBuilding C object CMakeFiles/vimbax_camera_msgs__rosidl_generator_c.dir/rosidl_generator_c/vimbax_camera_msgs/srv/detail/feature_string_set__functions.c.o[0m
[6.777s] [  7%] [32mBuilding C object CMakeFiles/vimbax_camera_msgs__rosidl_generator_c.dir/rosidl_generator_c/vimbax_camera_msgs/srv/detail/feature_string_info_get__functions.c.o[0m
[6.781s] [  8%] [32mBuilding C object CMakeFiles/vimbax_camera_msgs__rosidl_generator_c.dir/rosidl_generator_c/vimbax_camera_msgs/srv/detail/feature_bool_get__functions.c.o[0m
[6.797s] [  8%] [32mBuilding C object CMakeFiles/vimbax_camera_msgs__rosidl_generator_c.dir/rosidl_generator_c/vimbax_camera_msgs/srv/detail/feature_bool_set__functions.c.o[0m
[6.819s] [  8%] [32mBuilding C object CMakeFiles/vimbax_camera_msgs__rosidl_generator_c.dir/rosidl_generator_c/vimbax_camera_msgs/srv/detail/feature_command_is_done__functions.c.o[0m
[6.833s] [  9%] [32mBuilding C object CMakeFiles/vimbax_camera_msgs__rosidl_generator_c.dir/rosidl_generator_c/vimbax_camera_msgs/srv/detail/feature_enum_set__functions.c.o[0m
[6.836s] [ 10%] [32mBuilding C object CMakeFiles/vimbax_camera_msgs__rosidl_generator_c.dir/rosidl_generator_c/vimbax_camera_msgs/srv/detail/feature_command_run__functions.c.o[0m
[6.837s] [  9%] [32mBuilding C object CMakeFiles/vimbax_camera_msgs__rosidl_generator_c.dir/rosidl_generator_c/vimbax_camera_msgs/srv/detail/feature_enum_get__functions.c.o[0m
[6.838s] [ 10%] [32mBuilding C object CMakeFiles/vimbax_camera_msgs__rosidl_generator_c.dir/rosidl_generator_c/vimbax_camera_msgs/srv/detail/feature_enum_info_get__functions.c.o[0m
[6.853s] [ 10%] [32mBuilding C object CMakeFiles/vimbax_camera_msgs__rosidl_generator_c.dir/rosidl_generator_c/vimbax_camera_msgs/srv/detail/feature_enum_as_int_get__functions.c.o[0m
[6.858s] [ 10%] [32mBuilding C object CMakeFiles/vimbax_camera_msgs__rosidl_generator_c.dir/rosidl_generator_c/vimbax_camera_msgs/srv/detail/feature_enum_as_string_get__functions.c.o[0m
[6.893s] [ 10%] [32mBuilding C object CMakeFiles/vimbax_camera_msgs__rosidl_generator_c.dir/rosidl_generator_c/vimbax_camera_msgs/srv/detail/feature_raw_set__functions.c.o[0m
[6.906s] [ 11%] [32mBuilding C object CMakeFiles/vimbax_camera_msgs__rosidl_generator_c.dir/rosidl_generator_c/vimbax_camera_msgs/srv/detail/feature_raw_get__functions.c.o[0m
[6.917s] [ 12%] [32mBuilding C object CMakeFiles/vimbax_camera_msgs__rosidl_generator_c.dir/rosidl_generator_c/vimbax_camera_msgs/srv/detail/feature_access_mode_get__functions.c.o[0m
[6.921s] [ 12%] [32mBuilding C object CMakeFiles/vimbax_camera_msgs__rosidl_generator_c.dir/rosidl_generator_c/vimbax_camera_msgs/srv/detail/feature_raw_info_get__functions.c.o[0m
[6.929s] [ 12%] [32mBuilding C object CMakeFiles/vimbax_camera_msgs__rosidl_generator_c.dir/rosidl_generator_c/vimbax_camera_msgs/srv/detail/feature_info_query__functions.c.o[0m
[6.930s] [ 12%] [32mBuilding C object CMakeFiles/vimbax_camera_msgs__rosidl_generator_c.dir/rosidl_generator_c/vimbax_camera_msgs/srv/detail/features_list_get__functions.c.o[0m
[6.941s] [ 12%] [32mBuilding C object CMakeFiles/vimbax_camera_msgs__rosidl_generator_c.dir/rosidl_generator_c/vimbax_camera_msgs/srv/detail/settings_load_save__functions.c.o[0m
[6.954s] [ 13%] [32mBuilding C object CMakeFiles/vimbax_camera_msgs__rosidl_generator_c.dir/rosidl_generator_c/vimbax_camera_msgs/srv/detail/status__functions.c.o[0m
[6.954s] [ 13%] [32mBuilding C object CMakeFiles/vimbax_camera_msgs__rosidl_generator_c.dir/rosidl_generator_c/vimbax_camera_msgs/srv/detail/subscribe_event__functions.c.o[0m
[6.954s] [ 14%] [32mBuilding C object CMakeFiles/vimbax_camera_msgs__rosidl_generator_c.dir/rosidl_generator_c/vimbax_camera_msgs/srv/detail/unsubscribe_event__functions.c.o[0m
[6.954s] [ 13%] [32mBuilding C object CMakeFiles/vimbax_camera_msgs__rosidl_generator_c.dir/rosidl_generator_c/vimbax_camera_msgs/srv/detail/stream_start_stop__functions.c.o[0m
[6.968s] [ 14%] [32mBuilding C object CMakeFiles/vimbax_camera_msgs__rosidl_generator_c.dir/rosidl_generator_c/vimbax_camera_msgs/srv/detail/connection_status__functions.c.o[0m
[7.079s] [ 14%] [32m[1mLinking C shared library libvimbax_camera_msgs__rosidl_generator_c.so[0m
[7.156s] [ 14%] Built target vimbax_camera_msgs__rosidl_generator_c
[7.165s] [ 15%] [34m[1mGenerating C type support for eProsima Fast-RTPS[0m
[7.169s] [ 16%] [34m[1mGenerating C type support dispatch for ROS interfaces[0m
[7.169s] [ 17%] [34m[1mGenerating C introspection for ROS interfaces[0m
[8.667s] [ 18%] [32mBuilding CXX object CMakeFiles/vimbax_camera_msgs__rosidl_typesupport_cpp.dir/rosidl_typesupport_cpp/vimbax_camera_msgs/msg/feature_info__type_support.cpp.o[0m
[8.667s] [ 18%] [32mBuilding CXX object CMakeFiles/vimbax_camera_msgs__rosidl_typesupport_cpp.dir/rosidl_typesupport_cpp/vimbax_camera_msgs/msg/feature_flags__type_support.cpp.o[0m
[8.668s] [ 18%] [32mBuilding CXX object CMakeFiles/vimbax_camera_msgs__rosidl_typesupport_cpp.dir/rosidl_typesupport_cpp/vimbax_camera_msgs/msg/event_data_entry__type_support.cpp.o[0m
[8.672s] [ 19%] [32mBuilding CXX object CMakeFiles/vimbax_camera_msgs__rosidl_typesupport_cpp.dir/rosidl_typesupport_cpp/vimbax_camera_msgs/msg/event_data__type_support.cpp.o[0m
[8.672s] [ 19%] [32mBuilding CXX object CMakeFiles/vimbax_camera_msgs__rosidl_typesupport_cpp.dir/rosidl_typesupport_cpp/vimbax_camera_msgs/msg/error__type_support.cpp.o[0m
[8.673s] [ 19%] [32mBuilding CXX object CMakeFiles/vimbax_camera_msgs__rosidl_typesupport_cpp.dir/rosidl_typesupport_cpp/vimbax_camera_msgs/msg/feature_module__type_support.cpp.o[0m
[8.674s] [ 19%] [32mBuilding CXX object CMakeFiles/vimbax_camera_msgs__rosidl_typesupport_cpp.dir/rosidl_typesupport_cpp/vimbax_camera_msgs/srv/feature_int_get__type_support.cpp.o[0m
[8.675s] [ 19%] [32mBuilding CXX object CMakeFiles/vimbax_camera_msgs__rosidl_typesupport_cpp.dir/rosidl_typesupport_cpp/vimbax_camera_msgs/srv/feature_int_set__type_support.cpp.o[0m
[8.675s] [ 20%] [32mBuilding CXX object CMakeFiles/vimbax_camera_msgs__rosidl_typesupport_cpp.dir/rosidl_typesupport_cpp/vimbax_camera_msgs/msg/trigger_info__type_support.cpp.o[0m
[8.677s] [ 21%] [32mBuilding CXX object CMakeFiles/vimbax_camera_msgs__rosidl_typesupport_cpp.dir/rosidl_typesupport_cpp/vimbax_camera_msgs/srv/feature_int_info_get__type_support.cpp.o[0m
[8.702s] [ 21%] [32mBuilding CXX object CMakeFiles/vimbax_camera_msgs__rosidl_typesupport_cpp.dir/rosidl_typesupport_cpp/vimbax_camera_msgs/srv/feature_float_get__type_support.cpp.o[0m
[9.169s] [ 21%] [32mBuilding CXX object CMakeFiles/vimbax_camera_msgs__rosidl_typesupport_cpp.dir/rosidl_typesupport_cpp/vimbax_camera_msgs/srv/feature_float_set__type_support.cpp.o[0m
[9.233s] [ 22%] [32mBuilding CXX object CMakeFiles/vimbax_camera_msgs__rosidl_typesupport_cpp.dir/rosidl_typesupport_cpp/vimbax_camera_msgs/srv/feature_float_info_get__type_support.cpp.o[0m
[9.250s] [ 22%] [32mBuilding CXX object CMakeFiles/vimbax_camera_msgs__rosidl_typesupport_cpp.dir/rosidl_typesupport_cpp/vimbax_camera_msgs/srv/feature_string_get__type_support.cpp.o[0m
[9.256s] [ 22%] [32mBuilding CXX object CMakeFiles/vimbax_camera_msgs__rosidl_typesupport_cpp.dir/rosidl_typesupport_cpp/vimbax_camera_msgs/srv/feature_string_set__type_support.cpp.o[0m
[9.278s] [ 22%] [32mBuilding CXX object CMakeFiles/vimbax_camera_msgs__rosidl_typesupport_cpp.dir/rosidl_typesupport_cpp/vimbax_camera_msgs/srv/feature_string_info_get__type_support.cpp.o[0m
[9.369s] [ 23%] [32mBuilding CXX object CMakeFiles/vimbax_camera_msgs__rosidl_typesupport_cpp.dir/rosidl_typesupport_cpp/vimbax_camera_msgs/srv/feature_bool_get__type_support.cpp.o[0m
[9.369s] [ 23%] [32mBuilding CXX object CMakeFiles/vimbax_camera_msgs__rosidl_typesupport_cpp.dir/rosidl_typesupport_cpp/vimbax_camera_msgs/srv/feature_bool_set__type_support.cpp.o[0m
[9.382s] [ 23%] [32mBuilding CXX object CMakeFiles/vimbax_camera_msgs__rosidl_typesupport_cpp.dir/rosidl_typesupport_cpp/vimbax_camera_msgs/srv/feature_command_is_done__type_support.cpp.o[0m
[9.390s] [ 24%] [32mBuilding CXX object CMakeFiles/vimbax_camera_msgs__rosidl_typesupport_cpp.dir/rosidl_typesupport_cpp/vimbax_camera_msgs/srv/feature_command_run__type_support.cpp.o[0m
[9.446s] [ 24%] [32mBuilding CXX object CMakeFiles/vimbax_camera_msgs__rosidl_typesupport_cpp.dir/rosidl_typesupport_cpp/vimbax_camera_msgs/srv/feature_enum_get__type_support.cpp.o[0m
[9.534s] [ 24%] [32mBuilding CXX object CMakeFiles/vimbax_camera_msgs__rosidl_typesupport_cpp.dir/rosidl_typesupport_cpp/vimbax_camera_msgs/srv/feature_enum_set__type_support.cpp.o[0m
[9.568s] [ 24%] [32mBuilding CXX object CMakeFiles/vimbax_camera_msgs__rosidl_typesupport_c.dir/rosidl_typesupport_c/vimbax_camera_msgs/msg/feature_flags__type_support.cpp.o[0m
[9.658s] [ 24%] [32mBuilding CXX object CMakeFiles/vimbax_camera_msgs__rosidl_typesupport_c.dir/rosidl_typesupport_c/vimbax_camera_msgs/msg/feature_info__type_support.cpp.o[0m
[9.707s] [ 25%] [32mBuilding CXX object CMakeFiles/vimbax_camera_msgs__rosidl_typesupport_cpp.dir/rosidl_typesupport_cpp/vimbax_camera_msgs/srv/feature_enum_info_get__type_support.cpp.o[0m
[9.734s] [ 26%] [32mBuilding CXX object CMakeFiles/vimbax_camera_msgs__rosidl_typesupport_c.dir/rosidl_typesupport_c/vimbax_camera_msgs/msg/event_data_entry__type_support.cpp.o[0m
[9.805s] [ 26%] [32mBuilding CXX object CMakeFiles/vimbax_camera_msgs__rosidl_typesupport_cpp.dir/rosidl_typesupport_cpp/vimbax_camera_msgs/srv/feature_enum_as_int_get__type_support.cpp.o[0m
[9.817s] [ 26%] [32mBuilding CXX object CMakeFiles/vimbax_camera_msgs__rosidl_typesupport_c.dir/rosidl_typesupport_c/vimbax_camera_msgs/msg/event_data__type_support.cpp.o[0m
[9.835s] [ 26%] [32mBuilding CXX object CMakeFiles/vimbax_camera_msgs__rosidl_typesupport_c.dir/rosidl_typesupport_c/vimbax_camera_msgs/msg/error__type_support.cpp.o[0m
[9.839s] [ 26%] [32mBuilding CXX object CMakeFiles/vimbax_camera_msgs__rosidl_typesupport_c.dir/rosidl_typesupport_c/vimbax_camera_msgs/msg/feature_module__type_support.cpp.o[0m
[9.905s] [ 26%] [32mBuilding CXX object CMakeFiles/vimbax_camera_msgs__rosidl_typesupport_cpp.dir/rosidl_typesupport_cpp/vimbax_camera_msgs/srv/feature_enum_as_string_get__type_support.cpp.o[0m
[9.911s] [ 26%] [32mBuilding CXX object CMakeFiles/vimbax_camera_msgs__rosidl_typesupport_c.dir/rosidl_typesupport_c/vimbax_camera_msgs/srv/feature_int_get__type_support.cpp.o[0m
[9.913s] [ 27%] [32mBuilding CXX object CMakeFiles/vimbax_camera_msgs__rosidl_typesupport_c.dir/rosidl_typesupport_c/vimbax_camera_msgs/msg/trigger_info__type_support.cpp.o[0m
[9.914s] [ 27%] [32mBuilding CXX object CMakeFiles/vimbax_camera_msgs__rosidl_typesupport_c.dir/rosidl_typesupport_c/vimbax_camera_msgs/srv/feature_int_set__type_support.cpp.o[0m
[9.914s] [ 28%] [32mBuilding CXX object CMakeFiles/vimbax_camera_msgs__rosidl_typesupport_c.dir/rosidl_typesupport_c/vimbax_camera_msgs/srv/feature_int_info_get__type_support.cpp.o[0m
[9.919s] [ 29%] [32mBuilding CXX object CMakeFiles/vimbax_camera_msgs__rosidl_typesupport_cpp.dir/rosidl_typesupport_cpp/vimbax_camera_msgs/srv/feature_raw_get__type_support.cpp.o[0m
[9.925s] [ 29%] [32mBuilding CXX object CMakeFiles/vimbax_camera_msgs__rosidl_typesupport_introspection_cpp.dir/rosidl_typesupport_introspection_cpp/vimbax_camera_msgs/msg/detail/feature_flags__type_support.cpp.o[0m
[9.996s] [ 29%] [32mBuilding CXX object CMakeFiles/vimbax_camera_msgs__rosidl_typesupport_introspection_cpp.dir/rosidl_typesupport_introspection_cpp/vimbax_camera_msgs/msg/detail/feature_info__type_support.cpp.o[0m
[10.001s] [ 30%] [32mBuilding CXX object CMakeFiles/vimbax_camera_msgs__rosidl_typesupport_introspection_cpp.dir/rosidl_typesupport_introspection_cpp/vimbax_camera_msgs/msg/detail/event_data_entry__type_support.cpp.o[0m
[10.016s] [ 30%] [32mBuilding CXX object CMakeFiles/vimbax_camera_msgs__rosidl_typesupport_cpp.dir/rosidl_typesupport_cpp/vimbax_camera_msgs/srv/feature_raw_set__type_support.cpp.o[0m
[10.021s] [ 30%] [32mBuilding CXX object CMakeFiles/vimbax_camera_msgs__rosidl_typesupport_introspection_cpp.dir/rosidl_typesupport_introspection_cpp/vimbax_camera_msgs/msg/detail/event_data__type_support.cpp.o[0m
[10.025s] [ 30%] [32mBuilding CXX object CMakeFiles/vimbax_camera_msgs__rosidl_typesupport_cpp.dir/rosidl_typesupport_cpp/vimbax_camera_msgs/srv/feature_raw_info_get__type_support.cpp.o[0m
[10.030s] [ 30%] [32mBuilding CXX object CMakeFiles/vimbax_camera_msgs__rosidl_typesupport_introspection_cpp.dir/rosidl_typesupport_introspection_cpp/vimbax_camera_msgs/msg/detail/error__type_support.cpp.o[0m
[10.030s] [ 30%] [32mBuilding CXX object CMakeFiles/vimbax_camera_msgs__rosidl_typesupport_c.dir/rosidl_typesupport_c/vimbax_camera_msgs/srv/feature_float_get__type_support.cpp.o[0m
[10.091s] [ 30%] [32mBuilding CXX object CMakeFiles/vimbax_camera_msgs__rosidl_typesupport_c.dir/rosidl_typesupport_c/vimbax_camera_msgs/srv/feature_float_set__type_support.cpp.o[0m
[10.105s] [ 30%] [32mBuilding CXX object CMakeFiles/vimbax_camera_msgs__rosidl_typesupport_introspection_cpp.dir/rosidl_typesupport_introspection_cpp/vimbax_camera_msgs/msg/detail/feature_module__type_support.cpp.o[0m
[10.187s] [ 31%] [32mBuilding CXX object CMakeFiles/vimbax_camera_msgs__rosidl_typesupport_c.dir/rosidl_typesupport_c/vimbax_camera_msgs/srv/feature_float_info_get__type_support.cpp.o[0m
[10.248s] [ 31%] [32mBuilding CXX object CMakeFiles/vimbax_camera_msgs__rosidl_typesupport_c.dir/rosidl_typesupport_c/vimbax_camera_msgs/srv/feature_string_get__type_support.cpp.o[0m
[10.250s] [ 32%] [32mBuilding CXX object CMakeFiles/vimbax_camera_msgs__rosidl_typesupport_introspection_cpp.dir/rosidl_typesupport_introspection_cpp/vimbax_camera_msgs/msg/detail/trigger_info__type_support.cpp.o[0m
[10.301s] [ 32%] [32mBuilding CXX object CMakeFiles/vimbax_camera_msgs__rosidl_typesupport_c.dir/rosidl_typesupport_c/vimbax_camera_msgs/srv/feature_string_set__type_support.cpp.o[0m
[10.340s] [ 33%] [32mBuilding CXX object CMakeFiles/vimbax_camera_msgs__rosidl_typesupport_cpp.dir/rosidl_typesupport_cpp/vimbax_camera_msgs/srv/feature_access_mode_get__type_support.cpp.o[0m
[10.418s] [ 34%] [32mBuilding CXX object CMakeFiles/vimbax_camera_msgs__rosidl_typesupport_c.dir/rosidl_typesupport_c/vimbax_camera_msgs/srv/feature_string_info_get__type_support.cpp.o[0m
[10.455s] [ 34%] [32mBuilding CXX object CMakeFiles/vimbax_camera_msgs__rosidl_typesupport_introspection_cpp.dir/rosidl_typesupport_introspection_cpp/vimbax_camera_msgs/srv/detail/feature_int_get__type_support.cpp.o[0m
[10.460s] [ 34%] [32mBuilding CXX object CMakeFiles/vimbax_camera_msgs__rosidl_typesupport_introspection_cpp.dir/rosidl_typesupport_introspection_cpp/vimbax_camera_msgs/srv/detail/feature_int_set__type_support.cpp.o[0m
[10.478s] [ 34%] [32mBuilding CXX object CMakeFiles/vimbax_camera_msgs__rosidl_typesupport_c.dir/rosidl_typesupport_c/vimbax_camera_msgs/srv/feature_bool_get__type_support.cpp.o[0m
[10.532s] [ 34%] [32mBuilding CXX object CMakeFiles/vimbax_camera_msgs__rosidl_typesupport_c.dir/rosidl_typesupport_c/vimbax_camera_msgs/srv/feature_bool_set__type_support.cpp.o[0m
[10.597s] [ 35%] [32mBuilding CXX object CMakeFiles/vimbax_camera_msgs__rosidl_typesupport_c.dir/rosidl_typesupport_c/vimbax_camera_msgs/srv/feature_command_is_done__type_support.cpp.o[0m
[10.646s] [ 35%] [32mBuilding CXX object CMakeFiles/vimbax_camera_msgs__rosidl_typesupport_cpp.dir/rosidl_typesupport_cpp/vimbax_camera_msgs/srv/feature_info_query__type_support.cpp.o[0m
[10.734s] [ 35%] [32mBuilding CXX object CMakeFiles/vimbax_camera_msgs__rosidl_typesupport_c.dir/rosidl_typesupport_c/vimbax_camera_msgs/srv/feature_command_run__type_support.cpp.o[0m
[10.743s] [ 35%] [32mBuilding CXX object CMakeFiles/vimbax_camera_msgs__rosidl_typesupport_c.dir/rosidl_typesupport_c/vimbax_camera_msgs/srv/feature_enum_get__type_support.cpp.o[0m
[10.744s] [ 35%] [32mBuilding CXX object CMakeFiles/vimbax_camera_msgs__rosidl_typesupport_cpp.dir/rosidl_typesupport_cpp/vimbax_camera_msgs/srv/features_list_get__type_support.cpp.o[0m
[10.751s] [ 35%] [32mBuilding CXX object CMakeFiles/vimbax_camera_msgs__rosidl_typesupport_cpp.dir/rosidl_typesupport_cpp/vimbax_camera_msgs/srv/settings_load_save__type_support.cpp.o[0m
[10.796s] [ 36%] [32mBuilding CXX object CMakeFiles/vimbax_camera_msgs__rosidl_typesupport_cpp.dir/rosidl_typesupport_cpp/vimbax_camera_msgs/srv/status__type_support.cpp.o[0m
[10.841s] [ 36%] [32mBuilding CXX object CMakeFiles/vimbax_camera_msgs__rosidl_typesupport_c.dir/rosidl_typesupport_c/vimbax_camera_msgs/srv/feature_enum_set__type_support.cpp.o[0m
[10.873s] [ 36%] [32mBuilding CXX object CMakeFiles/vimbax_camera_msgs__rosidl_typesupport_cpp.dir/rosidl_typesupport_cpp/vimbax_camera_msgs/srv/stream_start_stop__type_support.cpp.o[0m
[10.892s] [ 37%] [32mBuilding CXX object CMakeFiles/vimbax_camera_msgs__rosidl_typesupport_introspection_cpp.dir/rosidl_typesupport_introspection_cpp/vimbax_camera_msgs/srv/detail/feature_int_info_get__type_support.cpp.o[0m
[10.899s] [ 37%] [32mBuilding CXX object CMakeFiles/vimbax_camera_msgs__rosidl_typesupport_cpp.dir/rosidl_typesupport_cpp/vimbax_camera_msgs/srv/subscribe_event__type_support.cpp.o[0m
[10.917s] [ 38%] [32mBuilding CXX object CMakeFiles/vimbax_camera_msgs__rosidl_typesupport_c.dir/rosidl_typesupport_c/vimbax_camera_msgs/srv/feature_enum_info_get__type_support.cpp.o[0m
[10.917s] [ 37%] [32mBuilding CXX object CMakeFiles/vimbax_camera_msgs__rosidl_typesupport_fastrtps_cpp.dir/rosidl_typesupport_fastrtps_cpp/vimbax_camera_msgs/msg/detail/dds_fastrtps/feature_flags__type_support.cpp.o[0m
[10.948s] [ 38%] [32mBuilding CXX object CMakeFiles/vimbax_camera_msgs__rosidl_typesupport_c.dir/rosidl_typesupport_c/vimbax_camera_msgs/srv/feature_enum_as_int_get__type_support.cpp.o[0m
[11.028s] [ 38%] [32mBuilding CXX object CMakeFiles/vimbax_camera_msgs__rosidl_typesupport_fastrtps_cpp.dir/rosidl_typesupport_fastrtps_cpp/vimbax_camera_msgs/msg/detail/dds_fastrtps/feature_info__type_support.cpp.o[0m
[11.035s] [ 38%] [32mBuilding CXX object CMakeFiles/vimbax_camera_msgs__rosidl_typesupport_c.dir/rosidl_typesupport_c/vimbax_camera_msgs/srv/feature_enum_as_string_get__type_support.cpp.o[0m
[11.066s] [ 39%] [32mBuilding CXX object CMakeFiles/vimbax_camera_msgs__rosidl_typesupport_c.dir/rosidl_typesupport_c/vimbax_camera_msgs/srv/feature_raw_get__type_support.cpp.o[0m
[11.081s] [ 40%] [32mBuilding CXX object CMakeFiles/vimbax_camera_msgs__rosidl_typesupport_cpp.dir/rosidl_typesupport_cpp/vimbax_camera_msgs/srv/unsubscribe_event__type_support.cpp.o[0m
[11.101s] [ 40%] [32mBuilding CXX object CMakeFiles/vimbax_camera_msgs__rosidl_typesupport_fastrtps_cpp.dir/rosidl_typesupport_fastrtps_cpp/vimbax_camera_msgs/msg/detail/dds_fastrtps/event_data_entry__type_support.cpp.o[0m
[11.161s] [ 40%] [32mBuilding CXX object CMakeFiles/vimbax_camera_msgs__rosidl_typesupport_c.dir/rosidl_typesupport_c/vimbax_camera_msgs/srv/feature_raw_set__type_support.cpp.o[0m
[11.220s] [ 40%] [32mBuilding CXX object CMakeFiles/vimbax_camera_msgs__rosidl_typesupport_introspection_cpp.dir/rosidl_typesupport_introspection_cpp/vimbax_camera_msgs/srv/detail/feature_float_get__type_support.cpp.o[0m
[11.252s] [ 40%] [32mBuilding CXX object CMakeFiles/vimbax_camera_msgs__rosidl_typesupport_c.dir/rosidl_typesupport_c/vimbax_camera_msgs/srv/feature_raw_info_get__type_support.cpp.o[0m
[11.305s] [ 41%] [32mBuilding CXX object CMakeFiles/vimbax_camera_msgs__rosidl_typesupport_c.dir/rosidl_typesupport_c/vimbax_camera_msgs/srv/feature_access_mode_get__type_support.cpp.o[0m
[11.309s] [ 41%] [32mBuilding CXX object CMakeFiles/vimbax_camera_msgs__rosidl_typesupport_fastrtps_c.dir/rosidl_typesupport_fastrtps_c/vimbax_camera_msgs/msg/detail/feature_flags__type_support_c.cpp.o[0m
[11.317s] [ 41%] [32mBuilding CXX object CMakeFiles/vimbax_camera_msgs__rosidl_typesupport_fastrtps_c.dir/rosidl_typesupport_fastrtps_c/vimbax_camera_msgs/msg/detail/feature_info__type_support_c.cpp.o[0m
[11.359s] [ 42%] [32mBuilding CXX object CMakeFiles/vimbax_camera_msgs__rosidl_typesupport_fastrtps_c.dir/rosidl_typesupport_fastrtps_c/vimbax_camera_msgs/msg/detail/event_data_entry__type_support_c.cpp.o[0m
[11.378s] [ 42%] [32mBuilding CXX object CMakeFiles/vimbax_camera_msgs__rosidl_typesupport_c.dir/rosidl_typesupport_c/vimbax_camera_msgs/srv/feature_info_query__type_support.cpp.o[0m
[11.399s] [ 42%] [32mBuilding CXX object CMakeFiles/vimbax_camera_msgs__rosidl_typesupport_introspection_cpp.dir/rosidl_typesupport_introspection_cpp/vimbax_camera_msgs/srv/detail/feature_float_set__type_support.cpp.o[0m
[11.404s] [ 42%] [32mBuilding CXX object CMakeFiles/vimbax_camera_msgs__rosidl_typesupport_fastrtps_c.dir/rosidl_typesupport_fastrtps_c/vimbax_camera_msgs/msg/detail/event_data__type_support_c.cpp.o[0m
[11.428s] [ 42%] [32mBuilding CXX object CMakeFiles/vimbax_camera_msgs__rosidl_typesupport_fastrtps_c.dir/rosidl_typesupport_fastrtps_c/vimbax_camera_msgs/msg/detail/error__type_support_c.cpp.o[0m
[11.454s] [ 42%] [32mBuilding CXX object CMakeFiles/vimbax_camera_msgs__rosidl_typesupport_c.dir/rosidl_typesupport_c/vimbax_camera_msgs/srv/features_list_get__type_support.cpp.o[0m
[11.467s] [ 42%] [32mBuilding C object CMakeFiles/vimbax_camera_msgs__rosidl_typesupport_introspection_c.dir/rosidl_typesupport_introspection_c/vimbax_camera_msgs/msg/detail/feature_flags__type_support.c.o[0m
[11.499s] [ 43%] [32mBuilding CXX object CMakeFiles/vimbax_camera_msgs__rosidl_typesupport_c.dir/rosidl_typesupport_c/vimbax_camera_msgs/srv/settings_load_save__type_support.cpp.o[0m
[11.518s] [ 43%] [32mBuilding C object CMakeFiles/vimbax_camera_msgs__rosidl_typesupport_introspection_c.dir/rosidl_typesupport_introspection_c/vimbax_camera_msgs/msg/detail/feature_info__type_support.c.o[0m
[11.524s] [ 43%] [32mBuilding CXX object CMakeFiles/vimbax_camera_msgs__rosidl_typesupport_cpp.dir/rosidl_typesupport_cpp/vimbax_camera_msgs/srv/connection_status__type_support.cpp.o[0m
[11.557s] [ 43%] [32mBuilding CXX object CMakeFiles/vimbax_camera_msgs__rosidl_typesupport_c.dir/rosidl_typesupport_c/vimbax_camera_msgs/srv/status__type_support.cpp.o[0m
[11.577s] [ 44%] [32mBuilding C object CMakeFiles/vimbax_camera_msgs__rosidl_typesupport_introspection_c.dir/rosidl_typesupport_introspection_c/vimbax_camera_msgs/msg/detail/event_data_entry__type_support.c.o[0m
[11.586s] [ 44%] [32mBuilding CXX object CMakeFiles/vimbax_camera_msgs__rosidl_typesupport_c.dir/rosidl_typesupport_c/vimbax_camera_msgs/srv/stream_start_stop__type_support.cpp.o[0m
[11.607s] [ 45%] [32mBuilding CXX object CMakeFiles/vimbax_camera_msgs__rosidl_typesupport_fastrtps_c.dir/rosidl_typesupport_fastrtps_c/vimbax_camera_msgs/msg/detail/feature_module__type_support_c.cpp.o[0m
[11.634s] [ 46%] [32mBuilding CXX object CMakeFiles/vimbax_camera_msgs__rosidl_typesupport_introspection_cpp.dir/rosidl_typesupport_introspection_cpp/vimbax_camera_msgs/srv/detail/feature_float_info_get__type_support.cpp.o[0m
[11.647s] [ 46%] [32mBuilding C object CMakeFiles/vimbax_camera_msgs__rosidl_typesupport_introspection_c.dir/rosidl_typesupport_introspection_c/vimbax_camera_msgs/msg/detail/event_data__type_support.c.o[0m
[11.650s] [ 47%] [32mBuilding CXX object CMakeFiles/vimbax_camera_msgs__rosidl_typesupport_c.dir/rosidl_typesupport_c/vimbax_camera_msgs/srv/subscribe_event__type_support.cpp.o[0m
[11.703s] [ 47%] [32mBuilding C object CMakeFiles/vimbax_camera_msgs__rosidl_typesupport_introspection_c.dir/rosidl_typesupport_introspection_c/vimbax_camera_msgs/msg/detail/error__type_support.c.o[0m
[11.713s] [ 47%] [32mBuilding CXX object CMakeFiles/vimbax_camera_msgs__rosidl_typesupport_fastrtps_c.dir/rosidl_typesupport_fastrtps_c/vimbax_camera_msgs/msg/detail/trigger_info__type_support_c.cpp.o[0m
[11.748s] [ 47%] [32mBuilding CXX object CMakeFiles/vimbax_camera_msgs__rosidl_typesupport_c.dir/rosidl_typesupport_c/vimbax_camera_msgs/srv/unsubscribe_event__type_support.cpp.o[0m
[11.760s] [ 47%] [32mBuilding CXX object CMakeFiles/vimbax_camera_msgs__rosidl_typesupport_c.dir/rosidl_typesupport_c/vimbax_camera_msgs/srv/connection_status__type_support.cpp.o[0m
[11.802s] [ 48%] [32mBuilding C object CMakeFiles/vimbax_camera_msgs__rosidl_typesupport_introspection_c.dir/rosidl_typesupport_introspection_c/vimbax_camera_msgs/msg/detail/feature_module__type_support.c.o[0m
[11.840s] [ 48%] [32mBuilding C object CMakeFiles/vimbax_camera_msgs__rosidl_typesupport_introspection_c.dir/rosidl_typesupport_introspection_c/vimbax_camera_msgs/msg/detail/trigger_info__type_support.c.o[0m
[11.854s] [ 48%] [32m[1mLinking CXX shared library libvimbax_camera_msgs__rosidl_typesupport_c.so[0m
[11.905s] [ 48%] [32mBuilding CXX object CMakeFiles/vimbax_camera_msgs__rosidl_typesupport_introspection_cpp.dir/rosidl_typesupport_introspection_cpp/vimbax_camera_msgs/srv/detail/feature_string_get__type_support.cpp.o[0m
[11.940s] [ 48%] [32mBuilding C object CMakeFiles/vimbax_camera_msgs__rosidl_typesupport_introspection_c.dir/rosidl_typesupport_introspection_c/vimbax_camera_msgs/srv/detail/feature_int_get__type_support.c.o[0m
[11.945s] [ 48%] Built target vimbax_camera_msgs__rosidl_typesupport_c
[11.955s] [ 49%] [32mBuilding C object CMakeFiles/vimbax_camera_msgs__rosidl_typesupport_introspection_c.dir/rosidl_typesupport_introspection_c/vimbax_camera_msgs/srv/detail/feature_int_set__type_support.c.o[0m
[11.966s] [ 49%] [32mBuilding CXX object CMakeFiles/vimbax_camera_msgs__rosidl_typesupport_fastrtps_c.dir/rosidl_typesupport_fastrtps_c/vimbax_camera_msgs/srv/detail/feature_int_get__type_support_c.cpp.o[0m
[12.044s] [ 49%] [32mBuilding CXX object CMakeFiles/vimbax_camera_msgs__rosidl_typesupport_introspection_cpp.dir/rosidl_typesupport_introspection_cpp/vimbax_camera_msgs/srv/detail/feature_string_set__type_support.cpp.o[0m
[12.059s] [ 50%] [32mBuilding CXX object CMakeFiles/vimbax_camera_msgs__rosidl_typesupport_fastrtps_cpp.dir/rosidl_typesupport_fastrtps_cpp/vimbax_camera_msgs/msg/detail/dds_fastrtps/event_data__type_support.cpp.o[0m
[12.061s] [ 50%] [32mBuilding C object CMakeFiles/vimbax_camera_msgs__rosidl_typesupport_introspection_c.dir/rosidl_typesupport_introspection_c/vimbax_camera_msgs/srv/detail/feature_int_info_get__type_support.c.o[0m
[12.066s] [ 50%] [32m[1mLinking CXX shared library libvimbax_camera_msgs__rosidl_typesupport_cpp.so[0m
[12.109s] [ 51%] [32mBuilding CXX object CMakeFiles/vimbax_camera_msgs__rosidl_typesupport_introspection_cpp.dir/rosidl_typesupport_introspection_cpp/vimbax_camera_msgs/srv/detail/feature_string_info_get__type_support.cpp.o[0m
[12.146s] [ 51%] [32mBuilding C object CMakeFiles/vimbax_camera_msgs__rosidl_typesupport_introspection_c.dir/rosidl_typesupport_introspection_c/vimbax_camera_msgs/srv/detail/feature_float_get__type_support.c.o[0m
[12.147s] [ 51%] [32mBuilding CXX object CMakeFiles/vimbax_camera_msgs__rosidl_typesupport_fastrtps_c.dir/rosidl_typesupport_fastrtps_c/vimbax_camera_msgs/srv/detail/feature_int_set__type_support_c.cpp.o[0m
[12.150s] [ 51%] [32mBuilding CXX object CMakeFiles/vimbax_camera_msgs__rosidl_typesupport_introspection_cpp.dir/rosidl_typesupport_introspection_cpp/vimbax_camera_msgs/srv/detail/feature_bool_get__type_support.cpp.o[0m
[12.154s] [ 52%] [32mBuilding CXX object CMakeFiles/vimbax_camera_msgs__rosidl_typesupport_fastrtps_c.dir/rosidl_typesupport_fastrtps_c/vimbax_camera_msgs/srv/detail/feature_int_info_get__type_support_c.cpp.o[0m
[12.193s] [ 52%] [32mBuilding CXX object CMakeFiles/vimbax_camera_msgs__rosidl_typesupport_fastrtps_cpp.dir/rosidl_typesupport_fastrtps_cpp/vimbax_camera_msgs/msg/detail/dds_fastrtps/error__type_support.cpp.o[0m
[12.210s] [ 52%] Built target vimbax_camera_msgs__rosidl_typesupport_cpp
[12.218s] [ 52%] [32mBuilding C object CMakeFiles/vimbax_camera_msgs__rosidl_typesupport_introspection_c.dir/rosidl_typesupport_introspection_c/vimbax_camera_msgs/srv/detail/feature_float_set__type_support.c.o[0m
[12.224s] [ 53%] [32mBuilding C object CMakeFiles/vimbax_camera_msgs__rosidl_typesupport_introspection_c.dir/rosidl_typesupport_introspection_c/vimbax_camera_msgs/srv/detail/feature_float_info_get__type_support.c.o[0m
[12.249s] [ 53%] [32mBuilding CXX object CMakeFiles/vimbax_camera_msgs__rosidl_typesupport_fastrtps_c.dir/rosidl_typesupport_fastrtps_c/vimbax_camera_msgs/srv/detail/feature_float_get__type_support_c.cpp.o[0m
[12.284s] [ 53%] [32mBuilding C object CMakeFiles/vimbax_camera_msgs__rosidl_typesupport_introspection_c.dir/rosidl_typesupport_introspection_c/vimbax_camera_msgs/srv/detail/feature_string_get__type_support.c.o[0m
[12.291s] [ 53%] [32mBuilding CXX object CMakeFiles/vimbax_camera_msgs__rosidl_typesupport_introspection_cpp.dir/rosidl_typesupport_introspection_cpp/vimbax_camera_msgs/srv/detail/feature_bool_set__type_support.cpp.o[0m
[12.321s] [ 53%] [32mBuilding CXX object CMakeFiles/vimbax_camera_msgs__rosidl_typesupport_fastrtps_c.dir/rosidl_typesupport_fastrtps_c/vimbax_camera_msgs/srv/detail/feature_float_set__type_support_c.cpp.o[0m
[12.329s] [ 53%] [32mBuilding CXX object CMakeFiles/vimbax_camera_msgs__rosidl_typesupport_fastrtps_cpp.dir/rosidl_typesupport_fastrtps_cpp/vimbax_camera_msgs/msg/detail/dds_fastrtps/feature_module__type_support.cpp.o[0m
[12.347s] [ 53%] [32mBuilding C object CMakeFiles/vimbax_camera_msgs__rosidl_typesupport_introspection_c.dir/rosidl_typesupport_introspection_c/vimbax_camera_msgs/srv/detail/feature_string_set__type_support.c.o[0m
[12.408s] [ 54%] [32mBuilding C object CMakeFiles/vimbax_camera_msgs__rosidl_typesupport_introspection_c.dir/rosidl_typesupport_introspection_c/vimbax_camera_msgs/srv/detail/feature_string_info_get__type_support.c.o[0m
[12.435s] [ 55%] [32mBuilding CXX object CMakeFiles/vimbax_camera_msgs__rosidl_typesupport_fastrtps_cpp.dir/rosidl_typesupport_fastrtps_cpp/vimbax_camera_msgs/msg/detail/dds_fastrtps/trigger_info__type_support.cpp.o[0m
[12.512s] [ 55%] [32mBuilding C object CMakeFiles/vimbax_camera_msgs__rosidl_typesupport_introspection_c.dir/rosidl_typesupport_introspection_c/vimbax_camera_msgs/srv/detail/feature_bool_get__type_support.c.o[0m
[12.618s] [ 55%] [32mBuilding C object CMakeFiles/vimbax_camera_msgs__rosidl_typesupport_introspection_c.dir/rosidl_typesupport_introspection_c/vimbax_camera_msgs/srv/detail/feature_bool_set__type_support.c.o[0m
[12.626s] [ 55%] [32mBuilding CXX object CMakeFiles/vimbax_camera_msgs__rosidl_typesupport_fastrtps_cpp.dir/rosidl_typesupport_fastrtps_cpp/vimbax_camera_msgs/srv/detail/dds_fastrtps/feature_int_get__type_support.cpp.o[0m
[12.652s] [ 56%] [32mBuilding CXX object CMakeFiles/vimbax_camera_msgs__rosidl_typesupport_introspection_cpp.dir/rosidl_typesupport_introspection_cpp/vimbax_camera_msgs/srv/detail/feature_command_is_done__type_support.cpp.o[0m
[12.688s] [ 57%] [32mBuilding C object CMakeFiles/vimbax_camera_msgs__rosidl_typesupport_introspection_c.dir/rosidl_typesupport_introspection_c/vimbax_camera_msgs/srv/detail/feature_command_is_done__type_support.c.o[0m
[12.726s] [ 57%] [32mBuilding C object CMakeFiles/vimbax_camera_msgs__rosidl_typesupport_introspection_c.dir/rosidl_typesupport_introspection_c/vimbax_camera_msgs/srv/detail/feature_command_run__type_support.c.o[0m
[12.804s] [ 58%] [32mBuilding CXX object CMakeFiles/vimbax_camera_msgs__rosidl_typesupport_fastrtps_c.dir/rosidl_typesupport_fastrtps_c/vimbax_camera_msgs/srv/detail/feature_float_info_get__type_support_c.cpp.o[0m
[12.850s] [ 58%] [32mBuilding C object CMakeFiles/vimbax_camera_msgs__rosidl_typesupport_introspection_c.dir/rosidl_typesupport_introspection_c/vimbax_camera_msgs/srv/detail/feature_enum_get__type_support.c.o[0m
[12.867s] [ 58%] [32mBuilding CXX object CMakeFiles/vimbax_camera_msgs__rosidl_typesupport_fastrtps_c.dir/rosidl_typesupport_fastrtps_c/vimbax_camera_msgs/srv/detail/feature_string_get__type_support_c.cpp.o[0m
[12.907s] [ 59%] [32mBuilding C object CMakeFiles/vimbax_camera_msgs__rosidl_typesupport_introspection_c.dir/rosidl_typesupport_introspection_c/vimbax_camera_msgs/srv/detail/feature_enum_set__type_support.c.o[0m
[12.940s] [ 59%] [32mBuilding CXX object CMakeFiles/vimbax_camera_msgs__rosidl_typesupport_fastrtps_c.dir/rosidl_typesupport_fastrtps_c/vimbax_camera_msgs/srv/detail/feature_string_set__type_support_c.cpp.o[0m
[12.989s] [ 59%] [32mBuilding CXX object CMakeFiles/vimbax_camera_msgs__rosidl_typesupport_fastrtps_cpp.dir/rosidl_typesupport_fastrtps_cpp/vimbax_camera_msgs/srv/detail/dds_fastrtps/feature_int_set__type_support.cpp.o[0m
[13.010s] [ 59%] [32mBuilding C object CMakeFiles/vimbax_camera_msgs__rosidl_typesupport_introspection_c.dir/rosidl_typesupport_introspection_c/vimbax_camera_msgs/srv/detail/feature_enum_info_get__type_support.c.o[0m
[13.014s] [ 60%] [32mBuilding CXX object CMakeFiles/vimbax_camera_msgs__rosidl_typesupport_fastrtps_c.dir/rosidl_typesupport_fastrtps_c/vimbax_camera_msgs/srv/detail/feature_string_info_get__type_support_c.cpp.o[0m
[13.080s] [ 60%] [32mBuilding C object CMakeFiles/vimbax_camera_msgs__rosidl_typesupport_introspection_c.dir/rosidl_typesupport_introspection_c/vimbax_camera_msgs/srv/detail/feature_enum_as_int_get__type_support.c.o[0m
[13.086s] [ 61%] [32mBuilding C object CMakeFiles/vimbax_camera_msgs__rosidl_typesupport_introspection_c.dir/rosidl_typesupport_introspection_c/vimbax_camera_msgs/srv/detail/feature_enum_as_string_get__type_support.c.o[0m
[13.100s] [ 61%] [32mBuilding CXX object CMakeFiles/vimbax_camera_msgs__rosidl_typesupport_introspection_cpp.dir/rosidl_typesupport_introspection_cpp/vimbax_camera_msgs/srv/detail/feature_command_run__type_support.cpp.o[0m
[13.113s] [ 61%] [32mBuilding CXX object CMakeFiles/vimbax_camera_msgs__rosidl_typesupport_introspection_cpp.dir/rosidl_typesupport_introspection_cpp/vimbax_camera_msgs/srv/detail/feature_enum_get__type_support.cpp.o[0m
[13.125s] [ 61%] [32mBuilding C object CMakeFiles/vimbax_camera_msgs__rosidl_typesupport_introspection_c.dir/rosidl_typesupport_introspection_c/vimbax_camera_msgs/srv/detail/feature_raw_get__type_support.c.o[0m
[13.146s] [ 61%] [32mBuilding CXX object CMakeFiles/vimbax_camera_msgs__rosidl_typesupport_fastrtps_c.dir/rosidl_typesupport_fastrtps_c/vimbax_camera_msgs/srv/detail/feature_bool_get__type_support_c.cpp.o[0m
[13.151s] [ 61%] [32mBuilding C object CMakeFiles/vimbax_camera_msgs__rosidl_typesupport_introspection_c.dir/rosidl_typesupport_introspection_c/vimbax_camera_msgs/srv/detail/feature_raw_set__type_support.c.o[0m
[13.154s] [ 61%] [32mBuilding CXX object CMakeFiles/vimbax_camera_msgs__rosidl_typesupport_introspection_cpp.dir/rosidl_typesupport_introspection_cpp/vimbax_camera_msgs/srv/detail/feature_enum_set__type_support.cpp.o[0m
[13.183s] [ 62%] [32mBuilding CXX object CMakeFiles/vimbax_camera_msgs__rosidl_typesupport_introspection_cpp.dir/rosidl_typesupport_introspection_cpp/vimbax_camera_msgs/srv/detail/feature_enum_info_get__type_support.cpp.o[0m
[13.192s] [ 62%] [32mBuilding CXX object CMakeFiles/vimbax_camera_msgs__rosidl_typesupport_introspection_cpp.dir/rosidl_typesupport_introspection_cpp/vimbax_camera_msgs/srv/detail/feature_enum_as_int_get__type_support.cpp.o[0m
[13.193s] [ 62%] [32mBuilding CXX object CMakeFiles/vimbax_camera_msgs__rosidl_typesupport_fastrtps_c.dir/rosidl_typesupport_fastrtps_c/vimbax_camera_msgs/srv/detail/feature_bool_set__type_support_c.cpp.o[0m
[13.263s] [ 63%] [32mBuilding C object CMakeFiles/vimbax_camera_msgs__rosidl_typesupport_introspection_c.dir/rosidl_typesupport_introspection_c/vimbax_camera_msgs/srv/detail/feature_raw_info_get__type_support.c.o[0m
[13.272s] [ 63%] [32mBuilding CXX object CMakeFiles/vimbax_camera_msgs__rosidl_typesupport_introspection_cpp.dir/rosidl_typesupport_introspection_cpp/vimbax_camera_msgs/srv/detail/feature_enum_as_string_get__type_support.cpp.o[0m
[13.387s] [ 63%] [32mBuilding C object CMakeFiles/vimbax_camera_msgs__rosidl_typesupport_introspection_c.dir/rosidl_typesupport_introspection_c/vimbax_camera_msgs/srv/detail/feature_access_mode_get__type_support.c.o[0m
[13.456s] [ 63%] [32mBuilding C object CMakeFiles/vimbax_camera_msgs__rosidl_typesupport_introspection_c.dir/rosidl_typesupport_introspection_c/vimbax_camera_msgs/srv/detail/feature_info_query__type_support.c.o[0m
[13.472s] [ 64%] [32mBuilding CXX object CMakeFiles/vimbax_camera_msgs__rosidl_typesupport_fastrtps_cpp.dir/rosidl_typesupport_fastrtps_cpp/vimbax_camera_msgs/srv/detail/dds_fastrtps/feature_int_info_get__type_support.cpp.o[0m
[13.567s] [ 64%] [32mBuilding C object CMakeFiles/vimbax_camera_msgs__rosidl_typesupport_introspection_c.dir/rosidl_typesupport_introspection_c/vimbax_camera_msgs/srv/detail/features_list_get__type_support.c.o[0m
[13.626s] [ 65%] [32mBuilding CXX object CMakeFiles/vimbax_camera_msgs__rosidl_typesupport_introspection_cpp.dir/rosidl_typesupport_introspection_cpp/vimbax_camera_msgs/srv/detail/feature_raw_get__type_support.cpp.o[0m
[13.627s] [ 66%] [32mBuilding CXX object CMakeFiles/vimbax_camera_msgs__rosidl_typesupport_fastrtps_c.dir/rosidl_typesupport_fastrtps_c/vimbax_camera_msgs/srv/detail/feature_command_is_done__type_support_c.cpp.o[0m
[13.659s] [ 66%] [32mBuilding CXX object CMakeFiles/vimbax_camera_msgs__rosidl_typesupport_introspection_cpp.dir/rosidl_typesupport_introspection_cpp/vimbax_camera_msgs/srv/detail/feature_raw_set__type_support.cpp.o[0m
[13.688s] [ 67%] [32mBuilding C object CMakeFiles/vimbax_camera_msgs__rosidl_typesupport_introspection_c.dir/rosidl_typesupport_introspection_c/vimbax_camera_msgs/srv/detail/settings_load_save__type_support.c.o[0m
[13.754s] [ 67%] [32mBuilding CXX object CMakeFiles/vimbax_camera_msgs__rosidl_typesupport_fastrtps_cpp.dir/rosidl_typesupport_fastrtps_cpp/vimbax_camera_msgs/srv/detail/dds_fastrtps/feature_float_get__type_support.cpp.o[0m
[13.755s] [ 67%] [32mBuilding C object CMakeFiles/vimbax_camera_msgs__rosidl_typesupport_introspection_c.dir/rosidl_typesupport_introspection_c/vimbax_camera_msgs/srv/detail/status__type_support.c.o[0m
[13.816s] [ 67%] [32mBuilding C object CMakeFiles/vimbax_camera_msgs__rosidl_typesupport_introspection_c.dir/rosidl_typesupport_introspection_c/vimbax_camera_msgs/srv/detail/stream_start_stop__type_support.c.o[0m
[13.819s] [ 67%] [32mBuilding CXX object CMakeFiles/vimbax_camera_msgs__rosidl_typesupport_fastrtps_c.dir/rosidl_typesupport_fastrtps_c/vimbax_camera_msgs/srv/detail/feature_command_run__type_support_c.cpp.o[0m
[13.871s] [ 67%] [32mBuilding CXX object CMakeFiles/vimbax_camera_msgs__rosidl_typesupport_fastrtps_c.dir/rosidl_typesupport_fastrtps_c/vimbax_camera_msgs/srv/detail/feature_enum_get__type_support_c.cpp.o[0m
[13.888s] [ 67%] [32mBuilding CXX object CMakeFiles/vimbax_camera_msgs__rosidl_typesupport_fastrtps_cpp.dir/rosidl_typesupport_fastrtps_cpp/vimbax_camera_msgs/srv/detail/dds_fastrtps/feature_float_set__type_support.cpp.o[0m
[13.921s] [ 68%] [32mBuilding C object CMakeFiles/vimbax_camera_msgs__rosidl_typesupport_introspection_c.dir/rosidl_typesupport_introspection_c/vimbax_camera_msgs/srv/detail/subscribe_event__type_support.c.o[0m
[13.926s] [ 68%] [32mBuilding CXX object CMakeFiles/vimbax_camera_msgs__rosidl_typesupport_introspection_cpp.dir/rosidl_typesupport_introspection_cpp/vimbax_camera_msgs/srv/detail/feature_raw_info_get__type_support.cpp.o[0m
[13.941s] [ 69%] [32mBuilding CXX object CMakeFiles/vimbax_camera_msgs__rosidl_typesupport_introspection_cpp.dir/rosidl_typesupport_introspection_cpp/vimbax_camera_msgs/srv/detail/feature_access_mode_get__type_support.cpp.o[0m
[13.983s] [ 70%] [32mBuilding CXX object CMakeFiles/vimbax_camera_msgs__rosidl_typesupport_fastrtps_cpp.dir/rosidl_typesupport_fastrtps_cpp/vimbax_camera_msgs/srv/detail/dds_fastrtps/feature_float_info_get__type_support.cpp.o[0m
[14.031s] [ 70%] [32mBuilding C object CMakeFiles/vimbax_camera_msgs__rosidl_typesupport_introspection_c.dir/rosidl_typesupport_introspection_c/vimbax_camera_msgs/srv/detail/unsubscribe_event__type_support.c.o[0m
[14.048s] [ 70%] [32mBuilding CXX object CMakeFiles/vimbax_camera_msgs__rosidl_typesupport_fastrtps_cpp.dir/rosidl_typesupport_fastrtps_cpp/vimbax_camera_msgs/srv/detail/dds_fastrtps/feature_string_get__type_support.cpp.o[0m
[14.067s] [ 70%] [32mBuilding CXX object CMakeFiles/vimbax_camera_msgs__rosidl_typesupport_introspection_cpp.dir/rosidl_typesupport_introspection_cpp/vimbax_camera_msgs/srv/detail/feature_info_query__type_support.cpp.o[0m
[14.083s] [ 71%] [32mBuilding CXX object CMakeFiles/vimbax_camera_msgs__rosidl_typesupport_fastrtps_c.dir/rosidl_typesupport_fastrtps_c/vimbax_camera_msgs/srv/detail/feature_enum_set__type_support_c.cpp.o[0m
[14.142s] [ 71%] [32mBuilding C object CMakeFiles/vimbax_camera_msgs__rosidl_typesupport_introspection_c.dir/rosidl_typesupport_introspection_c/vimbax_camera_msgs/srv/detail/connection_status__type_support.c.o[0m
[14.223s] [ 71%] [32mBuilding CXX object CMakeFiles/vimbax_camera_msgs__rosidl_typesupport_fastrtps_c.dir/rosidl_typesupport_fastrtps_c/vimbax_camera_msgs/srv/detail/feature_enum_info_get__type_support_c.cpp.o[0m
[14.253s] [ 72%] [32m[1mLinking C shared library libvimbax_camera_msgs__rosidl_typesupport_introspection_c.so[0m
[14.368s] [ 72%] Built target vimbax_camera_msgs__rosidl_typesupport_introspection_c
[14.376s] [ 72%] [32mBuilding CXX object CMakeFiles/vimbax_camera_msgs__rosidl_typesupport_fastrtps_c.dir/rosidl_typesupport_fastrtps_c/vimbax_camera_msgs/srv/detail/feature_enum_as_int_get__type_support_c.cpp.o[0m
[14.381s] [ 72%] [32mBuilding CXX object CMakeFiles/vimbax_camera_msgs__rosidl_typesupport_introspection_cpp.dir/rosidl_typesupport_introspection_cpp/vimbax_camera_msgs/srv/detail/features_list_get__type_support.cpp.o[0m
[14.386s] [ 73%] [32mBuilding CXX object CMakeFiles/vimbax_camera_msgs__rosidl_typesupport_introspection_cpp.dir/rosidl_typesupport_introspection_cpp/vimbax_camera_msgs/srv/detail/settings_load_save__type_support.cpp.o[0m
[14.455s] [ 73%] [32mBuilding CXX object CMakeFiles/vimbax_camera_msgs__rosidl_typesupport_fastrtps_cpp.dir/rosidl_typesupport_fastrtps_cpp/vimbax_camera_msgs/srv/detail/dds_fastrtps/feature_string_set__type_support.cpp.o[0m
[14.496s] [ 73%] [32mBuilding CXX object CMakeFiles/vimbax_camera_msgs__rosidl_typesupport_fastrtps_c.dir/rosidl_typesupport_fastrtps_c/vimbax_camera_msgs/srv/detail/feature_enum_as_string_get__type_support_c.cpp.o[0m
[14.511s] [ 74%] [32mBuilding CXX object CMakeFiles/vimbax_camera_msgs__rosidl_typesupport_fastrtps_cpp.dir/rosidl_typesupport_fastrtps_cpp/vimbax_camera_msgs/srv/detail/dds_fastrtps/feature_string_info_get__type_support.cpp.o[0m
[14.648s] [ 74%] [32mBuilding CXX object CMakeFiles/vimbax_camera_msgs__rosidl_typesupport_fastrtps_cpp.dir/rosidl_typesupport_fastrtps_cpp/vimbax_camera_msgs/srv/detail/dds_fastrtps/feature_bool_get__type_support.cpp.o[0m
[14.663s] [ 75%] [32mBuilding CXX object CMakeFiles/vimbax_camera_msgs__rosidl_typesupport_fastrtps_c.dir/rosidl_typesupport_fastrtps_c/vimbax_camera_msgs/srv/detail/feature_raw_get__type_support_c.cpp.o[0m
[14.760s] [ 75%] [32mBuilding CXX object CMakeFiles/vimbax_camera_msgs__rosidl_typesupport_fastrtps_cpp.dir/rosidl_typesupport_fastrtps_cpp/vimbax_camera_msgs/srv/detail/dds_fastrtps/feature_bool_set__type_support.cpp.o[0m
[14.792s] [ 75%] [32mBuilding CXX object CMakeFiles/vimbax_camera_msgs__rosidl_typesupport_introspection_cpp.dir/rosidl_typesupport_introspection_cpp/vimbax_camera_msgs/srv/detail/status__type_support.cpp.o[0m
[14.915s] [ 75%] [32mBuilding CXX object CMakeFiles/vimbax_camera_msgs__rosidl_typesupport_fastrtps_cpp.dir/rosidl_typesupport_fastrtps_cpp/vimbax_camera_msgs/srv/detail/dds_fastrtps/feature_command_is_done__type_support.cpp.o[0m
[14.979s] [ 76%] [32mBuilding CXX object CMakeFiles/vimbax_camera_msgs__rosidl_typesupport_fastrtps_cpp.dir/rosidl_typesupport_fastrtps_cpp/vimbax_camera_msgs/srv/detail/dds_fastrtps/feature_command_run__type_support.cpp.o[0m
[15.037s] [ 76%] [32mBuilding CXX object CMakeFiles/vimbax_camera_msgs__rosidl_typesupport_fastrtps_cpp.dir/rosidl_typesupport_fastrtps_cpp/vimbax_camera_msgs/srv/detail/dds_fastrtps/feature_enum_get__type_support.cpp.o[0m
[15.113s] [ 76%] [32mBuilding CXX object CMakeFiles/vimbax_camera_msgs__rosidl_typesupport_introspection_cpp.dir/rosidl_typesupport_introspection_cpp/vimbax_camera_msgs/srv/detail/stream_start_stop__type_support.cpp.o[0m
[15.142s] [ 77%] [32mBuilding CXX object CMakeFiles/vimbax_camera_msgs__rosidl_typesupport_introspection_cpp.dir/rosidl_typesupport_introspection_cpp/vimbax_camera_msgs/srv/detail/subscribe_event__type_support.cpp.o[0m
[15.149s] [ 77%] [32mBuilding CXX object CMakeFiles/vimbax_camera_msgs__rosidl_typesupport_introspection_cpp.dir/rosidl_typesupport_introspection_cpp/vimbax_camera_msgs/srv/detail/unsubscribe_event__type_support.cpp.o[0m
[15.195s] [ 77%] [32mBuilding CXX object CMakeFiles/vimbax_camera_msgs__rosidl_typesupport_fastrtps_cpp.dir/rosidl_typesupport_fastrtps_cpp/vimbax_camera_msgs/srv/detail/dds_fastrtps/feature_enum_set__type_support.cpp.o[0m
[15.288s] [ 77%] [32mBuilding CXX object CMakeFiles/vimbax_camera_msgs__rosidl_typesupport_fastrtps_c.dir/rosidl_typesupport_fastrtps_c/vimbax_camera_msgs/srv/detail/feature_raw_set__type_support_c.cpp.o[0m
[15.343s] [ 77%] [32mBuilding CXX object CMakeFiles/vimbax_camera_msgs__rosidl_typesupport_fastrtps_c.dir/rosidl_typesupport_fastrtps_c/vimbax_camera_msgs/srv/detail/feature_raw_info_get__type_support_c.cpp.o[0m
[15.345s] [ 77%] [32mBuilding CXX object CMakeFiles/vimbax_camera_msgs__rosidl_typesupport_introspection_cpp.dir/rosidl_typesupport_introspection_cpp/vimbax_camera_msgs/srv/detail/connection_status__type_support.cpp.o[0m
[15.399s] [ 78%] [32mBuilding CXX object CMakeFiles/vimbax_camera_msgs__rosidl_typesupport_fastrtps_c.dir/rosidl_typesupport_fastrtps_c/vimbax_camera_msgs/srv/detail/feature_access_mode_get__type_support_c.cpp.o[0m
[15.450s] [ 78%] [32mBuilding CXX object CMakeFiles/vimbax_camera_msgs__rosidl_typesupport_fastrtps_c.dir/rosidl_typesupport_fastrtps_c/vimbax_camera_msgs/srv/detail/feature_info_query__type_support_c.cpp.o[0m
[15.491s] [ 79%] [32mBuilding CXX object CMakeFiles/vimbax_camera_msgs__rosidl_typesupport_fastrtps_cpp.dir/rosidl_typesupport_fastrtps_cpp/vimbax_camera_msgs/srv/detail/dds_fastrtps/feature_enum_info_get__type_support.cpp.o[0m
[15.571s] [ 79%] [32mBuilding CXX object CMakeFiles/vimbax_camera_msgs__rosidl_typesupport_fastrtps_c.dir/rosidl_typesupport_fastrtps_c/vimbax_camera_msgs/srv/detail/features_list_get__type_support_c.cpp.o[0m
[15.572s] [ 79%] [32mBuilding CXX object CMakeFiles/vimbax_camera_msgs__rosidl_typesupport_fastrtps_cpp.dir/rosidl_typesupport_fastrtps_cpp/vimbax_camera_msgs/srv/detail/dds_fastrtps/feature_enum_as_int_get__type_support.cpp.o[0m
[15.676s] [ 80%] [32mBuilding CXX object CMakeFiles/vimbax_camera_msgs__rosidl_typesupport_fastrtps_c.dir/rosidl_typesupport_fastrtps_c/vimbax_camera_msgs/srv/detail/settings_load_save__type_support_c.cpp.o[0m
[15.740s] [ 80%] [32mBuilding CXX object CMakeFiles/vimbax_camera_msgs__rosidl_typesupport_fastrtps_c.dir/rosidl_typesupport_fastrtps_c/vimbax_camera_msgs/srv/detail/status__type_support_c.cpp.o[0m
[15.861s] [ 80%] [32mBuilding CXX object CMakeFiles/vimbax_camera_msgs__rosidl_typesupport_fastrtps_c.dir/rosidl_typesupport_fastrtps_c/vimbax_camera_msgs/srv/detail/stream_start_stop__type_support_c.cpp.o[0m
[15.891s] [ 80%] [32mBuilding CXX object CMakeFiles/vimbax_camera_msgs__rosidl_typesupport_fastrtps_cpp.dir/rosidl_typesupport_fastrtps_cpp/vimbax_camera_msgs/srv/detail/dds_fastrtps/feature_enum_as_string_get__type_support.cpp.o[0m
[15.901s] [ 81%] [32mBuilding CXX object CMakeFiles/vimbax_camera_msgs__rosidl_typesupport_fastrtps_c.dir/rosidl_typesupport_fastrtps_c/vimbax_camera_msgs/srv/detail/subscribe_event__type_support_c.cpp.o[0m
[16.005s] [ 82%] [32mBuilding CXX object CMakeFiles/vimbax_camera_msgs__rosidl_typesupport_fastrtps_cpp.dir/rosidl_typesupport_fastrtps_cpp/vimbax_camera_msgs/srv/detail/dds_fastrtps/feature_raw_get__type_support.cpp.o[0m
[16.040s] [ 82%] [32mBuilding CXX object CMakeFiles/vimbax_camera_msgs__rosidl_typesupport_fastrtps_cpp.dir/rosidl_typesupport_fastrtps_cpp/vimbax_camera_msgs/srv/detail/dds_fastrtps/feature_raw_set__type_support.cpp.o[0m
[16.042s] [ 82%] [32mBuilding CXX object CMakeFiles/vimbax_camera_msgs__rosidl_typesupport_fastrtps_c.dir/rosidl_typesupport_fastrtps_c/vimbax_camera_msgs/srv/detail/unsubscribe_event__type_support_c.cpp.o[0m
[16.049s] [ 82%] [32mBuilding CXX object CMakeFiles/vimbax_camera_msgs__rosidl_typesupport_fastrtps_cpp.dir/rosidl_typesupport_fastrtps_cpp/vimbax_camera_msgs/srv/detail/dds_fastrtps/feature_raw_info_get__type_support.cpp.o[0m
[16.053s] [ 82%] [32mBuilding CXX object CMakeFiles/vimbax_camera_msgs__rosidl_typesupport_fastrtps_c.dir/rosidl_typesupport_fastrtps_c/vimbax_camera_msgs/srv/detail/connection_status__type_support_c.cpp.o[0m
[16.152s] [ 83%] [32mBuilding CXX object CMakeFiles/vimbax_camera_msgs__rosidl_typesupport_fastrtps_cpp.dir/rosidl_typesupport_fastrtps_cpp/vimbax_camera_msgs/srv/detail/dds_fastrtps/feature_access_mode_get__type_support.cpp.o[0m
[16.178s] [ 84%] [32m[1mLinking CXX shared library libvimbax_camera_msgs__rosidl_typesupport_introspection_cpp.so[0m
[16.213s] [ 84%] [32mBuilding CXX object CMakeFiles/vimbax_camera_msgs__rosidl_typesupport_fastrtps_cpp.dir/rosidl_typesupport_fastrtps_cpp/vimbax_camera_msgs/srv/detail/dds_fastrtps/feature_info_query__type_support.cpp.o[0m
[16.230s] [ 84%] [32mBuilding CXX object CMakeFiles/vimbax_camera_msgs__rosidl_typesupport_fastrtps_cpp.dir/rosidl_typesupport_fastrtps_cpp/vimbax_camera_msgs/srv/detail/dds_fastrtps/features_list_get__type_support.cpp.o[0m
[16.276s] [ 85%] [32mBuilding CXX object CMakeFiles/vimbax_camera_msgs__rosidl_typesupport_fastrtps_cpp.dir/rosidl_typesupport_fastrtps_cpp/vimbax_camera_msgs/srv/detail/dds_fastrtps/settings_load_save__type_support.cpp.o[0m
[16.420s] [ 85%] [32mBuilding CXX object CMakeFiles/vimbax_camera_msgs__rosidl_typesupport_fastrtps_cpp.dir/rosidl_typesupport_fastrtps_cpp/vimbax_camera_msgs/srv/detail/dds_fastrtps/status__type_support.cpp.o[0m
[16.421s] [ 85%] Built target vimbax_camera_msgs__rosidl_typesupport_introspection_cpp
[16.431s] [ 85%] [32mBuilding CXX object CMakeFiles/vimbax_camera_msgs__rosidl_typesupport_fastrtps_cpp.dir/rosidl_typesupport_fastrtps_cpp/vimbax_camera_msgs/srv/detail/dds_fastrtps/stream_start_stop__type_support.cpp.o[0m
[16.525s] [ 85%] [32mBuilding CXX object CMakeFiles/vimbax_camera_msgs__rosidl_typesupport_fastrtps_cpp.dir/rosidl_typesupport_fastrtps_cpp/vimbax_camera_msgs/srv/detail/dds_fastrtps/subscribe_event__type_support.cpp.o[0m
[16.528s] [ 86%] [32mBuilding CXX object CMakeFiles/vimbax_camera_msgs__rosidl_typesupport_fastrtps_cpp.dir/rosidl_typesupport_fastrtps_cpp/vimbax_camera_msgs/srv/detail/dds_fastrtps/unsubscribe_event__type_support.cpp.o[0m
[16.559s] [ 86%] [32mBuilding CXX object CMakeFiles/vimbax_camera_msgs__rosidl_typesupport_fastrtps_cpp.dir/rosidl_typesupport_fastrtps_cpp/vimbax_camera_msgs/srv/detail/dds_fastrtps/connection_status__type_support.cpp.o[0m
[16.784s] [ 87%] [32m[1mLinking CXX shared library libvimbax_camera_msgs__rosidl_typesupport_fastrtps_c.so[0m
[16.939s] [ 87%] Built target vimbax_camera_msgs__rosidl_typesupport_fastrtps_c
[17.240s] [ 87%] [32m[1mLinking CXX shared library libvimbax_camera_msgs__rosidl_typesupport_fastrtps_cpp.so[0m
[17.346s] [ 87%] Built target vimbax_camera_msgs__rosidl_typesupport_fastrtps_cpp
[17.357s] [ 87%] Built target vimbax_camera_msgs
[17.370s] [ 87%] [34m[1mGenerating Python code for ROS interfaces[0m
[22.438s] [ 87%] Built target vimbax_camera_msgs__py
[22.451s] [ 88%] [32mBuilding C object CMakeFiles/vimbax_camera_msgs__rosidl_generator_py.dir/rosidl_generator_py/vimbax_camera_msgs/msg/_feature_flags_s.c.o[0m
[22.451s] [ 88%] [32mBuilding C object CMakeFiles/vimbax_camera_msgs__rosidl_generator_py.dir/rosidl_generator_py/vimbax_camera_msgs/msg/_event_data_entry_s.c.o[0m
[22.452s] [ 88%] [32mBuilding C object CMakeFiles/vimbax_camera_msgs__rosidl_generator_py.dir/rosidl_generator_py/vimbax_camera_msgs/msg/_feature_info_s.c.o[0m
[22.452s] [ 89%] [32mBuilding C object CMakeFiles/vimbax_camera_msgs__rosidl_generator_py.dir/rosidl_generator_py/vimbax_camera_msgs/msg/_event_data_s.c.o[0m
[22.452s] [ 89%] [32mBuilding C object CMakeFiles/vimbax_camera_msgs__rosidl_generator_py.dir/rosidl_generator_py/vimbax_camera_msgs/msg/_feature_module_s.c.o[0m
[22.453s] [ 89%] [32mBuilding C object CMakeFiles/vimbax_camera_msgs__rosidl_generator_py.dir/rosidl_generator_py/vimbax_camera_msgs/msg/_error_s.c.o[0m
[22.455s] [ 89%] [32mBuilding C object CMakeFiles/vimbax_camera_msgs__rosidl_generator_py.dir/rosidl_generator_py/vimbax_camera_msgs/srv/_feature_int_set_s.c.o[0m
[22.455s] [ 89%] [32mBuilding C object CMakeFiles/vimbax_camera_msgs__rosidl_generator_py.dir/rosidl_generator_py/vimbax_camera_msgs/srv/_feature_int_get_s.c.o[0m
[22.455s] [ 90%] [32mBuilding C object CMakeFiles/vimbax_camera_msgs__rosidl_generator_py.dir/rosidl_generator_py/vimbax_camera_msgs/msg/_trigger_info_s.c.o[0m
[22.455s] [ 90%] [32mBuilding C object CMakeFiles/vimbax_camera_msgs__rosidl_generator_py.dir/rosidl_generator_py/vimbax_camera_msgs/srv/_feature_int_info_get_s.c.o[0m
[22.459s] [ 91%] [32mBuilding C object CMakeFiles/vimbax_camera_msgs__rosidl_generator_py.dir/rosidl_generator_py/vimbax_camera_msgs/srv/_feature_float_get_s.c.o[0m
[22.459s] [ 91%] [32mBuilding C object CMakeFiles/vimbax_camera_msgs__rosidl_generator_py.dir/rosidl_generator_py/vimbax_camera_msgs/srv/_feature_float_set_s.c.o[0m
[22.463s] [ 92%] [32mBuilding C object CMakeFiles/vimbax_camera_msgs__rosidl_generator_py.dir/rosidl_generator_py/vimbax_camera_msgs/srv/_feature_string_get_s.c.o[0m
[22.464s] [ 92%] [32mBuilding C object CMakeFiles/vimbax_camera_msgs__rosidl_generator_py.dir/rosidl_generator_py/vimbax_camera_msgs/srv/_feature_string_set_s.c.o[0m
[22.465s] [ 92%] [32mBuilding C object CMakeFiles/vimbax_camera_msgs__rosidl_generator_py.dir/rosidl_generator_py/vimbax_camera_msgs/srv/_feature_float_info_get_s.c.o[0m
[22.480s] [ 92%] [32mBuilding C object CMakeFiles/vimbax_camera_msgs__rosidl_generator_py.dir/rosidl_generator_py/vimbax_camera_msgs/srv/_feature_string_info_get_s.c.o[0m
[22.613s] [ 93%] [32mBuilding C object CMakeFiles/vimbax_camera_msgs__rosidl_generator_py.dir/rosidl_generator_py/vimbax_camera_msgs/srv/_feature_bool_get_s.c.o[0m
[22.620s] [ 93%] [32mBuilding C object CMakeFiles/vimbax_camera_msgs__rosidl_generator_py.dir/rosidl_generator_py/vimbax_camera_msgs/srv/_feature_bool_set_s.c.o[0m
[22.626s] [ 93%] [32mBuilding C object CMakeFiles/vimbax_camera_msgs__rosidl_generator_py.dir/rosidl_generator_py/vimbax_camera_msgs/srv/_feature_command_is_done_s.c.o[0m
[22.633s] [ 93%] [32mBuilding C object CMakeFiles/vimbax_camera_msgs__rosidl_generator_py.dir/rosidl_generator_py/vimbax_camera_msgs/srv/_feature_enum_get_s.c.o[0m
[22.633s] [ 94%] [32mBuilding C object CMakeFiles/vimbax_camera_msgs__rosidl_generator_py.dir/rosidl_generator_py/vimbax_camera_msgs/srv/_feature_command_run_s.c.o[0m
[22.636s] [ 94%] [32mBuilding C object CMakeFiles/vimbax_camera_msgs__rosidl_generator_py.dir/rosidl_generator_py/vimbax_camera_msgs/srv/_feature_enum_set_s.c.o[0m
[22.659s] [ 95%] [32mBuilding C object CMakeFiles/vimbax_camera_msgs__rosidl_generator_py.dir/rosidl_generator_py/vimbax_camera_msgs/srv/_feature_enum_info_get_s.c.o[0m
[22.660s] [ 95%] [32mBuilding C object CMakeFiles/vimbax_camera_msgs__rosidl_generator_py.dir/rosidl_generator_py/vimbax_camera_msgs/srv/_feature_enum_as_int_get_s.c.o[0m
[22.661s] [ 95%] [32mBuilding C object CMakeFiles/vimbax_camera_msgs__rosidl_generator_py.dir/rosidl_generator_py/vimbax_camera_msgs/srv/_feature_enum_as_string_get_s.c.o[0m
[22.682s] [ 96%] [32mBuilding C object CMakeFiles/vimbax_camera_msgs__rosidl_generator_py.dir/rosidl_generator_py/vimbax_camera_msgs/srv/_feature_raw_set_s.c.o[0m
[22.682s] [ 96%] [32mBuilding C object CMakeFiles/vimbax_camera_msgs__rosidl_generator_py.dir/rosidl_generator_py/vimbax_camera_msgs/srv/_feature_raw_get_s.c.o[0m
[22.688s] [ 96%] [32mBuilding C object CMakeFiles/vimbax_camera_msgs__rosidl_generator_py.dir/rosidl_generator_py/vimbax_camera_msgs/srv/_feature_raw_info_get_s.c.o[0m
[22.699s] [ 96%] [32mBuilding C object CMakeFiles/vimbax_camera_msgs__rosidl_generator_py.dir/rosidl_generator_py/vimbax_camera_msgs/srv/_feature_access_mode_get_s.c.o[0m
[22.713s] [ 97%] [32mBuilding C object CMakeFiles/vimbax_camera_msgs__rosidl_generator_py.dir/rosidl_generator_py/vimbax_camera_msgs/srv/_feature_info_query_s.c.o[0m
[22.721s] [ 97%] [32mBuilding C object CMakeFiles/vimbax_camera_msgs__rosidl_generator_py.dir/rosidl_generator_py/vimbax_camera_msgs/srv/_features_list_get_s.c.o[0m
[22.726s] [ 97%] [32mBuilding C object CMakeFiles/vimbax_camera_msgs__rosidl_generator_py.dir/rosidl_generator_py/vimbax_camera_msgs/srv/_settings_load_save_s.c.o[0m
[22.804s] [ 98%] [32mBuilding C object CMakeFiles/vimbax_camera_msgs__rosidl_generator_py.dir/rosidl_generator_py/vimbax_camera_msgs/srv/_status_s.c.o[0m
[22.807s] [ 98%] [32mBuilding C object CMakeFiles/vimbax_camera_msgs__rosidl_generator_py.dir/rosidl_generator_py/vimbax_camera_msgs/srv/_stream_start_stop_s.c.o[0m
[22.819s] [ 98%] [32mBuilding C object CMakeFiles/vimbax_camera_msgs__rosidl_generator_py.dir/rosidl_generator_py/vimbax_camera_msgs/srv/_subscribe_event_s.c.o[0m
[22.830s] [ 99%] [32mBuilding C object CMakeFiles/vimbax_camera_msgs__rosidl_generator_py.dir/rosidl_generator_py/vimbax_camera_msgs/srv/_unsubscribe_event_s.c.o[0m
[22.848s] [ 99%] [32mBuilding C object CMakeFiles/vimbax_camera_msgs__rosidl_generator_py.dir/rosidl_generator_py/vimbax_camera_msgs/srv/_connection_status_s.c.o[0m
[23.008s] [ 99%] [32m[1mLinking C shared library rosidl_generator_py/vimbax_camera_msgs/libvimbax_camera_msgs__rosidl_generator_py.so[0m
[23.050s] [ 99%] Built target vimbax_camera_msgs__rosidl_generator_py
[23.060s] [ 99%] [32mBuilding C object CMakeFiles/vimbax_camera_msgs__rosidl_typesupport_introspection_c__pyext.dir/rosidl_generator_py/vimbax_camera_msgs/_vimbax_camera_msgs_s.ep.rosidl_typesupport_introspection_c.c.o[0m
[23.060s] [ 99%] [32mBuilding C object CMakeFiles/vimbax_camera_msgs__rosidl_typesupport_fastrtps_c__pyext.dir/rosidl_generator_py/vimbax_camera_msgs/_vimbax_camera_msgs_s.ep.rosidl_typesupport_fastrtps_c.c.o[0m
[23.060s] [100%] [32mBuilding C object CMakeFiles/vimbax_camera_msgs__rosidl_typesupport_c__pyext.dir/rosidl_generator_py/vimbax_camera_msgs/_vimbax_camera_msgs_s.ep.rosidl_typesupport_c.c.o[0m
[23.417s] [100%] [32m[1mLinking C shared library rosidl_generator_py/vimbax_camera_msgs/vimbax_camera_msgs_s__rosidl_typesupport_introspection_c.cpython-310-x86_64-linux-gnu.so[0m
[23.417s] [100%] [32m[1mLinking C shared library rosidl_generator_py/vimbax_camera_msgs/vimbax_camera_msgs_s__rosidl_typesupport_c.cpython-310-x86_64-linux-gnu.so[0m
[23.425s] [100%] [32m[1mLinking C shared library rosidl_generator_py/vimbax_camera_msgs/vimbax_camera_msgs_s__rosidl_typesupport_fastrtps_c.cpython-310-x86_64-linux-gnu.so[0m
[23.445s] [100%] Built target vimbax_camera_msgs__rosidl_typesupport_introspection_c__pyext
[23.445s] [100%] Built target vimbax_camera_msgs__rosidl_typesupport_c__pyext
[23.453s] [100%] Built target vimbax_camera_msgs__rosidl_typesupport_fastrtps_c__pyext
[23.462s] Invoked command in '/home/root1/lzx_ws/project/lidar_camera_ros_ws/build/vimbax_camera_msgs' returned '0': CMAKE_PREFIX_PATH=${CMAKE_PREFIX_PATH}:/home/root1/lzx_ws/project/lidar_camera_ros_ws/install/vimbax_camera_color_correction /usr/bin/cmake --build /home/root1/lzx_ws/project/lidar_camera_ros_ws/build/vimbax_camera_msgs -- -j16 -l16
[23.464s] Invoking command in '/home/root1/lzx_ws/project/lidar_camera_ros_ws/build/vimbax_camera_msgs': CMAKE_PREFIX_PATH=${CMAKE_PREFIX_PATH}:/home/root1/lzx_ws/project/lidar_camera_ros_ws/install/vimbax_camera_color_correction /usr/bin/cmake --install /home/root1/lzx_ws/project/lidar_camera_ros_ws/build/vimbax_camera_msgs
[23.468s] -- Install configuration: ""
[23.468s] -- Installing: /home/root1/lzx_ws/project/lidar_camera_ros_ws/install/vimbax_camera_msgs/share/ament_index/resource_index/rosidl_interfaces/vimbax_camera_msgs
[23.468s] -- Installing: /home/root1/lzx_ws/project/lidar_camera_ros_ws/install/vimbax_camera_msgs/include/vimbax_camera_msgs/vimbax_camera_msgs
[23.468s] -- Installing: /home/root1/lzx_ws/project/lidar_camera_ros_ws/install/vimbax_camera_msgs/include/vimbax_camera_msgs/vimbax_camera_msgs/srv
[23.468s] -- Installing: /home/root1/lzx_ws/project/lidar_camera_ros_ws/install/vimbax_camera_msgs/include/vimbax_camera_msgs/vimbax_camera_msgs/srv/connection_status.h
[23.468s] -- Installing: /home/root1/lzx_ws/project/lidar_camera_ros_ws/install/vimbax_camera_msgs/include/vimbax_camera_msgs/vimbax_camera_msgs/srv/feature_raw_info_get.h
[23.469s] -- Installing: /home/root1/lzx_ws/project/lidar_camera_ros_ws/install/vimbax_camera_msgs/include/vimbax_camera_msgs/vimbax_camera_msgs/srv/feature_command_is_done.h
[23.469s] -- Installing: /home/root1/lzx_ws/project/lidar_camera_ros_ws/install/vimbax_camera_msgs/include/vimbax_camera_msgs/vimbax_camera_msgs/srv/status.h
[23.469s] -- Installing: /home/root1/lzx_ws/project/lidar_camera_ros_ws/install/vimbax_camera_msgs/include/vimbax_camera_msgs/vimbax_camera_msgs/srv/feature_float_get.h
[23.469s] -- Installing: /home/root1/lzx_ws/project/lidar_camera_ros_ws/install/vimbax_camera_msgs/include/vimbax_camera_msgs/vimbax_camera_msgs/srv/feature_enum_info_get.h
[23.469s] -- Installing: /home/root1/lzx_ws/project/lidar_camera_ros_ws/install/vimbax_camera_msgs/include/vimbax_camera_msgs/vimbax_camera_msgs/srv/feature_string_get.h
[23.469s] -- Installing: /home/root1/lzx_ws/project/lidar_camera_ros_ws/install/vimbax_camera_msgs/include/vimbax_camera_msgs/vimbax_camera_msgs/srv/stream_start_stop.h
[23.469s] -- Installing: /home/root1/lzx_ws/project/lidar_camera_ros_ws/install/vimbax_camera_msgs/include/vimbax_camera_msgs/vimbax_camera_msgs/srv/subscribe_event.h
[23.469s] -- Installing: /home/root1/lzx_ws/project/lidar_camera_ros_ws/install/vimbax_camera_msgs/include/vimbax_camera_msgs/vimbax_camera_msgs/srv/feature_enum_as_string_get.h
[23.469s] -- Installing: /home/root1/lzx_ws/project/lidar_camera_ros_ws/install/vimbax_camera_msgs/include/vimbax_camera_msgs/vimbax_camera_msgs/srv/unsubscribe_event.h
[23.469s] -- Installing: /home/root1/lzx_ws/project/lidar_camera_ros_ws/install/vimbax_camera_msgs/include/vimbax_camera_msgs/vimbax_camera_msgs/srv/feature_bool_set.h
[23.470s] -- Installing: /home/root1/lzx_ws/project/lidar_camera_ros_ws/install/vimbax_camera_msgs/include/vimbax_camera_msgs/vimbax_camera_msgs/srv/feature_int_get.h
[23.470s] -- Installing: /home/root1/lzx_ws/project/lidar_camera_ros_ws/install/vimbax_camera_msgs/include/vimbax_camera_msgs/vimbax_camera_msgs/srv/feature_int_set.h
[23.470s] -- Installing: /home/root1/lzx_ws/project/lidar_camera_ros_ws/install/vimbax_camera_msgs/include/vimbax_camera_msgs/vimbax_camera_msgs/srv/feature_float_info_get.h
[23.470s] -- Installing: /home/root1/lzx_ws/project/lidar_camera_ros_ws/install/vimbax_camera_msgs/include/vimbax_camera_msgs/vimbax_camera_msgs/srv/feature_enum_get.h
[23.470s] -- Installing: /home/root1/lzx_ws/project/lidar_camera_ros_ws/install/vimbax_camera_msgs/include/vimbax_camera_msgs/vimbax_camera_msgs/srv/feature_enum_set.h
[23.470s] -- Installing: /home/root1/lzx_ws/project/lidar_camera_ros_ws/install/vimbax_camera_msgs/include/vimbax_camera_msgs/vimbax_camera_msgs/srv/feature_enum_as_int_get.h
[23.470s] -- Installing: /home/root1/lzx_ws/project/lidar_camera_ros_ws/install/vimbax_camera_msgs/include/vimbax_camera_msgs/vimbax_camera_msgs/srv/feature_int_info_get.h
[23.470s] -- Installing: /home/root1/lzx_ws/project/lidar_camera_ros_ws/install/vimbax_camera_msgs/include/vimbax_camera_msgs/vimbax_camera_msgs/srv/settings_load_save.h
[23.471s] -- Installing: /home/root1/lzx_ws/project/lidar_camera_ros_ws/install/vimbax_camera_msgs/include/vimbax_camera_msgs/vimbax_camera_msgs/srv/feature_float_set.h
[23.471s] -- Installing: /home/root1/lzx_ws/project/lidar_camera_ros_ws/install/vimbax_camera_msgs/include/vimbax_camera_msgs/vimbax_camera_msgs/srv/feature_raw_get.h
[23.471s] -- Installing: /home/root1/lzx_ws/project/lidar_camera_ros_ws/install/vimbax_camera_msgs/include/vimbax_camera_msgs/vimbax_camera_msgs/srv/feature_raw_set.h
[23.471s] -- Installing: /home/root1/lzx_ws/project/lidar_camera_ros_ws/install/vimbax_camera_msgs/include/vimbax_camera_msgs/vimbax_camera_msgs/srv/detail
[23.471s] -- Installing: /home/root1/lzx_ws/project/lidar_camera_ros_ws/install/vimbax_camera_msgs/include/vimbax_camera_msgs/vimbax_camera_msgs/srv/detail/features_list_get__functions.c
[23.471s] -- Installing: /home/root1/lzx_ws/project/lidar_camera_ros_ws/install/vimbax_camera_msgs/include/vimbax_camera_msgs/vimbax_camera_msgs/srv/detail/feature_bool_set__type_support.h
[23.471s] -- Installing: /home/root1/lzx_ws/project/lidar_camera_ros_ws/install/vimbax_camera_msgs/include/vimbax_camera_msgs/vimbax_camera_msgs/srv/detail/connection_status__functions.c
[23.471s] -- Installing: /home/root1/lzx_ws/project/lidar_camera_ros_ws/install/vimbax_camera_msgs/include/vimbax_camera_msgs/vimbax_camera_msgs/srv/detail/feature_raw_get__type_support.h
[23.471s] -- Installing: /home/root1/lzx_ws/project/lidar_camera_ros_ws/install/vimbax_camera_msgs/include/vimbax_camera_msgs/vimbax_camera_msgs/srv/detail/settings_load_save__functions.h
[23.472s] -- Installing: /home/root1/lzx_ws/project/lidar_camera_ros_ws/install/vimbax_camera_msgs/include/vimbax_camera_msgs/vimbax_camera_msgs/srv/detail/feature_string_set__struct.h
[23.472s] -- Installing: /home/root1/lzx_ws/project/lidar_camera_ros_ws/install/vimbax_camera_msgs/include/vimbax_camera_msgs/vimbax_camera_msgs/srv/detail/feature_access_mode_get__functions.h
[23.472s] -- Installing: /home/root1/lzx_ws/project/lidar_camera_ros_ws/install/vimbax_camera_msgs/include/vimbax_camera_msgs/vimbax_camera_msgs/srv/detail/feature_enum_as_int_get__functions.h
[23.472s] -- Installing: /home/root1/lzx_ws/project/lidar_camera_ros_ws/install/vimbax_camera_msgs/include/vimbax_camera_msgs/vimbax_camera_msgs/srv/detail/feature_enum_set__type_support.h
[23.472s] -- Installing: /home/root1/lzx_ws/project/lidar_camera_ros_ws/install/vimbax_camera_msgs/include/vimbax_camera_msgs/vimbax_camera_msgs/srv/detail/feature_enum_as_string_get__type_support.h
[23.472s] -- Installing: /home/root1/lzx_ws/project/lidar_camera_ros_ws/install/vimbax_camera_msgs/include/vimbax_camera_msgs/vimbax_camera_msgs/srv/detail/feature_enum_info_get__struct.h
[23.472s] -- Installing: /home/root1/lzx_ws/project/lidar_camera_ros_ws/install/vimbax_camera_msgs/include/vimbax_camera_msgs/vimbax_camera_msgs/srv/detail/feature_enum_as_int_get__functions.c
[23.472s] -- Installing: /home/root1/lzx_ws/project/lidar_camera_ros_ws/install/vimbax_camera_msgs/include/vimbax_camera_msgs/vimbax_camera_msgs/srv/detail/feature_string_set__functions.c
[23.473s] -- Installing: /home/root1/lzx_ws/project/lidar_camera_ros_ws/install/vimbax_camera_msgs/include/vimbax_camera_msgs/vimbax_camera_msgs/srv/detail/feature_command_is_done__struct.h
[23.473s] -- Installing: /home/root1/lzx_ws/project/lidar_camera_ros_ws/install/vimbax_camera_msgs/include/vimbax_camera_msgs/vimbax_camera_msgs/srv/detail/feature_float_set__functions.c
[23.473s] -- Installing: /home/root1/lzx_ws/project/lidar_camera_ros_ws/install/vimbax_camera_msgs/include/vimbax_camera_msgs/vimbax_camera_msgs/srv/detail/feature_raw_info_get__functions.c
[23.473s] -- Installing: /home/root1/lzx_ws/project/lidar_camera_ros_ws/install/vimbax_camera_msgs/include/vimbax_camera_msgs/vimbax_camera_msgs/srv/detail/feature_enum_info_get__functions.h
[23.473s] -- Installing: /home/root1/lzx_ws/project/lidar_camera_ros_ws/install/vimbax_camera_msgs/include/vimbax_camera_msgs/vimbax_camera_msgs/srv/detail/feature_raw_set__struct.h
[23.473s] -- Installing: /home/root1/lzx_ws/project/lidar_camera_ros_ws/install/vimbax_camera_msgs/include/vimbax_camera_msgs/vimbax_camera_msgs/srv/detail/feature_bool_get__functions.c
[23.473s] -- Installing: /home/root1/lzx_ws/project/lidar_camera_ros_ws/install/vimbax_camera_msgs/include/vimbax_camera_msgs/vimbax_camera_msgs/srv/detail/feature_string_get__type_support.h
[23.473s] -- Installing: /home/root1/lzx_ws/project/lidar_camera_ros_ws/install/vimbax_camera_msgs/include/vimbax_camera_msgs/vimbax_camera_msgs/srv/detail/feature_enum_as_int_get__type_support.h
[23.473s] -- Installing: /home/root1/lzx_ws/project/lidar_camera_ros_ws/install/vimbax_camera_msgs/include/vimbax_camera_msgs/vimbax_camera_msgs/srv/detail/feature_raw_info_get__struct.h
[23.474s] -- Installing: /home/root1/lzx_ws/project/lidar_camera_ros_ws/install/vimbax_camera_msgs/include/vimbax_camera_msgs/vimbax_camera_msgs/srv/detail/feature_info_query__type_support.h
[23.474s] -- Installing: /home/root1/lzx_ws/project/lidar_camera_ros_ws/install/vimbax_camera_msgs/include/vimbax_camera_msgs/vimbax_camera_msgs/srv/detail/feature_string_set__functions.h
[23.474s] -- Installing: /home/root1/lzx_ws/project/lidar_camera_ros_ws/install/vimbax_camera_msgs/include/vimbax_camera_msgs/vimbax_camera_msgs/srv/detail/feature_float_info_get__functions.h
[23.474s] -- Installing: /home/root1/lzx_ws/project/lidar_camera_ros_ws/install/vimbax_camera_msgs/include/vimbax_camera_msgs/vimbax_camera_msgs/srv/detail/feature_int_info_get__struct.h
[23.474s] -- Installing: /home/root1/lzx_ws/project/lidar_camera_ros_ws/install/vimbax_camera_msgs/include/vimbax_camera_msgs/vimbax_camera_msgs/srv/detail/feature_access_mode_get__functions.c
[23.474s] -- Installing: /home/root1/lzx_ws/project/lidar_camera_ros_ws/install/vimbax_camera_msgs/include/vimbax_camera_msgs/vimbax_camera_msgs/srv/detail/status__type_support.h
[23.474s] -- Installing: /home/root1/lzx_ws/project/lidar_camera_ros_ws/install/vimbax_camera_msgs/include/vimbax_camera_msgs/vimbax_camera_msgs/srv/detail/feature_float_get__struct.h
[23.474s] -- Installing: /home/root1/lzx_ws/project/lidar_camera_ros_ws/install/vimbax_camera_msgs/include/vimbax_camera_msgs/vimbax_camera_msgs/srv/detail/feature_command_is_done__functions.h
[23.475s] -- Installing: /home/root1/lzx_ws/project/lidar_camera_ros_ws/install/vimbax_camera_msgs/include/vimbax_camera_msgs/vimbax_camera_msgs/srv/detail/connection_status__functions.h
[23.475s] -- Installing: /home/root1/lzx_ws/project/lidar_camera_ros_ws/install/vimbax_camera_msgs/include/vimbax_camera_msgs/vimbax_camera_msgs/srv/detail/features_list_get__type_support.h
[23.475s] -- Installing: /home/root1/lzx_ws/project/lidar_camera_ros_ws/install/vimbax_camera_msgs/include/vimbax_camera_msgs/vimbax_camera_msgs/srv/detail/feature_int_get__functions.h
[23.475s] -- Installing: /home/root1/lzx_ws/project/lidar_camera_ros_ws/install/vimbax_camera_msgs/include/vimbax_camera_msgs/vimbax_camera_msgs/srv/detail/feature_string_info_get__functions.h
[23.475s] -- Installing: /home/root1/lzx_ws/project/lidar_camera_ros_ws/install/vimbax_camera_msgs/include/vimbax_camera_msgs/vimbax_camera_msgs/srv/detail/connection_status__type_support.h
[23.475s] -- Installing: /home/root1/lzx_ws/project/lidar_camera_ros_ws/install/vimbax_camera_msgs/include/vimbax_camera_msgs/vimbax_camera_msgs/srv/detail/stream_start_stop__type_support.h
[23.475s] -- Installing: /home/root1/lzx_ws/project/lidar_camera_ros_ws/install/vimbax_camera_msgs/include/vimbax_camera_msgs/vimbax_camera_msgs/srv/detail/feature_raw_get__struct.h
[23.475s] -- Installing: /home/root1/lzx_ws/project/lidar_camera_ros_ws/install/vimbax_camera_msgs/include/vimbax_camera_msgs/vimbax_camera_msgs/srv/detail/feature_float_info_get__functions.c
[23.475s] -- Installing: /home/root1/lzx_ws/project/lidar_camera_ros_ws/install/vimbax_camera_msgs/include/vimbax_camera_msgs/vimbax_camera_msgs/srv/detail/feature_enum_set__struct.h
[23.476s] -- Installing: /home/root1/lzx_ws/project/lidar_camera_ros_ws/install/vimbax_camera_msgs/include/vimbax_camera_msgs/vimbax_camera_msgs/srv/detail/feature_string_info_get__type_support.h
[23.476s] -- Installing: /home/root1/lzx_ws/project/lidar_camera_ros_ws/install/vimbax_camera_msgs/include/vimbax_camera_msgs/vimbax_camera_msgs/srv/detail/feature_int_set__functions.c
[23.476s] -- Installing: /home/root1/lzx_ws/project/lidar_camera_ros_ws/install/vimbax_camera_msgs/include/vimbax_camera_msgs/vimbax_camera_msgs/srv/detail/features_list_get__functions.h
[23.476s] -- Installing: /home/root1/lzx_ws/project/lidar_camera_ros_ws/install/vimbax_camera_msgs/include/vimbax_camera_msgs/vimbax_camera_msgs/srv/detail/feature_string_get__struct.h
[23.476s] -- Installing: /home/root1/lzx_ws/project/lidar_camera_ros_ws/install/vimbax_camera_msgs/include/vimbax_camera_msgs/vimbax_camera_msgs/srv/detail/feature_bool_set__functions.h
[23.476s] -- Installing: /home/root1/lzx_ws/project/lidar_camera_ros_ws/install/vimbax_camera_msgs/include/vimbax_camera_msgs/vimbax_camera_msgs/srv/detail/feature_bool_set__struct.h
[23.476s] -- Installing: /home/root1/lzx_ws/project/lidar_camera_ros_ws/install/vimbax_camera_msgs/include/vimbax_camera_msgs/vimbax_camera_msgs/srv/detail/subscribe_event__functions.c
[23.476s] -- Installing: /home/root1/lzx_ws/project/lidar_camera_ros_ws/install/vimbax_camera_msgs/include/vimbax_camera_msgs/vimbax_camera_msgs/srv/detail/status__functions.c
[23.476s] -- Installing: /home/root1/lzx_ws/project/lidar_camera_ros_ws/install/vimbax_camera_msgs/include/vimbax_camera_msgs/vimbax_camera_msgs/srv/detail/unsubscribe_event__functions.h
[23.477s] -- Installing: /home/root1/lzx_ws/project/lidar_camera_ros_ws/install/vimbax_camera_msgs/include/vimbax_camera_msgs/vimbax_camera_msgs/srv/detail/unsubscribe_event__type_support.h
[23.477s] -- Installing: /home/root1/lzx_ws/project/lidar_camera_ros_ws/install/vimbax_camera_msgs/include/vimbax_camera_msgs/vimbax_camera_msgs/srv/detail/feature_info_query__functions.h
[23.477s] -- Installing: /home/root1/lzx_ws/project/lidar_camera_ros_ws/install/vimbax_camera_msgs/include/vimbax_camera_msgs/vimbax_camera_msgs/srv/detail/feature_bool_get__struct.h
[23.477s] -- Installing: /home/root1/lzx_ws/project/lidar_camera_ros_ws/install/vimbax_camera_msgs/include/vimbax_camera_msgs/vimbax_camera_msgs/srv/detail/feature_float_info_get__struct.h
[23.477s] -- Installing: /home/root1/lzx_ws/project/lidar_camera_ros_ws/install/vimbax_camera_msgs/include/vimbax_camera_msgs/vimbax_camera_msgs/srv/detail/subscribe_event__type_support.h
[23.477s] -- Installing: /home/root1/lzx_ws/project/lidar_camera_ros_ws/install/vimbax_camera_msgs/include/vimbax_camera_msgs/vimbax_camera_msgs/srv/detail/feature_float_get__functions.c
[23.477s] -- Installing: /home/root1/lzx_ws/project/lidar_camera_ros_ws/install/vimbax_camera_msgs/include/vimbax_camera_msgs/vimbax_camera_msgs/srv/detail/feature_int_get__type_support.h
[23.477s] -- Installing: /home/root1/lzx_ws/project/lidar_camera_ros_ws/install/vimbax_camera_msgs/include/vimbax_camera_msgs/vimbax_camera_msgs/srv/detail/feature_raw_set__functions.h
[23.477s] -- Installing: /home/root1/lzx_ws/project/lidar_camera_ros_ws/install/vimbax_camera_msgs/include/vimbax_camera_msgs/vimbax_camera_msgs/srv/detail/stream_start_stop__struct.h
[23.477s] -- Installing: /home/root1/lzx_ws/project/lidar_camera_ros_ws/install/vimbax_camera_msgs/include/vimbax_camera_msgs/vimbax_camera_msgs/srv/detail/feature_command_run__struct.h
[23.478s] -- Installing: /home/root1/lzx_ws/project/lidar_camera_ros_ws/install/vimbax_camera_msgs/include/vimbax_camera_msgs/vimbax_camera_msgs/srv/detail/subscribe_event__struct.h
[23.478s] -- Installing: /home/root1/lzx_ws/project/lidar_camera_ros_ws/install/vimbax_camera_msgs/include/vimbax_camera_msgs/vimbax_camera_msgs/srv/detail/feature_int_set__struct.h
[23.478s] -- Installing: /home/root1/lzx_ws/project/lidar_camera_ros_ws/install/vimbax_camera_msgs/include/vimbax_camera_msgs/vimbax_camera_msgs/srv/detail/connection_status__struct.h
[23.478s] -- Installing: /home/root1/lzx_ws/project/lidar_camera_ros_ws/install/vimbax_camera_msgs/include/vimbax_camera_msgs/vimbax_camera_msgs/srv/detail/feature_enum_as_int_get__struct.h
[23.478s] -- Installing: /home/root1/lzx_ws/project/lidar_camera_ros_ws/install/vimbax_camera_msgs/include/vimbax_camera_msgs/vimbax_camera_msgs/srv/detail/feature_enum_as_string_get__struct.h
[23.478s] -- Installing: /home/root1/lzx_ws/project/lidar_camera_ros_ws/install/vimbax_camera_msgs/include/vimbax_camera_msgs/vimbax_camera_msgs/srv/detail/stream_start_stop__functions.h
[23.478s] -- Installing: /home/root1/lzx_ws/project/lidar_camera_ros_ws/install/vimbax_camera_msgs/include/vimbax_camera_msgs/vimbax_camera_msgs/srv/detail/feature_enum_get__type_support.h
[23.479s] -- Installing: /home/root1/lzx_ws/project/lidar_camera_ros_ws/install/vimbax_camera_msgs/include/vimbax_camera_msgs/vimbax_camera_msgs/srv/detail/feature_enum_set__functions.h
[23.479s] -- Installing: /home/root1/lzx_ws/project/lidar_camera_ros_ws/install/vimbax_camera_msgs/include/vimbax_camera_msgs/vimbax_camera_msgs/srv/detail/feature_float_set__struct.h
[23.479s] -- Installing: /home/root1/lzx_ws/project/lidar_camera_ros_ws/install/vimbax_camera_msgs/include/vimbax_camera_msgs/vimbax_camera_msgs/srv/detail/feature_float_get__functions.h
[23.479s] -- Installing: /home/root1/lzx_ws/project/lidar_camera_ros_ws/install/vimbax_camera_msgs/include/vimbax_camera_msgs/vimbax_camera_msgs/srv/detail/feature_float_info_get__type_support.h
[23.479s] -- Installing: /home/root1/lzx_ws/project/lidar_camera_ros_ws/install/vimbax_camera_msgs/include/vimbax_camera_msgs/vimbax_camera_msgs/srv/detail/feature_string_info_get__struct.h
[23.479s] -- Installing: /home/root1/lzx_ws/project/lidar_camera_ros_ws/install/vimbax_camera_msgs/include/vimbax_camera_msgs/vimbax_camera_msgs/srv/detail/feature_command_is_done__functions.c
[23.480s] -- Installing: /home/root1/lzx_ws/project/lidar_camera_ros_ws/install/vimbax_camera_msgs/include/vimbax_camera_msgs/vimbax_camera_msgs/srv/detail/feature_command_run__type_support.h
[23.480s] -- Installing: /home/root1/lzx_ws/project/lidar_camera_ros_ws/install/vimbax_camera_msgs/include/vimbax_camera_msgs/vimbax_camera_msgs/srv/detail/feature_int_set__type_support.h
[23.480s] -- Installing: /home/root1/lzx_ws/project/lidar_camera_ros_ws/install/vimbax_camera_msgs/include/vimbax_camera_msgs/vimbax_camera_msgs/srv/detail/status__functions.h
[23.480s] -- Installing: /home/root1/lzx_ws/project/lidar_camera_ros_ws/install/vimbax_camera_msgs/include/vimbax_camera_msgs/vimbax_camera_msgs/srv/detail/feature_access_mode_get__type_support.h
[23.480s] -- Installing: /home/root1/lzx_ws/project/lidar_camera_ros_ws/install/vimbax_camera_msgs/include/vimbax_camera_msgs/vimbax_camera_msgs/srv/detail/feature_int_get__functions.c
[23.480s] -- Installing: /home/root1/lzx_ws/project/lidar_camera_ros_ws/install/vimbax_camera_msgs/include/vimbax_camera_msgs/vimbax_camera_msgs/srv/detail/settings_load_save__type_support.h
[23.480s] -- Installing: /home/root1/lzx_ws/project/lidar_camera_ros_ws/install/vimbax_camera_msgs/include/vimbax_camera_msgs/vimbax_camera_msgs/srv/detail/features_list_get__struct.h
[23.481s] -- Installing: /home/root1/lzx_ws/project/lidar_camera_ros_ws/install/vimbax_camera_msgs/include/vimbax_camera_msgs/vimbax_camera_msgs/srv/detail/feature_raw_info_get__type_support.h
[23.481s] -- Installing: /home/root1/lzx_ws/project/lidar_camera_ros_ws/install/vimbax_camera_msgs/include/vimbax_camera_msgs/vimbax_camera_msgs/srv/detail/feature_bool_set__functions.c
[23.481s] -- Installing: /home/root1/lzx_ws/project/lidar_camera_ros_ws/install/vimbax_camera_msgs/include/vimbax_camera_msgs/vimbax_camera_msgs/srv/detail/feature_int_set__functions.h
[23.481s] -- Installing: /home/root1/lzx_ws/project/lidar_camera_ros_ws/install/vimbax_camera_msgs/include/vimbax_camera_msgs/vimbax_camera_msgs/srv/detail/feature_command_run__functions.h
[23.481s] -- Installing: /home/root1/lzx_ws/project/lidar_camera_ros_ws/install/vimbax_camera_msgs/include/vimbax_camera_msgs/vimbax_camera_msgs/srv/detail/unsubscribe_event__functions.c
[23.481s] -- Installing: /home/root1/lzx_ws/project/lidar_camera_ros_ws/install/vimbax_camera_msgs/include/vimbax_camera_msgs/vimbax_camera_msgs/srv/detail/feature_enum_info_get__functions.c
[23.482s] -- Installing: /home/root1/lzx_ws/project/lidar_camera_ros_ws/install/vimbax_camera_msgs/include/vimbax_camera_msgs/vimbax_camera_msgs/srv/detail/feature_raw_get__functions.h
[23.482s] -- Installing: /home/root1/lzx_ws/project/lidar_camera_ros_ws/install/vimbax_camera_msgs/include/vimbax_camera_msgs/vimbax_camera_msgs/srv/detail/feature_enum_get__functions.c
[23.482s] -- Installing: /home/root1/lzx_ws/project/lidar_camera_ros_ws/install/vimbax_camera_msgs/include/vimbax_camera_msgs/vimbax_camera_msgs/srv/detail/feature_enum_as_string_get__functions.c
[23.482s] -- Installing: /home/root1/lzx_ws/project/lidar_camera_ros_ws/install/vimbax_camera_msgs/include/vimbax_camera_msgs/vimbax_camera_msgs/srv/detail/status__struct.h
[23.482s] -- Installing: /home/root1/lzx_ws/project/lidar_camera_ros_ws/install/vimbax_camera_msgs/include/vimbax_camera_msgs/vimbax_camera_msgs/srv/detail/feature_enum_get__struct.h
[23.482s] -- Installing: /home/root1/lzx_ws/project/lidar_camera_ros_ws/install/vimbax_camera_msgs/include/vimbax_camera_msgs/vimbax_camera_msgs/srv/detail/feature_string_get__functions.c
[23.483s] -- Installing: /home/root1/lzx_ws/project/lidar_camera_ros_ws/install/vimbax_camera_msgs/include/vimbax_camera_msgs/vimbax_camera_msgs/srv/detail/feature_raw_info_get__functions.h
[23.483s] -- Installing: /home/root1/lzx_ws/project/lidar_camera_ros_ws/install/vimbax_camera_msgs/include/vimbax_camera_msgs/vimbax_camera_msgs/srv/detail/feature_enum_info_get__type_support.h
[23.483s] -- Installing: /home/root1/lzx_ws/project/lidar_camera_ros_ws/install/vimbax_camera_msgs/include/vimbax_camera_msgs/vimbax_camera_msgs/srv/detail/feature_string_get__functions.h
[23.483s] -- Installing: /home/root1/lzx_ws/project/lidar_camera_ros_ws/install/vimbax_camera_msgs/include/vimbax_camera_msgs/vimbax_camera_msgs/srv/detail/feature_raw_get__functions.c
[23.483s] -- Installing: /home/root1/lzx_ws/project/lidar_camera_ros_ws/install/vimbax_camera_msgs/include/vimbax_camera_msgs/vimbax_camera_msgs/srv/detail/feature_raw_set__functions.c
[23.484s] -- Installing: /home/root1/lzx_ws/project/lidar_camera_ros_ws/install/vimbax_camera_msgs/include/vimbax_camera_msgs/vimbax_camera_msgs/srv/detail/feature_float_set__functions.h
[23.484s] -- Installing: /home/root1/lzx_ws/project/lidar_camera_ros_ws/install/vimbax_camera_msgs/include/vimbax_camera_msgs/vimbax_camera_msgs/srv/detail/feature_float_set__type_support.h
[23.484s] -- Installing: /home/root1/lzx_ws/project/lidar_camera_ros_ws/install/vimbax_camera_msgs/include/vimbax_camera_msgs/vimbax_camera_msgs/srv/detail/feature_info_query__functions.c
[23.484s] -- Installing: /home/root1/lzx_ws/project/lidar_camera_ros_ws/install/vimbax_camera_msgs/include/vimbax_camera_msgs/vimbax_camera_msgs/srv/detail/feature_enum_as_string_get__functions.h
[23.484s] -- Installing: /home/root1/lzx_ws/project/lidar_camera_ros_ws/install/vimbax_camera_msgs/include/vimbax_camera_msgs/vimbax_camera_msgs/srv/detail/feature_enum_get__functions.h
[23.484s] -- Installing: /home/root1/lzx_ws/project/lidar_camera_ros_ws/install/vimbax_camera_msgs/include/vimbax_camera_msgs/vimbax_camera_msgs/srv/detail/feature_string_set__type_support.h
[23.484s] -- Installing: /home/root1/lzx_ws/project/lidar_camera_ros_ws/install/vimbax_camera_msgs/include/vimbax_camera_msgs/vimbax_camera_msgs/srv/detail/feature_bool_get__type_support.h
[23.484s] -- Installing: /home/root1/lzx_ws/project/lidar_camera_ros_ws/install/vimbax_camera_msgs/include/vimbax_camera_msgs/vimbax_camera_msgs/srv/detail/feature_int_info_get__functions.c
[23.484s] -- Installing: /home/root1/lzx_ws/project/lidar_camera_ros_ws/install/vimbax_camera_msgs/include/vimbax_camera_msgs/vimbax_camera_msgs/srv/detail/feature_enum_set__functions.c
[23.485s] -- Installing: /home/root1/lzx_ws/project/lidar_camera_ros_ws/install/vimbax_camera_msgs/include/vimbax_camera_msgs/vimbax_camera_msgs/srv/detail/stream_start_stop__functions.c
[23.485s] -- Installing: /home/root1/lzx_ws/project/lidar_camera_ros_ws/install/vimbax_camera_msgs/include/vimbax_camera_msgs/vimbax_camera_msgs/srv/detail/feature_info_query__struct.h
[23.485s] -- Installing: /home/root1/lzx_ws/project/lidar_camera_ros_ws/install/vimbax_camera_msgs/include/vimbax_camera_msgs/vimbax_camera_msgs/srv/detail/feature_bool_get__functions.h
[23.485s] -- Installing: /home/root1/lzx_ws/project/lidar_camera_ros_ws/install/vimbax_camera_msgs/include/vimbax_camera_msgs/vimbax_camera_msgs/srv/detail/feature_int_get__struct.h
[23.485s] -- Installing: /home/root1/lzx_ws/project/lidar_camera_ros_ws/install/vimbax_camera_msgs/include/vimbax_camera_msgs/vimbax_camera_msgs/srv/detail/settings_load_save__functions.c
[23.485s] -- Installing: /home/root1/lzx_ws/project/lidar_camera_ros_ws/install/vimbax_camera_msgs/include/vimbax_camera_msgs/vimbax_camera_msgs/srv/detail/feature_access_mode_get__struct.h
[23.485s] -- Installing: /home/root1/lzx_ws/project/lidar_camera_ros_ws/install/vimbax_camera_msgs/include/vimbax_camera_msgs/vimbax_camera_msgs/srv/detail/feature_float_get__type_support.h
[23.486s] -- Installing: /home/root1/lzx_ws/project/lidar_camera_ros_ws/install/vimbax_camera_msgs/include/vimbax_camera_msgs/vimbax_camera_msgs/srv/detail/subscribe_event__functions.h
[23.486s] -- Installing: /home/root1/lzx_ws/project/lidar_camera_ros_ws/install/vimbax_camera_msgs/include/vimbax_camera_msgs/vimbax_camera_msgs/srv/detail/feature_command_is_done__type_support.h
[23.486s] -- Installing: /home/root1/lzx_ws/project/lidar_camera_ros_ws/install/vimbax_camera_msgs/include/vimbax_camera_msgs/vimbax_camera_msgs/srv/detail/feature_string_info_get__functions.c
[23.486s] -- Installing: /home/root1/lzx_ws/project/lidar_camera_ros_ws/install/vimbax_camera_msgs/include/vimbax_camera_msgs/vimbax_camera_msgs/srv/detail/feature_int_info_get__functions.h
[23.486s] -- Installing: /home/root1/lzx_ws/project/lidar_camera_ros_ws/install/vimbax_camera_msgs/include/vimbax_camera_msgs/vimbax_camera_msgs/srv/detail/feature_command_run__functions.c
[23.486s] -- Installing: /home/root1/lzx_ws/project/lidar_camera_ros_ws/install/vimbax_camera_msgs/include/vimbax_camera_msgs/vimbax_camera_msgs/srv/detail/feature_raw_set__type_support.h
[23.486s] -- Installing: /home/root1/lzx_ws/project/lidar_camera_ros_ws/install/vimbax_camera_msgs/include/vimbax_camera_msgs/vimbax_camera_msgs/srv/detail/settings_load_save__struct.h
[23.486s] -- Installing: /home/root1/lzx_ws/project/lidar_camera_ros_ws/install/vimbax_camera_msgs/include/vimbax_camera_msgs/vimbax_camera_msgs/srv/detail/feature_int_info_get__type_support.h
[23.487s] -- Installing: /home/root1/lzx_ws/project/lidar_camera_ros_ws/install/vimbax_camera_msgs/include/vimbax_camera_msgs/vimbax_camera_msgs/srv/detail/unsubscribe_event__struct.h
[23.487s] -- Installing: /home/root1/lzx_ws/project/lidar_camera_ros_ws/install/vimbax_camera_msgs/include/vimbax_camera_msgs/vimbax_camera_msgs/srv/feature_bool_get.h
[23.487s] -- Installing: /home/root1/lzx_ws/project/lidar_camera_ros_ws/install/vimbax_camera_msgs/include/vimbax_camera_msgs/vimbax_camera_msgs/srv/features_list_get.h
[23.487s] -- Installing: /home/root1/lzx_ws/project/lidar_camera_ros_ws/install/vimbax_camera_msgs/include/vimbax_camera_msgs/vimbax_camera_msgs/srv/feature_command_run.h
[23.487s] -- Installing: /home/root1/lzx_ws/project/lidar_camera_ros_ws/install/vimbax_camera_msgs/include/vimbax_camera_msgs/vimbax_camera_msgs/srv/feature_string_info_get.h
[23.487s] -- Installing: /home/root1/lzx_ws/project/lidar_camera_ros_ws/install/vimbax_camera_msgs/include/vimbax_camera_msgs/vimbax_camera_msgs/srv/feature_info_query.h
[23.487s] -- Installing: /home/root1/lzx_ws/project/lidar_camera_ros_ws/install/vimbax_camera_msgs/include/vimbax_camera_msgs/vimbax_camera_msgs/srv/feature_string_set.h
[23.487s] -- Installing: /home/root1/lzx_ws/project/lidar_camera_ros_ws/install/vimbax_camera_msgs/include/vimbax_camera_msgs/vimbax_camera_msgs/srv/feature_access_mode_get.h
[23.487s] -- Installing: /home/root1/lzx_ws/project/lidar_camera_ros_ws/install/vimbax_camera_msgs/include/vimbax_camera_msgs/vimbax_camera_msgs/msg
[23.487s] -- Installing: /home/root1/lzx_ws/project/lidar_camera_ros_ws/install/vimbax_camera_msgs/include/vimbax_camera_msgs/vimbax_camera_msgs/msg/feature_module.h
[23.488s] -- Installing: /home/root1/lzx_ws/project/lidar_camera_ros_ws/install/vimbax_camera_msgs/include/vimbax_camera_msgs/vimbax_camera_msgs/msg/feature_flags.h
[23.488s] -- Installing: /home/root1/lzx_ws/project/lidar_camera_ros_ws/install/vimbax_camera_msgs/include/vimbax_camera_msgs/vimbax_camera_msgs/msg/event_data.h
[23.488s] -- Installing: /home/root1/lzx_ws/project/lidar_camera_ros_ws/install/vimbax_camera_msgs/include/vimbax_camera_msgs/vimbax_camera_msgs/msg/trigger_info.h
[23.488s] -- Installing: /home/root1/lzx_ws/project/lidar_camera_ros_ws/install/vimbax_camera_msgs/include/vimbax_camera_msgs/vimbax_camera_msgs/msg/rosidl_generator_c__visibility_control.h
[23.488s] -- Installing: /home/root1/lzx_ws/project/lidar_camera_ros_ws/install/vimbax_camera_msgs/include/vimbax_camera_msgs/vimbax_camera_msgs/msg/feature_info.h
[23.488s] -- Installing: /home/root1/lzx_ws/project/lidar_camera_ros_ws/install/vimbax_camera_msgs/include/vimbax_camera_msgs/vimbax_camera_msgs/msg/error.h
[23.488s] -- Installing: /home/root1/lzx_ws/project/lidar_camera_ros_ws/install/vimbax_camera_msgs/include/vimbax_camera_msgs/vimbax_camera_msgs/msg/detail
[23.488s] -- Installing: /home/root1/lzx_ws/project/lidar_camera_ros_ws/install/vimbax_camera_msgs/include/vimbax_camera_msgs/vimbax_camera_msgs/msg/detail/event_data_entry__type_support.h
[23.488s] -- Installing: /home/root1/lzx_ws/project/lidar_camera_ros_ws/install/vimbax_camera_msgs/include/vimbax_camera_msgs/vimbax_camera_msgs/msg/detail/event_data__functions.h
[23.488s] -- Installing: /home/root1/lzx_ws/project/lidar_camera_ros_ws/install/vimbax_camera_msgs/include/vimbax_camera_msgs/vimbax_camera_msgs/msg/detail/feature_info__struct.h
[23.489s] -- Installing: /home/root1/lzx_ws/project/lidar_camera_ros_ws/install/vimbax_camera_msgs/include/vimbax_camera_msgs/vimbax_camera_msgs/msg/detail/feature_flags__struct.h
[23.489s] -- Installing: /home/root1/lzx_ws/project/lidar_camera_ros_ws/install/vimbax_camera_msgs/include/vimbax_camera_msgs/vimbax_camera_msgs/msg/detail/feature_flags__functions.h
[23.489s] -- Installing: /home/root1/lzx_ws/project/lidar_camera_ros_ws/install/vimbax_camera_msgs/include/vimbax_camera_msgs/vimbax_camera_msgs/msg/detail/trigger_info__struct.h
[23.489s] -- Installing: /home/root1/lzx_ws/project/lidar_camera_ros_ws/install/vimbax_camera_msgs/include/vimbax_camera_msgs/vimbax_camera_msgs/msg/detail/feature_info__type_support.h
[23.489s] -- Installing: /home/root1/lzx_ws/project/lidar_camera_ros_ws/install/vimbax_camera_msgs/include/vimbax_camera_msgs/vimbax_camera_msgs/msg/detail/feature_module__struct.h
[23.489s] -- Installing: /home/root1/lzx_ws/project/lidar_camera_ros_ws/install/vimbax_camera_msgs/include/vimbax_camera_msgs/vimbax_camera_msgs/msg/detail/event_data_entry__struct.h
[23.489s] -- Installing: /home/root1/lzx_ws/project/lidar_camera_ros_ws/install/vimbax_camera_msgs/include/vimbax_camera_msgs/vimbax_camera_msgs/msg/detail/feature_module__functions.h
[23.489s] -- Installing: /home/root1/lzx_ws/project/lidar_camera_ros_ws/install/vimbax_camera_msgs/include/vimbax_camera_msgs/vimbax_camera_msgs/msg/detail/feature_info__functions.h
[23.489s] -- Installing: /home/root1/lzx_ws/project/lidar_camera_ros_ws/install/vimbax_camera_msgs/include/vimbax_camera_msgs/vimbax_camera_msgs/msg/detail/feature_flags__functions.c
[23.489s] -- Installing: /home/root1/lzx_ws/project/lidar_camera_ros_ws/install/vimbax_camera_msgs/include/vimbax_camera_msgs/vimbax_camera_msgs/msg/detail/feature_module__type_support.h
[23.490s] -- Installing: /home/root1/lzx_ws/project/lidar_camera_ros_ws/install/vimbax_camera_msgs/include/vimbax_camera_msgs/vimbax_camera_msgs/msg/detail/trigger_info__functions.c
[23.490s] -- Installing: /home/root1/lzx_ws/project/lidar_camera_ros_ws/install/vimbax_camera_msgs/include/vimbax_camera_msgs/vimbax_camera_msgs/msg/detail/feature_module__functions.c
[23.490s] -- Installing: /home/root1/lzx_ws/project/lidar_camera_ros_ws/install/vimbax_camera_msgs/include/vimbax_camera_msgs/vimbax_camera_msgs/msg/detail/event_data__struct.h
[23.490s] -- Installing: /home/root1/lzx_ws/project/lidar_camera_ros_ws/install/vimbax_camera_msgs/include/vimbax_camera_msgs/vimbax_camera_msgs/msg/detail/trigger_info__functions.h
[23.490s] -- Installing: /home/root1/lzx_ws/project/lidar_camera_ros_ws/install/vimbax_camera_msgs/include/vimbax_camera_msgs/vimbax_camera_msgs/msg/detail/event_data_entry__functions.h
[23.490s] -- Installing: /home/root1/lzx_ws/project/lidar_camera_ros_ws/install/vimbax_camera_msgs/include/vimbax_camera_msgs/vimbax_camera_msgs/msg/detail/error__struct.h
[23.490s] -- Installing: /home/root1/lzx_ws/project/lidar_camera_ros_ws/install/vimbax_camera_msgs/include/vimbax_camera_msgs/vimbax_camera_msgs/msg/detail/error__type_support.h
[23.491s] -- Installing: /home/root1/lzx_ws/project/lidar_camera_ros_ws/install/vimbax_camera_msgs/include/vimbax_camera_msgs/vimbax_camera_msgs/msg/detail/error__functions.c
[23.491s] -- Installing: /home/root1/lzx_ws/project/lidar_camera_ros_ws/install/vimbax_camera_msgs/include/vimbax_camera_msgs/vimbax_camera_msgs/msg/detail/event_data__type_support.h
[23.491s] -- Installing: /home/root1/lzx_ws/project/lidar_camera_ros_ws/install/vimbax_camera_msgs/include/vimbax_camera_msgs/vimbax_camera_msgs/msg/detail/event_data_entry__functions.c
[23.491s] -- Installing: /home/root1/lzx_ws/project/lidar_camera_ros_ws/install/vimbax_camera_msgs/include/vimbax_camera_msgs/vimbax_camera_msgs/msg/detail/trigger_info__type_support.h
[23.491s] -- Installing: /home/root1/lzx_ws/project/lidar_camera_ros_ws/install/vimbax_camera_msgs/include/vimbax_camera_msgs/vimbax_camera_msgs/msg/detail/feature_info__functions.c
[23.491s] -- Installing: /home/root1/lzx_ws/project/lidar_camera_ros_ws/install/vimbax_camera_msgs/include/vimbax_camera_msgs/vimbax_camera_msgs/msg/detail/feature_flags__type_support.h
[23.491s] -- Installing: /home/root1/lzx_ws/project/lidar_camera_ros_ws/install/vimbax_camera_msgs/include/vimbax_camera_msgs/vimbax_camera_msgs/msg/detail/event_data__functions.c
[23.491s] -- Installing: /home/root1/lzx_ws/project/lidar_camera_ros_ws/install/vimbax_camera_msgs/include/vimbax_camera_msgs/vimbax_camera_msgs/msg/detail/error__functions.h
[23.491s] -- Installing: /home/root1/lzx_ws/project/lidar_camera_ros_ws/install/vimbax_camera_msgs/include/vimbax_camera_msgs/vimbax_camera_msgs/msg/event_data_entry.h
[23.492s] -- Installing: /home/root1/lzx_ws/project/lidar_camera_ros_ws/install/vimbax_camera_msgs/share/vimbax_camera_msgs/environment/library_path.sh
[23.492s] -- Installing: /home/root1/lzx_ws/project/lidar_camera_ros_ws/install/vimbax_camera_msgs/share/vimbax_camera_msgs/environment/library_path.dsv
[23.492s] -- Installing: /home/root1/lzx_ws/project/lidar_camera_ros_ws/install/vimbax_camera_msgs/lib/libvimbax_camera_msgs__rosidl_generator_c.so
[23.496s] -- Set runtime path of "/home/root1/lzx_ws/project/lidar_camera_ros_ws/install/vimbax_camera_msgs/lib/libvimbax_camera_msgs__rosidl_generator_c.so" to ""
[23.496s] -- Up-to-date: /home/root1/lzx_ws/project/lidar_camera_ros_ws/install/vimbax_camera_msgs/include/vimbax_camera_msgs/vimbax_camera_msgs
[23.502s] -- Up-to-date: /home/root1/lzx_ws/project/lidar_camera_ros_ws/install/vimbax_camera_msgs/include/vimbax_camera_msgs/vimbax_camera_msgs/srv
[23.502s] -- Up-to-date: /home/root1/lzx_ws/project/lidar_camera_ros_ws/install/vimbax_camera_msgs/include/vimbax_camera_msgs/vimbax_camera_msgs/srv/detail
[23.505s] -- Installing: /home/root1/lzx_ws/project/lidar_camera_ros_ws/install/vimbax_camera_msgs/include/vimbax_camera_msgs/vimbax_camera_msgs/srv/detail/feature_int_get__rosidl_typesupport_fastrtps_c.h
[23.505s] -- Installing: /home/root1/lzx_ws/project/lidar_camera_ros_ws/install/vimbax_camera_msgs/include/vimbax_camera_msgs/vimbax_camera_msgs/srv/detail/feature_int_set__rosidl_typesupport_fastrtps_c.h
[23.505s] -- Installing: /home/root1/lzx_ws/project/lidar_camera_ros_ws/install/vimbax_camera_msgs/include/vimbax_camera_msgs/vimbax_camera_msgs/srv/detail/connection_status__rosidl_typesupport_fastrtps_c.h
[23.506s] -- Installing: /home/root1/lzx_ws/project/lidar_camera_ros_ws/install/vimbax_camera_msgs/include/vimbax_camera_msgs/vimbax_camera_msgs/srv/detail/feature_info_query__rosidl_typesupport_fastrtps_c.h
[23.506s] -- Installing: /home/root1/lzx_ws/project/lidar_camera_ros_ws/install/vimbax_camera_msgs/include/vimbax_camera_msgs/vimbax_camera_msgs/srv/detail/feature_raw_info_get__rosidl_typesupport_fastrtps_c.h
[23.506s] -- Installing: /home/root1/lzx_ws/project/lidar_camera_ros_ws/install/vimbax_camera_msgs/include/vimbax_camera_msgs/vimbax_camera_msgs/srv/detail/feature_bool_set__rosidl_typesupport_fastrtps_c.h
[23.506s] -- Installing: /home/root1/lzx_ws/project/lidar_camera_ros_ws/install/vimbax_camera_msgs/include/vimbax_camera_msgs/vimbax_camera_msgs/srv/detail/feature_enum_info_get__rosidl_typesupport_fastrtps_c.h
[23.506s] -- Installing: /home/root1/lzx_ws/project/lidar_camera_ros_ws/install/vimbax_camera_msgs/include/vimbax_camera_msgs/vimbax_camera_msgs/srv/detail/settings_load_save__rosidl_typesupport_fastrtps_c.h
[23.506s] -- Installing: /home/root1/lzx_ws/project/lidar_camera_ros_ws/install/vimbax_camera_msgs/include/vimbax_camera_msgs/vimbax_camera_msgs/srv/detail/feature_raw_set__rosidl_typesupport_fastrtps_c.h
[23.507s] -- Installing: /home/root1/lzx_ws/project/lidar_camera_ros_ws/install/vimbax_camera_msgs/include/vimbax_camera_msgs/vimbax_camera_msgs/srv/detail/feature_enum_set__rosidl_typesupport_fastrtps_c.h
[23.507s] -- Installing: /home/root1/lzx_ws/project/lidar_camera_ros_ws/install/vimbax_camera_msgs/include/vimbax_camera_msgs/vimbax_camera_msgs/srv/detail/feature_int_info_get__rosidl_typesupport_fastrtps_c.h
[23.507s] -- Installing: /home/root1/lzx_ws/project/lidar_camera_ros_ws/install/vimbax_camera_msgs/include/vimbax_camera_msgs/vimbax_camera_msgs/srv/detail/stream_start_stop__rosidl_typesupport_fastrtps_c.h
[23.507s] -- Installing: /home/root1/lzx_ws/project/lidar_camera_ros_ws/install/vimbax_camera_msgs/include/vimbax_camera_msgs/vimbax_camera_msgs/srv/detail/feature_command_is_done__rosidl_typesupport_fastrtps_c.h
[23.507s] -- Installing: /home/root1/lzx_ws/project/lidar_camera_ros_ws/install/vimbax_camera_msgs/include/vimbax_camera_msgs/vimbax_camera_msgs/srv/detail/feature_float_set__rosidl_typesupport_fastrtps_c.h
[23.507s] -- Installing: /home/root1/lzx_ws/project/lidar_camera_ros_ws/install/vimbax_camera_msgs/include/vimbax_camera_msgs/vimbax_camera_msgs/srv/detail/subscribe_event__rosidl_typesupport_fastrtps_c.h
[23.507s] -- Installing: /home/root1/lzx_ws/project/lidar_camera_ros_ws/install/vimbax_camera_msgs/include/vimbax_camera_msgs/vimbax_camera_msgs/srv/detail/features_list_get__rosidl_typesupport_fastrtps_c.h
[23.508s] -- Installing: /home/root1/lzx_ws/project/lidar_camera_ros_ws/install/vimbax_camera_msgs/include/vimbax_camera_msgs/vimbax_camera_msgs/srv/detail/status__rosidl_typesupport_fastrtps_c.h
[23.508s] -- Installing: /home/root1/lzx_ws/project/lidar_camera_ros_ws/install/vimbax_camera_msgs/include/vimbax_camera_msgs/vimbax_camera_msgs/srv/detail/feature_enum_get__rosidl_typesupport_fastrtps_c.h
[23.508s] -- Installing: /home/root1/lzx_ws/project/lidar_camera_ros_ws/install/vimbax_camera_msgs/include/vimbax_camera_msgs/vimbax_camera_msgs/srv/detail/feature_access_mode_get__rosidl_typesupport_fastrtps_c.h
[23.508s] -- Installing: /home/root1/lzx_ws/project/lidar_camera_ros_ws/install/vimbax_camera_msgs/include/vimbax_camera_msgs/vimbax_camera_msgs/srv/detail/feature_float_get__rosidl_typesupport_fastrtps_c.h
[23.508s] -- Installing: /home/root1/lzx_ws/project/lidar_camera_ros_ws/install/vimbax_camera_msgs/include/vimbax_camera_msgs/vimbax_camera_msgs/srv/detail/feature_string_set__rosidl_typesupport_fastrtps_c.h
[23.508s] -- Installing: /home/root1/lzx_ws/project/lidar_camera_ros_ws/install/vimbax_camera_msgs/include/vimbax_camera_msgs/vimbax_camera_msgs/srv/detail/feature_string_get__rosidl_typesupport_fastrtps_c.h
[23.509s] -- Installing: /home/root1/lzx_ws/project/lidar_camera_ros_ws/install/vimbax_camera_msgs/include/vimbax_camera_msgs/vimbax_camera_msgs/srv/detail/feature_enum_as_string_get__rosidl_typesupport_fastrtps_c.h
[23.509s] -- Installing: /home/root1/lzx_ws/project/lidar_camera_ros_ws/install/vimbax_camera_msgs/include/vimbax_camera_msgs/vimbax_camera_msgs/srv/detail/feature_raw_get__rosidl_typesupport_fastrtps_c.h
[23.509s] -- Installing: /home/root1/lzx_ws/project/lidar_camera_ros_ws/install/vimbax_camera_msgs/include/vimbax_camera_msgs/vimbax_camera_msgs/srv/detail/feature_float_info_get__rosidl_typesupport_fastrtps_c.h
[23.509s] -- Installing: /home/root1/lzx_ws/project/lidar_camera_ros_ws/install/vimbax_camera_msgs/include/vimbax_camera_msgs/vimbax_camera_msgs/srv/detail/feature_bool_get__rosidl_typesupport_fastrtps_c.h
[23.509s] -- Installing: /home/root1/lzx_ws/project/lidar_camera_ros_ws/install/vimbax_camera_msgs/include/vimbax_camera_msgs/vimbax_camera_msgs/srv/detail/feature_command_run__rosidl_typesupport_fastrtps_c.h
[23.509s] -- Installing: /home/root1/lzx_ws/project/lidar_camera_ros_ws/install/vimbax_camera_msgs/include/vimbax_camera_msgs/vimbax_camera_msgs/srv/detail/unsubscribe_event__rosidl_typesupport_fastrtps_c.h
[23.510s] -- Installing: /home/root1/lzx_ws/project/lidar_camera_ros_ws/install/vimbax_camera_msgs/include/vimbax_camera_msgs/vimbax_camera_msgs/srv/detail/feature_enum_as_int_get__rosidl_typesupport_fastrtps_c.h
[23.510s] -- Installing: /home/root1/lzx_ws/project/lidar_camera_ros_ws/install/vimbax_camera_msgs/include/vimbax_camera_msgs/vimbax_camera_msgs/srv/detail/feature_string_info_get__rosidl_typesupport_fastrtps_c.h
[23.510s] -- Up-to-date: /home/root1/lzx_ws/project/lidar_camera_ros_ws/install/vimbax_camera_msgs/include/vimbax_camera_msgs/vimbax_camera_msgs/msg
[23.510s] -- Installing: /home/root1/lzx_ws/project/lidar_camera_ros_ws/install/vimbax_camera_msgs/include/vimbax_camera_msgs/vimbax_camera_msgs/msg/rosidl_typesupport_fastrtps_c__visibility_control.h
[23.510s] -- Up-to-date: /home/root1/lzx_ws/project/lidar_camera_ros_ws/install/vimbax_camera_msgs/include/vimbax_camera_msgs/vimbax_camera_msgs/msg/detail
[23.510s] -- Installing: /home/root1/lzx_ws/project/lidar_camera_ros_ws/install/vimbax_camera_msgs/include/vimbax_camera_msgs/vimbax_camera_msgs/msg/detail/feature_module__rosidl_typesupport_fastrtps_c.h
[23.510s] -- Installing: /home/root1/lzx_ws/project/lidar_camera_ros_ws/install/vimbax_camera_msgs/include/vimbax_camera_msgs/vimbax_camera_msgs/msg/detail/event_data__rosidl_typesupport_fastrtps_c.h
[23.511s] -- Installing: /home/root1/lzx_ws/project/lidar_camera_ros_ws/install/vimbax_camera_msgs/include/vimbax_camera_msgs/vimbax_camera_msgs/msg/detail/feature_flags__rosidl_typesupport_fastrtps_c.h
[23.511s] -- Installing: /home/root1/lzx_ws/project/lidar_camera_ros_ws/install/vimbax_camera_msgs/include/vimbax_camera_msgs/vimbax_camera_msgs/msg/detail/trigger_info__rosidl_typesupport_fastrtps_c.h
[23.511s] -- Installing: /home/root1/lzx_ws/project/lidar_camera_ros_ws/install/vimbax_camera_msgs/include/vimbax_camera_msgs/vimbax_camera_msgs/msg/detail/error__rosidl_typesupport_fastrtps_c.h
[23.511s] -- Installing: /home/root1/lzx_ws/project/lidar_camera_ros_ws/install/vimbax_camera_msgs/include/vimbax_camera_msgs/vimbax_camera_msgs/msg/detail/event_data_entry__rosidl_typesupport_fastrtps_c.h
[23.511s] -- Installing: /home/root1/lzx_ws/project/lidar_camera_ros_ws/install/vimbax_camera_msgs/include/vimbax_camera_msgs/vimbax_camera_msgs/msg/detail/feature_info__rosidl_typesupport_fastrtps_c.h
[23.512s] -- Installing: /home/root1/lzx_ws/project/lidar_camera_ros_ws/install/vimbax_camera_msgs/lib/libvimbax_camera_msgs__rosidl_typesupport_fastrtps_c.so
[23.512s] -- Set runtime path of "/home/root1/lzx_ws/project/lidar_camera_ros_ws/install/vimbax_camera_msgs/lib/libvimbax_camera_msgs__rosidl_typesupport_fastrtps_c.so" to ""
[23.513s] -- Up-to-date: /home/root1/lzx_ws/project/lidar_camera_ros_ws/install/vimbax_camera_msgs/include/vimbax_camera_msgs/vimbax_camera_msgs
[23.513s] -- Up-to-date: /home/root1/lzx_ws/project/lidar_camera_ros_ws/install/vimbax_camera_msgs/include/vimbax_camera_msgs/vimbax_camera_msgs/srv
[23.513s] -- Up-to-date: /home/root1/lzx_ws/project/lidar_camera_ros_ws/install/vimbax_camera_msgs/include/vimbax_camera_msgs/vimbax_camera_msgs/srv/detail
[23.513s] -- Installing: /home/root1/lzx_ws/project/lidar_camera_ros_ws/install/vimbax_camera_msgs/include/vimbax_camera_msgs/vimbax_camera_msgs/srv/detail/feature_enum_set__type_support.c
[23.513s] -- Installing: /home/root1/lzx_ws/project/lidar_camera_ros_ws/install/vimbax_camera_msgs/include/vimbax_camera_msgs/vimbax_camera_msgs/srv/detail/feature_bool_get__type_support.c
[23.513s] -- Installing: /home/root1/lzx_ws/project/lidar_camera_ros_ws/install/vimbax_camera_msgs/include/vimbax_camera_msgs/vimbax_camera_msgs/srv/detail/feature_float_set__type_support.c
[23.513s] -- Installing: /home/root1/lzx_ws/project/lidar_camera_ros_ws/install/vimbax_camera_msgs/include/vimbax_camera_msgs/vimbax_camera_msgs/srv/detail/feature_raw_info_get__rosidl_typesupport_introspection_c.h
[23.514s] -- Installing: /home/root1/lzx_ws/project/lidar_camera_ros_ws/install/vimbax_camera_msgs/include/vimbax_camera_msgs/vimbax_camera_msgs/srv/detail/feature_string_set__type_support.c
[23.514s] -- Installing: /home/root1/lzx_ws/project/lidar_camera_ros_ws/install/vimbax_camera_msgs/include/vimbax_camera_msgs/vimbax_camera_msgs/srv/detail/feature_raw_get__type_support.c
[23.514s] -- Installing: /home/root1/lzx_ws/project/lidar_camera_ros_ws/install/vimbax_camera_msgs/include/vimbax_camera_msgs/vimbax_camera_msgs/srv/detail/feature_bool_set__rosidl_typesupport_introspection_c.h
[23.514s] -- Installing: /home/root1/lzx_ws/project/lidar_camera_ros_ws/install/vimbax_camera_msgs/include/vimbax_camera_msgs/vimbax_camera_msgs/srv/detail/feature_bool_get__rosidl_typesupport_introspection_c.h
[23.514s] -- Installing: /home/root1/lzx_ws/project/lidar_camera_ros_ws/install/vimbax_camera_msgs/include/vimbax_camera_msgs/vimbax_camera_msgs/srv/detail/unsubscribe_event__type_support.c
[23.514s] -- Installing: /home/root1/lzx_ws/project/lidar_camera_ros_ws/install/vimbax_camera_msgs/include/vimbax_camera_msgs/vimbax_camera_msgs/srv/detail/connection_status__rosidl_typesupport_introspection_c.h
[23.514s] -- Installing: /home/root1/lzx_ws/project/lidar_camera_ros_ws/install/vimbax_camera_msgs/include/vimbax_camera_msgs/vimbax_camera_msgs/srv/detail/stream_start_stop__rosidl_typesupport_introspection_c.h
[23.514s] -- Installing: /home/root1/lzx_ws/project/lidar_camera_ros_ws/install/vimbax_camera_msgs/include/vimbax_camera_msgs/vimbax_camera_msgs/srv/detail/subscribe_event__rosidl_typesupport_introspection_c.h
[23.515s] -- Installing: /home/root1/lzx_ws/project/lidar_camera_ros_ws/install/vimbax_camera_msgs/include/vimbax_camera_msgs/vimbax_camera_msgs/srv/detail/feature_command_is_done__type_support.c
[23.515s] -- Installing: /home/root1/lzx_ws/project/lidar_camera_ros_ws/install/vimbax_camera_msgs/include/vimbax_camera_msgs/vimbax_camera_msgs/srv/detail/subscribe_event__type_support.c
[23.515s] -- Installing: /home/root1/lzx_ws/project/lidar_camera_ros_ws/install/vimbax_camera_msgs/include/vimbax_camera_msgs/vimbax_camera_msgs/srv/detail/feature_string_info_get__type_support.c
[23.515s] -- Installing: /home/root1/lzx_ws/project/lidar_camera_ros_ws/install/vimbax_camera_msgs/include/vimbax_camera_msgs/vimbax_camera_msgs/srv/detail/feature_bool_set__type_support.c
[23.515s] -- Installing: /home/root1/lzx_ws/project/lidar_camera_ros_ws/install/vimbax_camera_msgs/include/vimbax_camera_msgs/vimbax_camera_msgs/srv/detail/feature_raw_set__rosidl_typesupport_introspection_c.h
[23.515s] -- Installing: /home/root1/lzx_ws/project/lidar_camera_ros_ws/install/vimbax_camera_msgs/include/vimbax_camera_msgs/vimbax_camera_msgs/srv/detail/feature_float_info_get__type_support.c
[23.515s] -- Installing: /home/root1/lzx_ws/project/lidar_camera_ros_ws/install/vimbax_camera_msgs/include/vimbax_camera_msgs/vimbax_camera_msgs/srv/detail/feature_command_run__type_support.c
[23.515s] -- Installing: /home/root1/lzx_ws/project/lidar_camera_ros_ws/install/vimbax_camera_msgs/include/vimbax_camera_msgs/vimbax_camera_msgs/srv/detail/feature_string_info_get__rosidl_typesupport_introspection_c.h
[23.516s] -- Installing: /home/root1/lzx_ws/project/lidar_camera_ros_ws/install/vimbax_camera_msgs/include/vimbax_camera_msgs/vimbax_camera_msgs/srv/detail/feature_int_get__rosidl_typesupport_introspection_c.h
[23.516s] -- Installing: /home/root1/lzx_ws/project/lidar_camera_ros_ws/install/vimbax_camera_msgs/include/vimbax_camera_msgs/vimbax_camera_msgs/srv/detail/feature_string_set__rosidl_typesupport_introspection_c.h
[23.516s] -- Installing: /home/root1/lzx_ws/project/lidar_camera_ros_ws/install/vimbax_camera_msgs/include/vimbax_camera_msgs/vimbax_camera_msgs/srv/detail/feature_enum_info_get__rosidl_typesupport_introspection_c.h
[23.516s] -- Installing: /home/root1/lzx_ws/project/lidar_camera_ros_ws/install/vimbax_camera_msgs/include/vimbax_camera_msgs/vimbax_camera_msgs/srv/detail/feature_enum_set__rosidl_typesupport_introspection_c.h
[23.516s] -- Installing: /home/root1/lzx_ws/project/lidar_camera_ros_ws/install/vimbax_camera_msgs/include/vimbax_camera_msgs/vimbax_camera_msgs/srv/detail/features_list_get__rosidl_typesupport_introspection_c.h
[23.516s] -- Installing: /home/root1/lzx_ws/project/lidar_camera_ros_ws/install/vimbax_camera_msgs/include/vimbax_camera_msgs/vimbax_camera_msgs/srv/detail/feature_int_info_get__rosidl_typesupport_introspection_c.h
[23.516s] -- Installing: /home/root1/lzx_ws/project/lidar_camera_ros_ws/install/vimbax_camera_msgs/include/vimbax_camera_msgs/vimbax_camera_msgs/srv/detail/connection_status__type_support.c
[23.516s] -- Installing: /home/root1/lzx_ws/project/lidar_camera_ros_ws/install/vimbax_camera_msgs/include/vimbax_camera_msgs/vimbax_camera_msgs/srv/detail/status__rosidl_typesupport_introspection_c.h
[23.517s] -- Installing: /home/root1/lzx_ws/project/lidar_camera_ros_ws/install/vimbax_camera_msgs/include/vimbax_camera_msgs/vimbax_camera_msgs/srv/detail/feature_raw_set__type_support.c
[23.517s] -- Installing: /home/root1/lzx_ws/project/lidar_camera_ros_ws/install/vimbax_camera_msgs/include/vimbax_camera_msgs/vimbax_camera_msgs/srv/detail/feature_enum_as_int_get__rosidl_typesupport_introspection_c.h
[23.517s] -- Installing: /home/root1/lzx_ws/project/lidar_camera_ros_ws/install/vimbax_camera_msgs/include/vimbax_camera_msgs/vimbax_camera_msgs/srv/detail/feature_access_mode_get__type_support.c
[23.517s] -- Installing: /home/root1/lzx_ws/project/lidar_camera_ros_ws/install/vimbax_camera_msgs/include/vimbax_camera_msgs/vimbax_camera_msgs/srv/detail/settings_load_save__type_support.c
[23.517s] -- Installing: /home/root1/lzx_ws/project/lidar_camera_ros_ws/install/vimbax_camera_msgs/include/vimbax_camera_msgs/vimbax_camera_msgs/srv/detail/feature_int_set__type_support.c
[23.517s] -- Installing: /home/root1/lzx_ws/project/lidar_camera_ros_ws/install/vimbax_camera_msgs/include/vimbax_camera_msgs/vimbax_camera_msgs/srv/detail/feature_command_run__rosidl_typesupport_introspection_c.h
[23.517s] -- Installing: /home/root1/lzx_ws/project/lidar_camera_ros_ws/install/vimbax_camera_msgs/include/vimbax_camera_msgs/vimbax_camera_msgs/srv/detail/feature_float_set__rosidl_typesupport_introspection_c.h
[23.517s] -- Installing: /home/root1/lzx_ws/project/lidar_camera_ros_ws/install/vimbax_camera_msgs/include/vimbax_camera_msgs/vimbax_camera_msgs/srv/detail/feature_command_is_done__rosidl_typesupport_introspection_c.h
[23.518s] -- Installing: /home/root1/lzx_ws/project/lidar_camera_ros_ws/install/vimbax_camera_msgs/include/vimbax_camera_msgs/vimbax_camera_msgs/srv/detail/stream_start_stop__type_support.c
[23.518s] -- Installing: /home/root1/lzx_ws/project/lidar_camera_ros_ws/install/vimbax_camera_msgs/include/vimbax_camera_msgs/vimbax_camera_msgs/srv/detail/feature_float_get__type_support.c
[23.518s] -- Installing: /home/root1/lzx_ws/project/lidar_camera_ros_ws/install/vimbax_camera_msgs/include/vimbax_camera_msgs/vimbax_camera_msgs/srv/detail/status__type_support.c
[23.518s] -- Installing: /home/root1/lzx_ws/project/lidar_camera_ros_ws/install/vimbax_camera_msgs/include/vimbax_camera_msgs/vimbax_camera_msgs/srv/detail/feature_int_set__rosidl_typesupport_introspection_c.h
[23.518s] -- Installing: /home/root1/lzx_ws/project/lidar_camera_ros_ws/install/vimbax_camera_msgs/include/vimbax_camera_msgs/vimbax_camera_msgs/srv/detail/feature_enum_as_int_get__type_support.c
[23.518s] -- Installing: /home/root1/lzx_ws/project/lidar_camera_ros_ws/install/vimbax_camera_msgs/include/vimbax_camera_msgs/vimbax_camera_msgs/srv/detail/feature_info_query__rosidl_typesupport_introspection_c.h
[23.518s] -- Installing: /home/root1/lzx_ws/project/lidar_camera_ros_ws/install/vimbax_camera_msgs/include/vimbax_camera_msgs/vimbax_camera_msgs/srv/detail/feature_enum_as_string_get__rosidl_typesupport_introspection_c.h
[23.518s] -- Installing: /home/root1/lzx_ws/project/lidar_camera_ros_ws/install/vimbax_camera_msgs/include/vimbax_camera_msgs/vimbax_camera_msgs/srv/detail/feature_enum_as_string_get__type_support.c
[23.518s] -- Installing: /home/root1/lzx_ws/project/lidar_camera_ros_ws/install/vimbax_camera_msgs/include/vimbax_camera_msgs/vimbax_camera_msgs/srv/detail/unsubscribe_event__rosidl_typesupport_introspection_c.h
[23.519s] -- Installing: /home/root1/lzx_ws/project/lidar_camera_ros_ws/install/vimbax_camera_msgs/include/vimbax_camera_msgs/vimbax_camera_msgs/srv/detail/feature_string_get__rosidl_typesupport_introspection_c.h
[23.519s] -- Installing: /home/root1/lzx_ws/project/lidar_camera_ros_ws/install/vimbax_camera_msgs/include/vimbax_camera_msgs/vimbax_camera_msgs/srv/detail/feature_enum_get__rosidl_typesupport_introspection_c.h
[23.519s] -- Installing: /home/root1/lzx_ws/project/lidar_camera_ros_ws/install/vimbax_camera_msgs/include/vimbax_camera_msgs/vimbax_camera_msgs/srv/detail/feature_string_get__type_support.c
[23.519s] -- Installing: /home/root1/lzx_ws/project/lidar_camera_ros_ws/install/vimbax_camera_msgs/include/vimbax_camera_msgs/vimbax_camera_msgs/srv/detail/feature_float_get__rosidl_typesupport_introspection_c.h
[23.519s] -- Installing: /home/root1/lzx_ws/project/lidar_camera_ros_ws/install/vimbax_camera_msgs/include/vimbax_camera_msgs/vimbax_camera_msgs/srv/detail/feature_float_info_get__rosidl_typesupport_introspection_c.h
[23.519s] -- Installing: /home/root1/lzx_ws/project/lidar_camera_ros_ws/install/vimbax_camera_msgs/include/vimbax_camera_msgs/vimbax_camera_msgs/srv/detail/feature_raw_get__rosidl_typesupport_introspection_c.h
[23.519s] -- Installing: /home/root1/lzx_ws/project/lidar_camera_ros_ws/install/vimbax_camera_msgs/include/vimbax_camera_msgs/vimbax_camera_msgs/srv/detail/feature_enum_info_get__type_support.c
[23.519s] -- Installing: /home/root1/lzx_ws/project/lidar_camera_ros_ws/install/vimbax_camera_msgs/include/vimbax_camera_msgs/vimbax_camera_msgs/srv/detail/feature_int_get__type_support.c
[23.520s] -- Installing: /home/root1/lzx_ws/project/lidar_camera_ros_ws/install/vimbax_camera_msgs/include/vimbax_camera_msgs/vimbax_camera_msgs/srv/detail/feature_info_query__type_support.c
[23.520s] -- Installing: /home/root1/lzx_ws/project/lidar_camera_ros_ws/install/vimbax_camera_msgs/include/vimbax_camera_msgs/vimbax_camera_msgs/srv/detail/feature_access_mode_get__rosidl_typesupport_introspection_c.h
[23.520s] -- Installing: /home/root1/lzx_ws/project/lidar_camera_ros_ws/install/vimbax_camera_msgs/include/vimbax_camera_msgs/vimbax_camera_msgs/srv/detail/features_list_get__type_support.c
[23.520s] -- Installing: /home/root1/lzx_ws/project/lidar_camera_ros_ws/install/vimbax_camera_msgs/include/vimbax_camera_msgs/vimbax_camera_msgs/srv/detail/feature_enum_get__type_support.c
[23.520s] -- Installing: /home/root1/lzx_ws/project/lidar_camera_ros_ws/install/vimbax_camera_msgs/include/vimbax_camera_msgs/vimbax_camera_msgs/srv/detail/feature_raw_info_get__type_support.c
[23.520s] -- Installing: /home/root1/lzx_ws/project/lidar_camera_ros_ws/install/vimbax_camera_msgs/include/vimbax_camera_msgs/vimbax_camera_msgs/srv/detail/settings_load_save__rosidl_typesupport_introspection_c.h
[23.520s] -- Installing: /home/root1/lzx_ws/project/lidar_camera_ros_ws/install/vimbax_camera_msgs/include/vimbax_camera_msgs/vimbax_camera_msgs/srv/detail/feature_int_info_get__type_support.c
[23.520s] -- Up-to-date: /home/root1/lzx_ws/project/lidar_camera_ros_ws/install/vimbax_camera_msgs/include/vimbax_camera_msgs/vimbax_camera_msgs/msg
[23.520s] -- Up-to-date: /home/root1/lzx_ws/project/lidar_camera_ros_ws/install/vimbax_camera_msgs/include/vimbax_camera_msgs/vimbax_camera_msgs/msg/detail
[23.520s] -- Installing: /home/root1/lzx_ws/project/lidar_camera_ros_ws/install/vimbax_camera_msgs/include/vimbax_camera_msgs/vimbax_camera_msgs/msg/detail/error__rosidl_typesupport_introspection_c.h
[23.521s] -- Installing: /home/root1/lzx_ws/project/lidar_camera_ros_ws/install/vimbax_camera_msgs/include/vimbax_camera_msgs/vimbax_camera_msgs/msg/detail/trigger_info__rosidl_typesupport_introspection_c.h
[23.521s] -- Installing: /home/root1/lzx_ws/project/lidar_camera_ros_ws/install/vimbax_camera_msgs/include/vimbax_camera_msgs/vimbax_camera_msgs/msg/detail/event_data_entry__type_support.c
[23.521s] -- Installing: /home/root1/lzx_ws/project/lidar_camera_ros_ws/install/vimbax_camera_msgs/include/vimbax_camera_msgs/vimbax_camera_msgs/msg/detail/feature_module__rosidl_typesupport_introspection_c.h
[23.521s] -- Installing: /home/root1/lzx_ws/project/lidar_camera_ros_ws/install/vimbax_camera_msgs/include/vimbax_camera_msgs/vimbax_camera_msgs/msg/detail/feature_module__type_support.c
[23.521s] -- Installing: /home/root1/lzx_ws/project/lidar_camera_ros_ws/install/vimbax_camera_msgs/include/vimbax_camera_msgs/vimbax_camera_msgs/msg/detail/feature_info__type_support.c
[23.521s] -- Installing: /home/root1/lzx_ws/project/lidar_camera_ros_ws/install/vimbax_camera_msgs/include/vimbax_camera_msgs/vimbax_camera_msgs/msg/detail/error__type_support.c
[23.521s] -- Installing: /home/root1/lzx_ws/project/lidar_camera_ros_ws/install/vimbax_camera_msgs/include/vimbax_camera_msgs/vimbax_camera_msgs/msg/detail/feature_info__rosidl_typesupport_introspection_c.h
[23.521s] -- Installing: /home/root1/lzx_ws/project/lidar_camera_ros_ws/install/vimbax_camera_msgs/include/vimbax_camera_msgs/vimbax_camera_msgs/msg/detail/event_data_entry__rosidl_typesupport_introspection_c.h
[23.521s] -- Installing: /home/root1/lzx_ws/project/lidar_camera_ros_ws/install/vimbax_camera_msgs/include/vimbax_camera_msgs/vimbax_camera_msgs/msg/detail/trigger_info__type_support.c
[23.522s] -- Installing: /home/root1/lzx_ws/project/lidar_camera_ros_ws/install/vimbax_camera_msgs/include/vimbax_camera_msgs/vimbax_camera_msgs/msg/detail/event_data__rosidl_typesupport_introspection_c.h
[23.522s] -- Installing: /home/root1/lzx_ws/project/lidar_camera_ros_ws/install/vimbax_camera_msgs/include/vimbax_camera_msgs/vimbax_camera_msgs/msg/detail/feature_flags__type_support.c
[23.522s] -- Installing: /home/root1/lzx_ws/project/lidar_camera_ros_ws/install/vimbax_camera_msgs/include/vimbax_camera_msgs/vimbax_camera_msgs/msg/detail/feature_flags__rosidl_typesupport_introspection_c.h
[23.522s] -- Installing: /home/root1/lzx_ws/project/lidar_camera_ros_ws/install/vimbax_camera_msgs/include/vimbax_camera_msgs/vimbax_camera_msgs/msg/detail/event_data__type_support.c
[23.522s] -- Installing: /home/root1/lzx_ws/project/lidar_camera_ros_ws/install/vimbax_camera_msgs/include/vimbax_camera_msgs/vimbax_camera_msgs/msg/rosidl_typesupport_introspection_c__visibility_control.h
[23.522s] -- Installing: /home/root1/lzx_ws/project/lidar_camera_ros_ws/install/vimbax_camera_msgs/lib/libvimbax_camera_msgs__rosidl_typesupport_introspection_c.so
[23.523s] -- Set runtime path of "/home/root1/lzx_ws/project/lidar_camera_ros_ws/install/vimbax_camera_msgs/lib/libvimbax_camera_msgs__rosidl_typesupport_introspection_c.so" to ""
[23.523s] -- Installing: /home/root1/lzx_ws/project/lidar_camera_ros_ws/install/vimbax_camera_msgs/lib/libvimbax_camera_msgs__rosidl_typesupport_c.so
[23.524s] -- Set runtime path of "/home/root1/lzx_ws/project/lidar_camera_ros_ws/install/vimbax_camera_msgs/lib/libvimbax_camera_msgs__rosidl_typesupport_c.so" to ""
[23.524s] -- Up-to-date: /home/root1/lzx_ws/project/lidar_camera_ros_ws/install/vimbax_camera_msgs/include/vimbax_camera_msgs/vimbax_camera_msgs
[23.524s] -- Up-to-date: /home/root1/lzx_ws/project/lidar_camera_ros_ws/install/vimbax_camera_msgs/include/vimbax_camera_msgs/vimbax_camera_msgs/srv
[23.524s] -- Installing: /home/root1/lzx_ws/project/lidar_camera_ros_ws/install/vimbax_camera_msgs/include/vimbax_camera_msgs/vimbax_camera_msgs/srv/status.hpp
[23.524s] -- Installing: /home/root1/lzx_ws/project/lidar_camera_ros_ws/install/vimbax_camera_msgs/include/vimbax_camera_msgs/vimbax_camera_msgs/srv/feature_string_set.hpp
[23.524s] -- Installing: /home/root1/lzx_ws/project/lidar_camera_ros_ws/install/vimbax_camera_msgs/include/vimbax_camera_msgs/vimbax_camera_msgs/srv/feature_float_set.hpp
[23.524s] -- Installing: /home/root1/lzx_ws/project/lidar_camera_ros_ws/install/vimbax_camera_msgs/include/vimbax_camera_msgs/vimbax_camera_msgs/srv/feature_bool_get.hpp
[23.524s] -- Installing: /home/root1/lzx_ws/project/lidar_camera_ros_ws/install/vimbax_camera_msgs/include/vimbax_camera_msgs/vimbax_camera_msgs/srv/feature_float_get.hpp
[23.525s] -- Installing: /home/root1/lzx_ws/project/lidar_camera_ros_ws/install/vimbax_camera_msgs/include/vimbax_camera_msgs/vimbax_camera_msgs/srv/feature_enum_as_int_get.hpp
[23.525s] -- Installing: /home/root1/lzx_ws/project/lidar_camera_ros_ws/install/vimbax_camera_msgs/include/vimbax_camera_msgs/vimbax_camera_msgs/srv/connection_status.hpp
[23.525s] -- Installing: /home/root1/lzx_ws/project/lidar_camera_ros_ws/install/vimbax_camera_msgs/include/vimbax_camera_msgs/vimbax_camera_msgs/srv/feature_float_info_get.hpp
[23.525s] -- Installing: /home/root1/lzx_ws/project/lidar_camera_ros_ws/install/vimbax_camera_msgs/include/vimbax_camera_msgs/vimbax_camera_msgs/srv/feature_info_query.hpp
[23.525s] -- Installing: /home/root1/lzx_ws/project/lidar_camera_ros_ws/install/vimbax_camera_msgs/include/vimbax_camera_msgs/vimbax_camera_msgs/srv/feature_string_get.hpp
[23.525s] -- Installing: /home/root1/lzx_ws/project/lidar_camera_ros_ws/install/vimbax_camera_msgs/include/vimbax_camera_msgs/vimbax_camera_msgs/srv/feature_enum_set.hpp
[23.525s] -- Installing: /home/root1/lzx_ws/project/lidar_camera_ros_ws/install/vimbax_camera_msgs/include/vimbax_camera_msgs/vimbax_camera_msgs/srv/unsubscribe_event.hpp
[23.525s] -- Installing: /home/root1/lzx_ws/project/lidar_camera_ros_ws/install/vimbax_camera_msgs/include/vimbax_camera_msgs/vimbax_camera_msgs/srv/feature_access_mode_get.hpp
[23.525s] -- Installing: /home/root1/lzx_ws/project/lidar_camera_ros_ws/install/vimbax_camera_msgs/include/vimbax_camera_msgs/vimbax_camera_msgs/srv/features_list_get.hpp
[23.526s] -- Installing: /home/root1/lzx_ws/project/lidar_camera_ros_ws/install/vimbax_camera_msgs/include/vimbax_camera_msgs/vimbax_camera_msgs/srv/feature_raw_info_get.hpp
[23.526s] -- Installing: /home/root1/lzx_ws/project/lidar_camera_ros_ws/install/vimbax_camera_msgs/include/vimbax_camera_msgs/vimbax_camera_msgs/srv/stream_start_stop.hpp
[23.526s] -- Installing: /home/root1/lzx_ws/project/lidar_camera_ros_ws/install/vimbax_camera_msgs/include/vimbax_camera_msgs/vimbax_camera_msgs/srv/subscribe_event.hpp
[23.526s] -- Installing: /home/root1/lzx_ws/project/lidar_camera_ros_ws/install/vimbax_camera_msgs/include/vimbax_camera_msgs/vimbax_camera_msgs/srv/feature_int_set.hpp
[23.526s] -- Installing: /home/root1/lzx_ws/project/lidar_camera_ros_ws/install/vimbax_camera_msgs/include/vimbax_camera_msgs/vimbax_camera_msgs/srv/feature_command_is_done.hpp
[23.526s] -- Up-to-date: /home/root1/lzx_ws/project/lidar_camera_ros_ws/install/vimbax_camera_msgs/include/vimbax_camera_msgs/vimbax_camera_msgs/srv/detail
[23.526s] -- Installing: /home/root1/lzx_ws/project/lidar_camera_ros_ws/install/vimbax_camera_msgs/include/vimbax_camera_msgs/vimbax_camera_msgs/srv/detail/feature_float_set__type_support.hpp
[23.526s] -- Installing: /home/root1/lzx_ws/project/lidar_camera_ros_ws/install/vimbax_camera_msgs/include/vimbax_camera_msgs/vimbax_camera_msgs/srv/detail/feature_int_set__struct.hpp
[23.527s] -- Installing: /home/root1/lzx_ws/project/lidar_camera_ros_ws/install/vimbax_camera_msgs/include/vimbax_camera_msgs/vimbax_camera_msgs/srv/detail/feature_enum_as_int_get__traits.hpp
[23.527s] -- Installing: /home/root1/lzx_ws/project/lidar_camera_ros_ws/install/vimbax_camera_msgs/include/vimbax_camera_msgs/vimbax_camera_msgs/srv/detail/feature_string_get__builder.hpp
[23.527s] -- Installing: /home/root1/lzx_ws/project/lidar_camera_ros_ws/install/vimbax_camera_msgs/include/vimbax_camera_msgs/vimbax_camera_msgs/srv/detail/feature_enum_as_string_get__struct.hpp
[23.527s] -- Installing: /home/root1/lzx_ws/project/lidar_camera_ros_ws/install/vimbax_camera_msgs/include/vimbax_camera_msgs/vimbax_camera_msgs/srv/detail/feature_enum_as_string_get__type_support.hpp
[23.527s] -- Installing: /home/root1/lzx_ws/project/lidar_camera_ros_ws/install/vimbax_camera_msgs/include/vimbax_camera_msgs/vimbax_camera_msgs/srv/detail/feature_float_get__struct.hpp
[23.527s] -- Installing: /home/root1/lzx_ws/project/lidar_camera_ros_ws/install/vimbax_camera_msgs/include/vimbax_camera_msgs/vimbax_camera_msgs/srv/detail/features_list_get__traits.hpp
[23.527s] -- Installing: /home/root1/lzx_ws/project/lidar_camera_ros_ws/install/vimbax_camera_msgs/include/vimbax_camera_msgs/vimbax_camera_msgs/srv/detail/feature_int_get__traits.hpp
[23.528s] -- Installing: /home/root1/lzx_ws/project/lidar_camera_ros_ws/install/vimbax_camera_msgs/include/vimbax_camera_msgs/vimbax_camera_msgs/srv/detail/feature_info_query__type_support.hpp
[23.528s] -- Installing: /home/root1/lzx_ws/project/lidar_camera_ros_ws/install/vimbax_camera_msgs/include/vimbax_camera_msgs/vimbax_camera_msgs/srv/detail/feature_enum_set__struct.hpp
[23.528s] -- Installing: /home/root1/lzx_ws/project/lidar_camera_ros_ws/install/vimbax_camera_msgs/include/vimbax_camera_msgs/vimbax_camera_msgs/srv/detail/feature_bool_get__type_support.hpp
[23.528s] -- Installing: /home/root1/lzx_ws/project/lidar_camera_ros_ws/install/vimbax_camera_msgs/include/vimbax_camera_msgs/vimbax_camera_msgs/srv/detail/status__traits.hpp
[23.528s] -- Installing: /home/root1/lzx_ws/project/lidar_camera_ros_ws/install/vimbax_camera_msgs/include/vimbax_camera_msgs/vimbax_camera_msgs/srv/detail/feature_raw_info_get__builder.hpp
[23.528s] -- Installing: /home/root1/lzx_ws/project/lidar_camera_ros_ws/install/vimbax_camera_msgs/include/vimbax_camera_msgs/vimbax_camera_msgs/srv/detail/feature_access_mode_get__traits.hpp
[23.528s] -- Installing: /home/root1/lzx_ws/project/lidar_camera_ros_ws/install/vimbax_camera_msgs/include/vimbax_camera_msgs/vimbax_camera_msgs/srv/detail/feature_command_is_done__struct.hpp
[23.528s] -- Installing: /home/root1/lzx_ws/project/lidar_camera_ros_ws/install/vimbax_camera_msgs/include/vimbax_camera_msgs/vimbax_camera_msgs/srv/detail/feature_command_run__type_support.hpp
[23.529s] -- Installing: /home/root1/lzx_ws/project/lidar_camera_ros_ws/install/vimbax_camera_msgs/include/vimbax_camera_msgs/vimbax_camera_msgs/srv/detail/feature_command_run__struct.hpp
[23.529s] -- Installing: /home/root1/lzx_ws/project/lidar_camera_ros_ws/install/vimbax_camera_msgs/include/vimbax_camera_msgs/vimbax_camera_msgs/srv/detail/feature_enum_set__traits.hpp
[23.529s] -- Installing: /home/root1/lzx_ws/project/lidar_camera_ros_ws/install/vimbax_camera_msgs/include/vimbax_camera_msgs/vimbax_camera_msgs/srv/detail/feature_string_set__builder.hpp
[23.529s] -- Installing: /home/root1/lzx_ws/project/lidar_camera_ros_ws/install/vimbax_camera_msgs/include/vimbax_camera_msgs/vimbax_camera_msgs/srv/detail/feature_raw_set__type_support.hpp
[23.529s] -- Installing: /home/root1/lzx_ws/project/lidar_camera_ros_ws/install/vimbax_camera_msgs/include/vimbax_camera_msgs/vimbax_camera_msgs/srv/detail/feature_float_info_get__traits.hpp
[23.529s] -- Installing: /home/root1/lzx_ws/project/lidar_camera_ros_ws/install/vimbax_camera_msgs/include/vimbax_camera_msgs/vimbax_camera_msgs/srv/detail/feature_access_mode_get__builder.hpp
[23.529s] -- Installing: /home/root1/lzx_ws/project/lidar_camera_ros_ws/install/vimbax_camera_msgs/include/vimbax_camera_msgs/vimbax_camera_msgs/srv/detail/feature_raw_info_get__struct.hpp
[23.529s] -- Installing: /home/root1/lzx_ws/project/lidar_camera_ros_ws/install/vimbax_camera_msgs/include/vimbax_camera_msgs/vimbax_camera_msgs/srv/detail/feature_enum_get__struct.hpp
[23.529s] -- Installing: /home/root1/lzx_ws/project/lidar_camera_ros_ws/install/vimbax_camera_msgs/include/vimbax_camera_msgs/vimbax_camera_msgs/srv/detail/feature_int_info_get__builder.hpp
[23.530s] -- Installing: /home/root1/lzx_ws/project/lidar_camera_ros_ws/install/vimbax_camera_msgs/include/vimbax_camera_msgs/vimbax_camera_msgs/srv/detail/settings_load_save__builder.hpp
[23.530s] -- Installing: /home/root1/lzx_ws/project/lidar_camera_ros_ws/install/vimbax_camera_msgs/include/vimbax_camera_msgs/vimbax_camera_msgs/srv/detail/status__type_support.hpp
[23.530s] -- Installing: /home/root1/lzx_ws/project/lidar_camera_ros_ws/install/vimbax_camera_msgs/include/vimbax_camera_msgs/vimbax_camera_msgs/srv/detail/feature_info_query__traits.hpp
[23.530s] -- Installing: /home/root1/lzx_ws/project/lidar_camera_ros_ws/install/vimbax_camera_msgs/include/vimbax_camera_msgs/vimbax_camera_msgs/srv/detail/feature_raw_get__builder.hpp
[23.530s] -- Installing: /home/root1/lzx_ws/project/lidar_camera_ros_ws/install/vimbax_camera_msgs/include/vimbax_camera_msgs/vimbax_camera_msgs/srv/detail/feature_float_get__builder.hpp
[23.530s] -- Installing: /home/root1/lzx_ws/project/lidar_camera_ros_ws/install/vimbax_camera_msgs/include/vimbax_camera_msgs/vimbax_camera_msgs/srv/detail/feature_string_info_get__struct.hpp
[23.530s] -- Installing: /home/root1/lzx_ws/project/lidar_camera_ros_ws/install/vimbax_camera_msgs/include/vimbax_camera_msgs/vimbax_camera_msgs/srv/detail/unsubscribe_event__struct.hpp
[23.530s] -- Installing: /home/root1/lzx_ws/project/lidar_camera_ros_ws/install/vimbax_camera_msgs/include/vimbax_camera_msgs/vimbax_camera_msgs/srv/detail/feature_string_info_get__builder.hpp
[23.530s] -- Installing: /home/root1/lzx_ws/project/lidar_camera_ros_ws/install/vimbax_camera_msgs/include/vimbax_camera_msgs/vimbax_camera_msgs/srv/detail/feature_command_run__builder.hpp
[23.530s] -- Installing: /home/root1/lzx_ws/project/lidar_camera_ros_ws/install/vimbax_camera_msgs/include/vimbax_camera_msgs/vimbax_camera_msgs/srv/detail/settings_load_save__struct.hpp
[23.531s] -- Installing: /home/root1/lzx_ws/project/lidar_camera_ros_ws/install/vimbax_camera_msgs/include/vimbax_camera_msgs/vimbax_camera_msgs/srv/detail/feature_enum_as_string_get__builder.hpp
[23.531s] -- Installing: /home/root1/lzx_ws/project/lidar_camera_ros_ws/install/vimbax_camera_msgs/include/vimbax_camera_msgs/vimbax_camera_msgs/srv/detail/feature_string_info_get__type_support.hpp
[23.531s] -- Installing: /home/root1/lzx_ws/project/lidar_camera_ros_ws/install/vimbax_camera_msgs/include/vimbax_camera_msgs/vimbax_camera_msgs/srv/detail/feature_enum_set__type_support.hpp
[23.531s] -- Installing: /home/root1/lzx_ws/project/lidar_camera_ros_ws/install/vimbax_camera_msgs/include/vimbax_camera_msgs/vimbax_camera_msgs/srv/detail/feature_bool_set__type_support.hpp
[23.531s] -- Installing: /home/root1/lzx_ws/project/lidar_camera_ros_ws/install/vimbax_camera_msgs/include/vimbax_camera_msgs/vimbax_camera_msgs/srv/detail/stream_start_stop__struct.hpp
[23.531s] -- Installing: /home/root1/lzx_ws/project/lidar_camera_ros_ws/install/vimbax_camera_msgs/include/vimbax_camera_msgs/vimbax_camera_msgs/srv/detail/feature_enum_as_string_get__traits.hpp
[23.531s] -- Installing: /home/root1/lzx_ws/project/lidar_camera_ros_ws/install/vimbax_camera_msgs/include/vimbax_camera_msgs/vimbax_camera_msgs/srv/detail/subscribe_event__type_support.hpp
[23.531s] -- Installing: /home/root1/lzx_ws/project/lidar_camera_ros_ws/install/vimbax_camera_msgs/include/vimbax_camera_msgs/vimbax_camera_msgs/srv/detail/feature_string_set__traits.hpp
[23.531s] -- Installing: /home/root1/lzx_ws/project/lidar_camera_ros_ws/install/vimbax_camera_msgs/include/vimbax_camera_msgs/vimbax_camera_msgs/srv/detail/feature_int_set__traits.hpp
[23.532s] -- Installing: /home/root1/lzx_ws/project/lidar_camera_ros_ws/install/vimbax_camera_msgs/include/vimbax_camera_msgs/vimbax_camera_msgs/srv/detail/feature_int_info_get__traits.hpp
[23.532s] -- Installing: /home/root1/lzx_ws/project/lidar_camera_ros_ws/install/vimbax_camera_msgs/include/vimbax_camera_msgs/vimbax_camera_msgs/srv/detail/feature_raw_set__builder.hpp
[23.532s] -- Installing: /home/root1/lzx_ws/project/lidar_camera_ros_ws/install/vimbax_camera_msgs/include/vimbax_camera_msgs/vimbax_camera_msgs/srv/detail/unsubscribe_event__type_support.hpp
[23.532s] -- Installing: /home/root1/lzx_ws/project/lidar_camera_ros_ws/install/vimbax_camera_msgs/include/vimbax_camera_msgs/vimbax_camera_msgs/srv/detail/feature_enum_as_int_get__type_support.hpp
[23.532s] -- Installing: /home/root1/lzx_ws/project/lidar_camera_ros_ws/install/vimbax_camera_msgs/include/vimbax_camera_msgs/vimbax_camera_msgs/srv/detail/feature_enum_info_get__traits.hpp
[23.532s] -- Installing: /home/root1/lzx_ws/project/lidar_camera_ros_ws/install/vimbax_camera_msgs/include/vimbax_camera_msgs/vimbax_camera_msgs/srv/detail/feature_access_mode_get__type_support.hpp
[23.532s] -- Installing: /home/root1/lzx_ws/project/lidar_camera_ros_ws/install/vimbax_camera_msgs/include/vimbax_camera_msgs/vimbax_camera_msgs/srv/detail/feature_raw_set__traits.hpp
[23.532s] -- Installing: /home/root1/lzx_ws/project/lidar_camera_ros_ws/install/vimbax_camera_msgs/include/vimbax_camera_msgs/vimbax_camera_msgs/srv/detail/feature_command_is_done__traits.hpp
[23.533s] -- Installing: /home/root1/lzx_ws/project/lidar_camera_ros_ws/install/vimbax_camera_msgs/include/vimbax_camera_msgs/vimbax_camera_msgs/srv/detail/status__builder.hpp
[23.533s] -- Installing: /home/root1/lzx_ws/project/lidar_camera_ros_ws/install/vimbax_camera_msgs/include/vimbax_camera_msgs/vimbax_camera_msgs/srv/detail/unsubscribe_event__traits.hpp
[23.533s] -- Installing: /home/root1/lzx_ws/project/lidar_camera_ros_ws/install/vimbax_camera_msgs/include/vimbax_camera_msgs/vimbax_camera_msgs/srv/detail/settings_load_save__traits.hpp
[23.533s] -- Installing: /home/root1/lzx_ws/project/lidar_camera_ros_ws/install/vimbax_camera_msgs/include/vimbax_camera_msgs/vimbax_camera_msgs/srv/detail/features_list_get__builder.hpp
[23.533s] -- Installing: /home/root1/lzx_ws/project/lidar_camera_ros_ws/install/vimbax_camera_msgs/include/vimbax_camera_msgs/vimbax_camera_msgs/srv/detail/feature_enum_info_get__type_support.hpp
[23.533s] -- Installing: /home/root1/lzx_ws/project/lidar_camera_ros_ws/install/vimbax_camera_msgs/include/vimbax_camera_msgs/vimbax_camera_msgs/srv/detail/stream_start_stop__type_support.hpp
[23.533s] -- Installing: /home/root1/lzx_ws/project/lidar_camera_ros_ws/install/vimbax_camera_msgs/include/vimbax_camera_msgs/vimbax_camera_msgs/srv/detail/feature_int_info_get__struct.hpp
[23.533s] -- Installing: /home/root1/lzx_ws/project/lidar_camera_ros_ws/install/vimbax_camera_msgs/include/vimbax_camera_msgs/vimbax_camera_msgs/srv/detail/feature_bool_get__builder.hpp
[23.533s] -- Installing: /home/root1/lzx_ws/project/lidar_camera_ros_ws/install/vimbax_camera_msgs/include/vimbax_camera_msgs/vimbax_camera_msgs/srv/detail/feature_int_info_get__type_support.hpp
[23.534s] -- Installing: /home/root1/lzx_ws/project/lidar_camera_ros_ws/install/vimbax_camera_msgs/include/vimbax_camera_msgs/vimbax_camera_msgs/srv/detail/feature_info_query__builder.hpp
[23.534s] -- Installing: /home/root1/lzx_ws/project/lidar_camera_ros_ws/install/vimbax_camera_msgs/include/vimbax_camera_msgs/vimbax_camera_msgs/srv/detail/feature_command_is_done__builder.hpp
[23.534s] -- Installing: /home/root1/lzx_ws/project/lidar_camera_ros_ws/install/vimbax_camera_msgs/include/vimbax_camera_msgs/vimbax_camera_msgs/srv/detail/feature_float_set__struct.hpp
[23.534s] -- Installing: /home/root1/lzx_ws/project/lidar_camera_ros_ws/install/vimbax_camera_msgs/include/vimbax_camera_msgs/vimbax_camera_msgs/srv/detail/feature_enum_as_int_get__struct.hpp
[23.534s] -- Installing: /home/root1/lzx_ws/project/lidar_camera_ros_ws/install/vimbax_camera_msgs/include/vimbax_camera_msgs/vimbax_camera_msgs/srv/detail/feature_string_get__struct.hpp
[23.534s] -- Installing: /home/root1/lzx_ws/project/lidar_camera_ros_ws/install/vimbax_camera_msgs/include/vimbax_camera_msgs/vimbax_camera_msgs/srv/detail/connection_status__traits.hpp
[23.534s] -- Installing: /home/root1/lzx_ws/project/lidar_camera_ros_ws/install/vimbax_camera_msgs/include/vimbax_camera_msgs/vimbax_camera_msgs/srv/detail/feature_bool_get__struct.hpp
[23.534s] -- Installing: /home/root1/lzx_ws/project/lidar_camera_ros_ws/install/vimbax_camera_msgs/include/vimbax_camera_msgs/vimbax_camera_msgs/srv/detail/feature_info_query__struct.hpp
[23.534s] -- Installing: /home/root1/lzx_ws/project/lidar_camera_ros_ws/install/vimbax_camera_msgs/include/vimbax_camera_msgs/vimbax_camera_msgs/srv/detail/subscribe_event__struct.hpp
[23.534s] -- Installing: /home/root1/lzx_ws/project/lidar_camera_ros_ws/install/vimbax_camera_msgs/include/vimbax_camera_msgs/vimbax_camera_msgs/srv/detail/feature_string_set__type_support.hpp
[23.535s] -- Installing: /home/root1/lzx_ws/project/lidar_camera_ros_ws/install/vimbax_camera_msgs/include/vimbax_camera_msgs/vimbax_camera_msgs/srv/detail/stream_start_stop__builder.hpp
[23.535s] -- Installing: /home/root1/lzx_ws/project/lidar_camera_ros_ws/install/vimbax_camera_msgs/include/vimbax_camera_msgs/vimbax_camera_msgs/srv/detail/subscribe_event__builder.hpp
[23.535s] -- Installing: /home/root1/lzx_ws/project/lidar_camera_ros_ws/install/vimbax_camera_msgs/include/vimbax_camera_msgs/vimbax_camera_msgs/srv/detail/feature_enum_set__builder.hpp
[23.535s] -- Installing: /home/root1/lzx_ws/project/lidar_camera_ros_ws/install/vimbax_camera_msgs/include/vimbax_camera_msgs/vimbax_camera_msgs/srv/detail/feature_bool_get__traits.hpp
[23.535s] -- Installing: /home/root1/lzx_ws/project/lidar_camera_ros_ws/install/vimbax_camera_msgs/include/vimbax_camera_msgs/vimbax_camera_msgs/srv/detail/feature_command_run__traits.hpp
[23.535s] -- Installing: /home/root1/lzx_ws/project/lidar_camera_ros_ws/install/vimbax_camera_msgs/include/vimbax_camera_msgs/vimbax_camera_msgs/srv/detail/feature_bool_set__traits.hpp
[23.535s] -- Installing: /home/root1/lzx_ws/project/lidar_camera_ros_ws/install/vimbax_camera_msgs/include/vimbax_camera_msgs/vimbax_camera_msgs/srv/detail/stream_start_stop__traits.hpp
[23.535s] -- Installing: /home/root1/lzx_ws/project/lidar_camera_ros_ws/install/vimbax_camera_msgs/include/vimbax_camera_msgs/vimbax_camera_msgs/srv/detail/subscribe_event__traits.hpp
[23.536s] -- Installing: /home/root1/lzx_ws/project/lidar_camera_ros_ws/install/vimbax_camera_msgs/include/vimbax_camera_msgs/vimbax_camera_msgs/srv/detail/feature_raw_info_get__traits.hpp
[23.536s] -- Installing: /home/root1/lzx_ws/project/lidar_camera_ros_ws/install/vimbax_camera_msgs/include/vimbax_camera_msgs/vimbax_camera_msgs/srv/detail/feature_float_info_get__builder.hpp
[23.536s] -- Installing: /home/root1/lzx_ws/project/lidar_camera_ros_ws/install/vimbax_camera_msgs/include/vimbax_camera_msgs/vimbax_camera_msgs/srv/detail/features_list_get__type_support.hpp
[23.536s] -- Installing: /home/root1/lzx_ws/project/lidar_camera_ros_ws/install/vimbax_camera_msgs/include/vimbax_camera_msgs/vimbax_camera_msgs/srv/detail/feature_bool_set__struct.hpp
[23.536s] -- Installing: /home/root1/lzx_ws/project/lidar_camera_ros_ws/install/vimbax_camera_msgs/include/vimbax_camera_msgs/vimbax_camera_msgs/srv/detail/feature_enum_get__builder.hpp
[23.536s] -- Installing: /home/root1/lzx_ws/project/lidar_camera_ros_ws/install/vimbax_camera_msgs/include/vimbax_camera_msgs/vimbax_camera_msgs/srv/detail/feature_string_get__type_support.hpp
[23.536s] -- Installing: /home/root1/lzx_ws/project/lidar_camera_ros_ws/install/vimbax_camera_msgs/include/vimbax_camera_msgs/vimbax_camera_msgs/srv/detail/feature_bool_set__builder.hpp
[23.536s] -- Installing: /home/root1/lzx_ws/project/lidar_camera_ros_ws/install/vimbax_camera_msgs/include/vimbax_camera_msgs/vimbax_camera_msgs/srv/detail/feature_enum_as_int_get__builder.hpp
[23.536s] -- Installing: /home/root1/lzx_ws/project/lidar_camera_ros_ws/install/vimbax_camera_msgs/include/vimbax_camera_msgs/vimbax_camera_msgs/srv/detail/connection_status__builder.hpp
[23.536s] -- Installing: /home/root1/lzx_ws/project/lidar_camera_ros_ws/install/vimbax_camera_msgs/include/vimbax_camera_msgs/vimbax_camera_msgs/srv/detail/feature_raw_set__struct.hpp
[23.537s] -- Installing: /home/root1/lzx_ws/project/lidar_camera_ros_ws/install/vimbax_camera_msgs/include/vimbax_camera_msgs/vimbax_camera_msgs/srv/detail/connection_status__struct.hpp
[23.537s] -- Installing: /home/root1/lzx_ws/project/lidar_camera_ros_ws/install/vimbax_camera_msgs/include/vimbax_camera_msgs/vimbax_camera_msgs/srv/detail/feature_enum_info_get__struct.hpp
[23.537s] -- Installing: /home/root1/lzx_ws/project/lidar_camera_ros_ws/install/vimbax_camera_msgs/include/vimbax_camera_msgs/vimbax_camera_msgs/srv/detail/feature_enum_info_get__builder.hpp
[23.537s] -- Installing: /home/root1/lzx_ws/project/lidar_camera_ros_ws/install/vimbax_camera_msgs/include/vimbax_camera_msgs/vimbax_camera_msgs/srv/detail/settings_load_save__type_support.hpp
[23.537s] -- Installing: /home/root1/lzx_ws/project/lidar_camera_ros_ws/install/vimbax_camera_msgs/include/vimbax_camera_msgs/vimbax_camera_msgs/srv/detail/feature_string_get__traits.hpp
[23.537s] -- Installing: /home/root1/lzx_ws/project/lidar_camera_ros_ws/install/vimbax_camera_msgs/include/vimbax_camera_msgs/vimbax_camera_msgs/srv/detail/feature_raw_get__type_support.hpp
[23.537s] -- Installing: /home/root1/lzx_ws/project/lidar_camera_ros_ws/install/vimbax_camera_msgs/include/vimbax_camera_msgs/vimbax_camera_msgs/srv/detail/feature_access_mode_get__struct.hpp
[23.537s] -- Installing: /home/root1/lzx_ws/project/lidar_camera_ros_ws/install/vimbax_camera_msgs/include/vimbax_camera_msgs/vimbax_camera_msgs/srv/detail/feature_enum_get__traits.hpp
[23.538s] -- Installing: /home/root1/lzx_ws/project/lidar_camera_ros_ws/install/vimbax_camera_msgs/include/vimbax_camera_msgs/vimbax_camera_msgs/srv/detail/feature_float_set__builder.hpp
[23.538s] -- Installing: /home/root1/lzx_ws/project/lidar_camera_ros_ws/install/vimbax_camera_msgs/include/vimbax_camera_msgs/vimbax_camera_msgs/srv/detail/feature_float_info_get__struct.hpp
[23.538s] -- Installing: /home/root1/lzx_ws/project/lidar_camera_ros_ws/install/vimbax_camera_msgs/include/vimbax_camera_msgs/vimbax_camera_msgs/srv/detail/feature_string_set__struct.hpp
[23.538s] -- Installing: /home/root1/lzx_ws/project/lidar_camera_ros_ws/install/vimbax_camera_msgs/include/vimbax_camera_msgs/vimbax_camera_msgs/srv/detail/feature_raw_get__struct.hpp
[23.538s] -- Installing: /home/root1/lzx_ws/project/lidar_camera_ros_ws/install/vimbax_camera_msgs/include/vimbax_camera_msgs/vimbax_camera_msgs/srv/detail/feature_int_get__struct.hpp
[23.538s] -- Installing: /home/root1/lzx_ws/project/lidar_camera_ros_ws/install/vimbax_camera_msgs/include/vimbax_camera_msgs/vimbax_camera_msgs/srv/detail/status__struct.hpp
[23.538s] -- Installing: /home/root1/lzx_ws/project/lidar_camera_ros_ws/install/vimbax_camera_msgs/include/vimbax_camera_msgs/vimbax_camera_msgs/srv/detail/feature_command_is_done__type_support.hpp
[23.538s] -- Installing: /home/root1/lzx_ws/project/lidar_camera_ros_ws/install/vimbax_camera_msgs/include/vimbax_camera_msgs/vimbax_camera_msgs/srv/detail/feature_float_get__traits.hpp
[23.538s] -- Installing: /home/root1/lzx_ws/project/lidar_camera_ros_ws/install/vimbax_camera_msgs/include/vimbax_camera_msgs/vimbax_camera_msgs/srv/detail/feature_int_get__builder.hpp
[23.539s] -- Installing: /home/root1/lzx_ws/project/lidar_camera_ros_ws/install/vimbax_camera_msgs/include/vimbax_camera_msgs/vimbax_camera_msgs/srv/detail/feature_raw_info_get__type_support.hpp
[23.539s] -- Installing: /home/root1/lzx_ws/project/lidar_camera_ros_ws/install/vimbax_camera_msgs/include/vimbax_camera_msgs/vimbax_camera_msgs/srv/detail/feature_int_set__type_support.hpp
[23.539s] -- Installing: /home/root1/lzx_ws/project/lidar_camera_ros_ws/install/vimbax_camera_msgs/include/vimbax_camera_msgs/vimbax_camera_msgs/srv/detail/feature_float_get__type_support.hpp
[23.539s] -- Installing: /home/root1/lzx_ws/project/lidar_camera_ros_ws/install/vimbax_camera_msgs/include/vimbax_camera_msgs/vimbax_camera_msgs/srv/detail/feature_float_info_get__type_support.hpp
[23.539s] -- Installing: /home/root1/lzx_ws/project/lidar_camera_ros_ws/install/vimbax_camera_msgs/include/vimbax_camera_msgs/vimbax_camera_msgs/srv/detail/features_list_get__struct.hpp
[23.539s] -- Installing: /home/root1/lzx_ws/project/lidar_camera_ros_ws/install/vimbax_camera_msgs/include/vimbax_camera_msgs/vimbax_camera_msgs/srv/detail/feature_raw_get__traits.hpp
[23.539s] -- Installing: /home/root1/lzx_ws/project/lidar_camera_ros_ws/install/vimbax_camera_msgs/include/vimbax_camera_msgs/vimbax_camera_msgs/srv/detail/feature_int_set__builder.hpp
[23.539s] -- Installing: /home/root1/lzx_ws/project/lidar_camera_ros_ws/install/vimbax_camera_msgs/include/vimbax_camera_msgs/vimbax_camera_msgs/srv/detail/unsubscribe_event__builder.hpp
[23.540s] -- Installing: /home/root1/lzx_ws/project/lidar_camera_ros_ws/install/vimbax_camera_msgs/include/vimbax_camera_msgs/vimbax_camera_msgs/srv/detail/feature_int_get__type_support.hpp
[23.540s] -- Installing: /home/root1/lzx_ws/project/lidar_camera_ros_ws/install/vimbax_camera_msgs/include/vimbax_camera_msgs/vimbax_camera_msgs/srv/detail/connection_status__type_support.hpp
[23.540s] -- Installing: /home/root1/lzx_ws/project/lidar_camera_ros_ws/install/vimbax_camera_msgs/include/vimbax_camera_msgs/vimbax_camera_msgs/srv/detail/feature_float_set__traits.hpp
[23.540s] -- Installing: /home/root1/lzx_ws/project/lidar_camera_ros_ws/install/vimbax_camera_msgs/include/vimbax_camera_msgs/vimbax_camera_msgs/srv/detail/feature_string_info_get__traits.hpp
[23.540s] -- Installing: /home/root1/lzx_ws/project/lidar_camera_ros_ws/install/vimbax_camera_msgs/include/vimbax_camera_msgs/vimbax_camera_msgs/srv/detail/feature_enum_get__type_support.hpp
[23.540s] -- Installing: /home/root1/lzx_ws/project/lidar_camera_ros_ws/install/vimbax_camera_msgs/include/vimbax_camera_msgs/vimbax_camera_msgs/srv/feature_raw_get.hpp
[23.540s] -- Installing: /home/root1/lzx_ws/project/lidar_camera_ros_ws/install/vimbax_camera_msgs/include/vimbax_camera_msgs/vimbax_camera_msgs/srv/feature_enum_get.hpp
[23.540s] -- Installing: /home/root1/lzx_ws/project/lidar_camera_ros_ws/install/vimbax_camera_msgs/include/vimbax_camera_msgs/vimbax_camera_msgs/srv/feature_command_run.hpp
[23.540s] -- Installing: /home/root1/lzx_ws/project/lidar_camera_ros_ws/install/vimbax_camera_msgs/include/vimbax_camera_msgs/vimbax_camera_msgs/srv/feature_enum_info_get.hpp
[23.541s] -- Installing: /home/root1/lzx_ws/project/lidar_camera_ros_ws/install/vimbax_camera_msgs/include/vimbax_camera_msgs/vimbax_camera_msgs/srv/feature_raw_set.hpp
[23.541s] -- Installing: /home/root1/lzx_ws/project/lidar_camera_ros_ws/install/vimbax_camera_msgs/include/vimbax_camera_msgs/vimbax_camera_msgs/srv/feature_string_info_get.hpp
[23.541s] -- Installing: /home/root1/lzx_ws/project/lidar_camera_ros_ws/install/vimbax_camera_msgs/include/vimbax_camera_msgs/vimbax_camera_msgs/srv/feature_bool_set.hpp
[23.541s] -- Installing: /home/root1/lzx_ws/project/lidar_camera_ros_ws/install/vimbax_camera_msgs/include/vimbax_camera_msgs/vimbax_camera_msgs/srv/feature_int_get.hpp
[23.541s] -- Installing: /home/root1/lzx_ws/project/lidar_camera_ros_ws/install/vimbax_camera_msgs/include/vimbax_camera_msgs/vimbax_camera_msgs/srv/settings_load_save.hpp
[23.541s] -- Installing: /home/root1/lzx_ws/project/lidar_camera_ros_ws/install/vimbax_camera_msgs/include/vimbax_camera_msgs/vimbax_camera_msgs/srv/feature_int_info_get.hpp
[23.541s] -- Installing: /home/root1/lzx_ws/project/lidar_camera_ros_ws/install/vimbax_camera_msgs/include/vimbax_camera_msgs/vimbax_camera_msgs/srv/feature_enum_as_string_get.hpp
[23.541s] -- Up-to-date: /home/root1/lzx_ws/project/lidar_camera_ros_ws/install/vimbax_camera_msgs/include/vimbax_camera_msgs/vimbax_camera_msgs/msg
[23.541s] -- Installing: /home/root1/lzx_ws/project/lidar_camera_ros_ws/install/vimbax_camera_msgs/include/vimbax_camera_msgs/vimbax_camera_msgs/msg/event_data_entry.hpp
[23.541s] -- Installing: /home/root1/lzx_ws/project/lidar_camera_ros_ws/install/vimbax_camera_msgs/include/vimbax_camera_msgs/vimbax_camera_msgs/msg/event_data.hpp
[23.541s] -- Installing: /home/root1/lzx_ws/project/lidar_camera_ros_ws/install/vimbax_camera_msgs/include/vimbax_camera_msgs/vimbax_camera_msgs/msg/feature_flags.hpp
[23.542s] -- Installing: /home/root1/lzx_ws/project/lidar_camera_ros_ws/install/vimbax_camera_msgs/include/vimbax_camera_msgs/vimbax_camera_msgs/msg/error.hpp
[23.542s] -- Installing: /home/root1/lzx_ws/project/lidar_camera_ros_ws/install/vimbax_camera_msgs/include/vimbax_camera_msgs/vimbax_camera_msgs/msg/feature_info.hpp
[23.542s] -- Up-to-date: /home/root1/lzx_ws/project/lidar_camera_ros_ws/install/vimbax_camera_msgs/include/vimbax_camera_msgs/vimbax_camera_msgs/msg/detail
[23.542s] -- Installing: /home/root1/lzx_ws/project/lidar_camera_ros_ws/install/vimbax_camera_msgs/include/vimbax_camera_msgs/vimbax_camera_msgs/msg/detail/feature_flags__struct.hpp
[23.542s] -- Installing: /home/root1/lzx_ws/project/lidar_camera_ros_ws/install/vimbax_camera_msgs/include/vimbax_camera_msgs/vimbax_camera_msgs/msg/detail/event_data_entry__builder.hpp
[23.542s] -- Installing: /home/root1/lzx_ws/project/lidar_camera_ros_ws/install/vimbax_camera_msgs/include/vimbax_camera_msgs/vimbax_camera_msgs/msg/detail/feature_info__type_support.hpp
[23.542s] -- Installing: /home/root1/lzx_ws/project/lidar_camera_ros_ws/install/vimbax_camera_msgs/include/vimbax_camera_msgs/vimbax_camera_msgs/msg/detail/feature_module__traits.hpp
[23.542s] -- Installing: /home/root1/lzx_ws/project/lidar_camera_ros_ws/install/vimbax_camera_msgs/include/vimbax_camera_msgs/vimbax_camera_msgs/msg/detail/feature_flags__builder.hpp
[23.542s] -- Installing: /home/root1/lzx_ws/project/lidar_camera_ros_ws/install/vimbax_camera_msgs/include/vimbax_camera_msgs/vimbax_camera_msgs/msg/detail/feature_info__builder.hpp
[23.542s] -- Installing: /home/root1/lzx_ws/project/lidar_camera_ros_ws/install/vimbax_camera_msgs/include/vimbax_camera_msgs/vimbax_camera_msgs/msg/detail/event_data__traits.hpp
[23.543s] -- Installing: /home/root1/lzx_ws/project/lidar_camera_ros_ws/install/vimbax_camera_msgs/include/vimbax_camera_msgs/vimbax_camera_msgs/msg/detail/trigger_info__struct.hpp
[23.543s] -- Installing: /home/root1/lzx_ws/project/lidar_camera_ros_ws/install/vimbax_camera_msgs/include/vimbax_camera_msgs/vimbax_camera_msgs/msg/detail/feature_flags__traits.hpp
[23.543s] -- Installing: /home/root1/lzx_ws/project/lidar_camera_ros_ws/install/vimbax_camera_msgs/include/vimbax_camera_msgs/vimbax_camera_msgs/msg/detail/event_data_entry__traits.hpp
[23.543s] -- Installing: /home/root1/lzx_ws/project/lidar_camera_ros_ws/install/vimbax_camera_msgs/include/vimbax_camera_msgs/vimbax_camera_msgs/msg/detail/event_data_entry__struct.hpp
[23.543s] -- Installing: /home/root1/lzx_ws/project/lidar_camera_ros_ws/install/vimbax_camera_msgs/include/vimbax_camera_msgs/vimbax_camera_msgs/msg/detail/feature_module__type_support.hpp
[23.543s] -- Installing: /home/root1/lzx_ws/project/lidar_camera_ros_ws/install/vimbax_camera_msgs/include/vimbax_camera_msgs/vimbax_camera_msgs/msg/detail/event_data__builder.hpp
[23.543s] -- Installing: /home/root1/lzx_ws/project/lidar_camera_ros_ws/install/vimbax_camera_msgs/include/vimbax_camera_msgs/vimbax_camera_msgs/msg/detail/event_data__struct.hpp
[23.543s] -- Installing: /home/root1/lzx_ws/project/lidar_camera_ros_ws/install/vimbax_camera_msgs/include/vimbax_camera_msgs/vimbax_camera_msgs/msg/detail/error__type_support.hpp
[23.543s] -- Installing: /home/root1/lzx_ws/project/lidar_camera_ros_ws/install/vimbax_camera_msgs/include/vimbax_camera_msgs/vimbax_camera_msgs/msg/detail/feature_module__builder.hpp
[23.543s] -- Installing: /home/root1/lzx_ws/project/lidar_camera_ros_ws/install/vimbax_camera_msgs/include/vimbax_camera_msgs/vimbax_camera_msgs/msg/detail/error__struct.hpp
[23.544s] -- Installing: /home/root1/lzx_ws/project/lidar_camera_ros_ws/install/vimbax_camera_msgs/include/vimbax_camera_msgs/vimbax_camera_msgs/msg/detail/trigger_info__builder.hpp
[23.544s] -- Installing: /home/root1/lzx_ws/project/lidar_camera_ros_ws/install/vimbax_camera_msgs/include/vimbax_camera_msgs/vimbax_camera_msgs/msg/detail/feature_flags__type_support.hpp
[23.544s] -- Installing: /home/root1/lzx_ws/project/lidar_camera_ros_ws/install/vimbax_camera_msgs/include/vimbax_camera_msgs/vimbax_camera_msgs/msg/detail/feature_info__struct.hpp
[23.544s] -- Installing: /home/root1/lzx_ws/project/lidar_camera_ros_ws/install/vimbax_camera_msgs/include/vimbax_camera_msgs/vimbax_camera_msgs/msg/detail/feature_info__traits.hpp
[23.544s] -- Installing: /home/root1/lzx_ws/project/lidar_camera_ros_ws/install/vimbax_camera_msgs/include/vimbax_camera_msgs/vimbax_camera_msgs/msg/detail/feature_module__struct.hpp
[23.544s] -- Installing: /home/root1/lzx_ws/project/lidar_camera_ros_ws/install/vimbax_camera_msgs/include/vimbax_camera_msgs/vimbax_camera_msgs/msg/detail/error__traits.hpp
[23.544s] -- Installing: /home/root1/lzx_ws/project/lidar_camera_ros_ws/install/vimbax_camera_msgs/include/vimbax_camera_msgs/vimbax_camera_msgs/msg/detail/trigger_info__traits.hpp
[23.544s] -- Installing: /home/root1/lzx_ws/project/lidar_camera_ros_ws/install/vimbax_camera_msgs/include/vimbax_camera_msgs/vimbax_camera_msgs/msg/detail/trigger_info__type_support.hpp
[23.545s] -- Installing: /home/root1/lzx_ws/project/lidar_camera_ros_ws/install/vimbax_camera_msgs/include/vimbax_camera_msgs/vimbax_camera_msgs/msg/detail/event_data__type_support.hpp
[23.545s] -- Installing: /home/root1/lzx_ws/project/lidar_camera_ros_ws/install/vimbax_camera_msgs/include/vimbax_camera_msgs/vimbax_camera_msgs/msg/detail/error__builder.hpp
[23.545s] -- Installing: /home/root1/lzx_ws/project/lidar_camera_ros_ws/install/vimbax_camera_msgs/include/vimbax_camera_msgs/vimbax_camera_msgs/msg/detail/event_data_entry__type_support.hpp
[23.545s] -- Installing: /home/root1/lzx_ws/project/lidar_camera_ros_ws/install/vimbax_camera_msgs/include/vimbax_camera_msgs/vimbax_camera_msgs/msg/feature_module.hpp
[23.545s] -- Installing: /home/root1/lzx_ws/project/lidar_camera_ros_ws/install/vimbax_camera_msgs/include/vimbax_camera_msgs/vimbax_camera_msgs/msg/rosidl_generator_cpp__visibility_control.hpp
[23.545s] -- Installing: /home/root1/lzx_ws/project/lidar_camera_ros_ws/install/vimbax_camera_msgs/include/vimbax_camera_msgs/vimbax_camera_msgs/msg/trigger_info.hpp
[23.545s] -- Up-to-date: /home/root1/lzx_ws/project/lidar_camera_ros_ws/install/vimbax_camera_msgs/include/vimbax_camera_msgs/vimbax_camera_msgs
[23.545s] -- Up-to-date: /home/root1/lzx_ws/project/lidar_camera_ros_ws/install/vimbax_camera_msgs/include/vimbax_camera_msgs/vimbax_camera_msgs/srv
[23.545s] -- Up-to-date: /home/root1/lzx_ws/project/lidar_camera_ros_ws/install/vimbax_camera_msgs/include/vimbax_camera_msgs/vimbax_camera_msgs/srv/detail
[23.546s] -- Installing: /home/root1/lzx_ws/project/lidar_camera_ros_ws/install/vimbax_camera_msgs/include/vimbax_camera_msgs/vimbax_camera_msgs/srv/detail/feature_enum_set__rosidl_typesupport_fastrtps_cpp.hpp
[23.546s] -- Installing: /home/root1/lzx_ws/project/lidar_camera_ros_ws/install/vimbax_camera_msgs/include/vimbax_camera_msgs/vimbax_camera_msgs/srv/detail/feature_float_info_get__rosidl_typesupport_fastrtps_cpp.hpp
[23.546s] -- Installing: /home/root1/lzx_ws/project/lidar_camera_ros_ws/install/vimbax_camera_msgs/include/vimbax_camera_msgs/vimbax_camera_msgs/srv/detail/feature_int_set__rosidl_typesupport_fastrtps_cpp.hpp
[23.546s] -- Installing: /home/root1/lzx_ws/project/lidar_camera_ros_ws/install/vimbax_camera_msgs/include/vimbax_camera_msgs/vimbax_camera_msgs/srv/detail/dds_fastrtps
[23.546s] -- Installing: /home/root1/lzx_ws/project/lidar_camera_ros_ws/install/vimbax_camera_msgs/include/vimbax_camera_msgs/vimbax_camera_msgs/srv/detail/feature_command_is_done__rosidl_typesupport_fastrtps_cpp.hpp
[23.546s] -- Installing: /home/root1/lzx_ws/project/lidar_camera_ros_ws/install/vimbax_camera_msgs/include/vimbax_camera_msgs/vimbax_camera_msgs/srv/detail/status__rosidl_typesupport_fastrtps_cpp.hpp
[23.546s] -- Installing: /home/root1/lzx_ws/project/lidar_camera_ros_ws/install/vimbax_camera_msgs/include/vimbax_camera_msgs/vimbax_camera_msgs/srv/detail/feature_bool_get__rosidl_typesupport_fastrtps_cpp.hpp
[23.546s] -- Installing: /home/root1/lzx_ws/project/lidar_camera_ros_ws/install/vimbax_camera_msgs/include/vimbax_camera_msgs/vimbax_camera_msgs/srv/detail/subscribe_event__rosidl_typesupport_fastrtps_cpp.hpp
[23.546s] -- Installing: /home/root1/lzx_ws/project/lidar_camera_ros_ws/install/vimbax_camera_msgs/include/vimbax_camera_msgs/vimbax_camera_msgs/srv/detail/feature_enum_as_int_get__rosidl_typesupport_fastrtps_cpp.hpp
[23.547s] -- Installing: /home/root1/lzx_ws/project/lidar_camera_ros_ws/install/vimbax_camera_msgs/include/vimbax_camera_msgs/vimbax_camera_msgs/srv/detail/feature_info_query__rosidl_typesupport_fastrtps_cpp.hpp
[23.547s] -- Installing: /home/root1/lzx_ws/project/lidar_camera_ros_ws/install/vimbax_camera_msgs/include/vimbax_camera_msgs/vimbax_camera_msgs/srv/detail/connection_status__rosidl_typesupport_fastrtps_cpp.hpp
[23.547s] -- Installing: /home/root1/lzx_ws/project/lidar_camera_ros_ws/install/vimbax_camera_msgs/include/vimbax_camera_msgs/vimbax_camera_msgs/srv/detail/feature_string_get__rosidl_typesupport_fastrtps_cpp.hpp
[23.547s] -- Installing: /home/root1/lzx_ws/project/lidar_camera_ros_ws/install/vimbax_camera_msgs/include/vimbax_camera_msgs/vimbax_camera_msgs/srv/detail/feature_enum_get__rosidl_typesupport_fastrtps_cpp.hpp
[23.547s] -- Installing: /home/root1/lzx_ws/project/lidar_camera_ros_ws/install/vimbax_camera_msgs/include/vimbax_camera_msgs/vimbax_camera_msgs/srv/detail/feature_float_get__rosidl_typesupport_fastrtps_cpp.hpp
[23.547s] -- Installing: /home/root1/lzx_ws/project/lidar_camera_ros_ws/install/vimbax_camera_msgs/include/vimbax_camera_msgs/vimbax_camera_msgs/srv/detail/feature_bool_set__rosidl_typesupport_fastrtps_cpp.hpp
[23.547s] -- Installing: /home/root1/lzx_ws/project/lidar_camera_ros_ws/install/vimbax_camera_msgs/include/vimbax_camera_msgs/vimbax_camera_msgs/srv/detail/features_list_get__rosidl_typesupport_fastrtps_cpp.hpp
[23.547s] -- Installing: /home/root1/lzx_ws/project/lidar_camera_ros_ws/install/vimbax_camera_msgs/include/vimbax_camera_msgs/vimbax_camera_msgs/srv/detail/feature_enum_as_string_get__rosidl_typesupport_fastrtps_cpp.hpp
[23.547s] -- Installing: /home/root1/lzx_ws/project/lidar_camera_ros_ws/install/vimbax_camera_msgs/include/vimbax_camera_msgs/vimbax_camera_msgs/srv/detail/feature_raw_set__rosidl_typesupport_fastrtps_cpp.hpp
[23.548s] -- Installing: /home/root1/lzx_ws/project/lidar_camera_ros_ws/install/vimbax_camera_msgs/include/vimbax_camera_msgs/vimbax_camera_msgs/srv/detail/feature_int_get__rosidl_typesupport_fastrtps_cpp.hpp
[23.548s] -- Installing: /home/root1/lzx_ws/project/lidar_camera_ros_ws/install/vimbax_camera_msgs/include/vimbax_camera_msgs/vimbax_camera_msgs/srv/detail/feature_float_set__rosidl_typesupport_fastrtps_cpp.hpp
[23.548s] -- Installing: /home/root1/lzx_ws/project/lidar_camera_ros_ws/install/vimbax_camera_msgs/include/vimbax_camera_msgs/vimbax_camera_msgs/srv/detail/stream_start_stop__rosidl_typesupport_fastrtps_cpp.hpp
[23.548s] -- Installing: /home/root1/lzx_ws/project/lidar_camera_ros_ws/install/vimbax_camera_msgs/include/vimbax_camera_msgs/vimbax_camera_msgs/srv/detail/feature_command_run__rosidl_typesupport_fastrtps_cpp.hpp
[23.548s] -- Installing: /home/root1/lzx_ws/project/lidar_camera_ros_ws/install/vimbax_camera_msgs/include/vimbax_camera_msgs/vimbax_camera_msgs/srv/detail/feature_int_info_get__rosidl_typesupport_fastrtps_cpp.hpp
[23.548s] -- Installing: /home/root1/lzx_ws/project/lidar_camera_ros_ws/install/vimbax_camera_msgs/include/vimbax_camera_msgs/vimbax_camera_msgs/srv/detail/feature_access_mode_get__rosidl_typesupport_fastrtps_cpp.hpp
[23.548s] -- Installing: /home/root1/lzx_ws/project/lidar_camera_ros_ws/install/vimbax_camera_msgs/include/vimbax_camera_msgs/vimbax_camera_msgs/srv/detail/feature_enum_info_get__rosidl_typesupport_fastrtps_cpp.hpp
[23.548s] -- Installing: /home/root1/lzx_ws/project/lidar_camera_ros_ws/install/vimbax_camera_msgs/include/vimbax_camera_msgs/vimbax_camera_msgs/srv/detail/unsubscribe_event__rosidl_typesupport_fastrtps_cpp.hpp
[23.548s] -- Installing: /home/root1/lzx_ws/project/lidar_camera_ros_ws/install/vimbax_camera_msgs/include/vimbax_camera_msgs/vimbax_camera_msgs/srv/detail/feature_raw_get__rosidl_typesupport_fastrtps_cpp.hpp
[23.549s] -- Installing: /home/root1/lzx_ws/project/lidar_camera_ros_ws/install/vimbax_camera_msgs/include/vimbax_camera_msgs/vimbax_camera_msgs/srv/detail/settings_load_save__rosidl_typesupport_fastrtps_cpp.hpp
[23.549s] -- Installing: /home/root1/lzx_ws/project/lidar_camera_ros_ws/install/vimbax_camera_msgs/include/vimbax_camera_msgs/vimbax_camera_msgs/srv/detail/feature_raw_info_get__rosidl_typesupport_fastrtps_cpp.hpp
[23.549s] -- Installing: /home/root1/lzx_ws/project/lidar_camera_ros_ws/install/vimbax_camera_msgs/include/vimbax_camera_msgs/vimbax_camera_msgs/srv/detail/feature_string_set__rosidl_typesupport_fastrtps_cpp.hpp
[23.549s] -- Installing: /home/root1/lzx_ws/project/lidar_camera_ros_ws/install/vimbax_camera_msgs/include/vimbax_camera_msgs/vimbax_camera_msgs/srv/detail/feature_string_info_get__rosidl_typesupport_fastrtps_cpp.hpp
[23.549s] -- Up-to-date: /home/root1/lzx_ws/project/lidar_camera_ros_ws/install/vimbax_camera_msgs/include/vimbax_camera_msgs/vimbax_camera_msgs/msg
[23.549s] -- Installing: /home/root1/lzx_ws/project/lidar_camera_ros_ws/install/vimbax_camera_msgs/include/vimbax_camera_msgs/vimbax_camera_msgs/msg/rosidl_typesupport_fastrtps_cpp__visibility_control.h
[23.549s] -- Up-to-date: /home/root1/lzx_ws/project/lidar_camera_ros_ws/install/vimbax_camera_msgs/include/vimbax_camera_msgs/vimbax_camera_msgs/msg/detail
[23.549s] -- Installing: /home/root1/lzx_ws/project/lidar_camera_ros_ws/install/vimbax_camera_msgs/include/vimbax_camera_msgs/vimbax_camera_msgs/msg/detail/dds_fastrtps
[23.549s] -- Installing: /home/root1/lzx_ws/project/lidar_camera_ros_ws/install/vimbax_camera_msgs/include/vimbax_camera_msgs/vimbax_camera_msgs/msg/detail/error__rosidl_typesupport_fastrtps_cpp.hpp
[23.549s] -- Installing: /home/root1/lzx_ws/project/lidar_camera_ros_ws/install/vimbax_camera_msgs/include/vimbax_camera_msgs/vimbax_camera_msgs/msg/detail/event_data__rosidl_typesupport_fastrtps_cpp.hpp
[23.550s] -- Installing: /home/root1/lzx_ws/project/lidar_camera_ros_ws/install/vimbax_camera_msgs/include/vimbax_camera_msgs/vimbax_camera_msgs/msg/detail/feature_flags__rosidl_typesupport_fastrtps_cpp.hpp
[23.550s] -- Installing: /home/root1/lzx_ws/project/lidar_camera_ros_ws/install/vimbax_camera_msgs/include/vimbax_camera_msgs/vimbax_camera_msgs/msg/detail/trigger_info__rosidl_typesupport_fastrtps_cpp.hpp
[23.550s] -- Installing: /home/root1/lzx_ws/project/lidar_camera_ros_ws/install/vimbax_camera_msgs/include/vimbax_camera_msgs/vimbax_camera_msgs/msg/detail/event_data_entry__rosidl_typesupport_fastrtps_cpp.hpp
[23.550s] -- Installing: /home/root1/lzx_ws/project/lidar_camera_ros_ws/install/vimbax_camera_msgs/include/vimbax_camera_msgs/vimbax_camera_msgs/msg/detail/feature_module__rosidl_typesupport_fastrtps_cpp.hpp
[23.550s] -- Installing: /home/root1/lzx_ws/project/lidar_camera_ros_ws/install/vimbax_camera_msgs/include/vimbax_camera_msgs/vimbax_camera_msgs/msg/detail/feature_info__rosidl_typesupport_fastrtps_cpp.hpp
[23.550s] -- Installing: /home/root1/lzx_ws/project/lidar_camera_ros_ws/install/vimbax_camera_msgs/lib/libvimbax_camera_msgs__rosidl_typesupport_fastrtps_cpp.so
[23.551s] -- Set runtime path of "/home/root1/lzx_ws/project/lidar_camera_ros_ws/install/vimbax_camera_msgs/lib/libvimbax_camera_msgs__rosidl_typesupport_fastrtps_cpp.so" to ""
[23.552s] -- Up-to-date: /home/root1/lzx_ws/project/lidar_camera_ros_ws/install/vimbax_camera_msgs/include/vimbax_camera_msgs/vimbax_camera_msgs
[23.552s] -- Up-to-date: /home/root1/lzx_ws/project/lidar_camera_ros_ws/install/vimbax_camera_msgs/include/vimbax_camera_msgs/vimbax_camera_msgs/srv
[23.552s] -- Up-to-date: /home/root1/lzx_ws/project/lidar_camera_ros_ws/install/vimbax_camera_msgs/include/vimbax_camera_msgs/vimbax_camera_msgs/srv/detail
[23.552s] -- Installing: /home/root1/lzx_ws/project/lidar_camera_ros_ws/install/vimbax_camera_msgs/include/vimbax_camera_msgs/vimbax_camera_msgs/srv/detail/feature_access_mode_get__type_support.cpp
[23.552s] -- Installing: /home/root1/lzx_ws/project/lidar_camera_ros_ws/install/vimbax_camera_msgs/include/vimbax_camera_msgs/vimbax_camera_msgs/srv/detail/feature_command_run__type_support.cpp
[23.552s] -- Installing: /home/root1/lzx_ws/project/lidar_camera_ros_ws/install/vimbax_camera_msgs/include/vimbax_camera_msgs/vimbax_camera_msgs/srv/detail/feature_bool_set__type_support.cpp
[23.552s] -- Installing: /home/root1/lzx_ws/project/lidar_camera_ros_ws/install/vimbax_camera_msgs/include/vimbax_camera_msgs/vimbax_camera_msgs/srv/detail/status__rosidl_typesupport_introspection_cpp.hpp
[23.552s] -- Installing: /home/root1/lzx_ws/project/lidar_camera_ros_ws/install/vimbax_camera_msgs/include/vimbax_camera_msgs/vimbax_camera_msgs/srv/detail/feature_int_set__rosidl_typesupport_introspection_cpp.hpp
[23.552s] -- Installing: /home/root1/lzx_ws/project/lidar_camera_ros_ws/install/vimbax_camera_msgs/include/vimbax_camera_msgs/vimbax_camera_msgs/srv/detail/stream_start_stop__rosidl_typesupport_introspection_cpp.hpp
[23.553s] -- Installing: /home/root1/lzx_ws/project/lidar_camera_ros_ws/install/vimbax_camera_msgs/include/vimbax_camera_msgs/vimbax_camera_msgs/srv/detail/features_list_get__type_support.cpp
[23.553s] -- Installing: /home/root1/lzx_ws/project/lidar_camera_ros_ws/install/vimbax_camera_msgs/include/vimbax_camera_msgs/vimbax_camera_msgs/srv/detail/unsubscribe_event__type_support.cpp
[23.553s] -- Installing: /home/root1/lzx_ws/project/lidar_camera_ros_ws/install/vimbax_camera_msgs/include/vimbax_camera_msgs/vimbax_camera_msgs/srv/detail/feature_enum_as_int_get__rosidl_typesupport_introspection_cpp.hpp
[23.553s] -- Installing: /home/root1/lzx_ws/project/lidar_camera_ros_ws/install/vimbax_camera_msgs/include/vimbax_camera_msgs/vimbax_camera_msgs/srv/detail/feature_float_info_get__type_support.cpp
[23.553s] -- Installing: /home/root1/lzx_ws/project/lidar_camera_ros_ws/install/vimbax_camera_msgs/include/vimbax_camera_msgs/vimbax_camera_msgs/srv/detail/feature_enum_set__type_support.cpp
[23.553s] -- Installing: /home/root1/lzx_ws/project/lidar_camera_ros_ws/install/vimbax_camera_msgs/include/vimbax_camera_msgs/vimbax_camera_msgs/srv/detail/features_list_get__rosidl_typesupport_introspection_cpp.hpp
[23.553s] -- Installing: /home/root1/lzx_ws/project/lidar_camera_ros_ws/install/vimbax_camera_msgs/include/vimbax_camera_msgs/vimbax_camera_msgs/srv/detail/settings_load_save__type_support.cpp
[23.553s] -- Installing: /home/root1/lzx_ws/project/lidar_camera_ros_ws/install/vimbax_camera_msgs/include/vimbax_camera_msgs/vimbax_camera_msgs/srv/detail/feature_int_get__rosidl_typesupport_introspection_cpp.hpp
[23.554s] -- Installing: /home/root1/lzx_ws/project/lidar_camera_ros_ws/install/vimbax_camera_msgs/include/vimbax_camera_msgs/vimbax_camera_msgs/srv/detail/feature_command_is_done__rosidl_typesupport_introspection_cpp.hpp
[23.554s] -- Installing: /home/root1/lzx_ws/project/lidar_camera_ros_ws/install/vimbax_camera_msgs/include/vimbax_camera_msgs/vimbax_camera_msgs/srv/detail/unsubscribe_event__rosidl_typesupport_introspection_cpp.hpp
[23.554s] -- Installing: /home/root1/lzx_ws/project/lidar_camera_ros_ws/install/vimbax_camera_msgs/include/vimbax_camera_msgs/vimbax_camera_msgs/srv/detail/feature_enum_get__type_support.cpp
[23.554s] -- Installing: /home/root1/lzx_ws/project/lidar_camera_ros_ws/install/vimbax_camera_msgs/include/vimbax_camera_msgs/vimbax_camera_msgs/srv/detail/feature_enum_as_string_get__rosidl_typesupport_introspection_cpp.hpp
[23.554s] -- Installing: /home/root1/lzx_ws/project/lidar_camera_ros_ws/install/vimbax_camera_msgs/include/vimbax_camera_msgs/vimbax_camera_msgs/srv/detail/feature_bool_get__type_support.cpp
[23.554s] -- Installing: /home/root1/lzx_ws/project/lidar_camera_ros_ws/install/vimbax_camera_msgs/include/vimbax_camera_msgs/vimbax_camera_msgs/srv/detail/feature_raw_info_get__type_support.cpp
[23.554s] -- Installing: /home/root1/lzx_ws/project/lidar_camera_ros_ws/install/vimbax_camera_msgs/include/vimbax_camera_msgs/vimbax_camera_msgs/srv/detail/feature_enum_info_get__type_support.cpp
[23.555s] -- Installing: /home/root1/lzx_ws/project/lidar_camera_ros_ws/install/vimbax_camera_msgs/include/vimbax_camera_msgs/vimbax_camera_msgs/srv/detail/feature_float_get__type_support.cpp
[23.555s] -- Installing: /home/root1/lzx_ws/project/lidar_camera_ros_ws/install/vimbax_camera_msgs/include/vimbax_camera_msgs/vimbax_camera_msgs/srv/detail/feature_int_info_get__rosidl_typesupport_introspection_cpp.hpp
[23.555s] -- Installing: /home/root1/lzx_ws/project/lidar_camera_ros_ws/install/vimbax_camera_msgs/include/vimbax_camera_msgs/vimbax_camera_msgs/srv/detail/feature_float_set__type_support.cpp
[23.555s] -- Installing: /home/root1/lzx_ws/project/lidar_camera_ros_ws/install/vimbax_camera_msgs/include/vimbax_camera_msgs/vimbax_camera_msgs/srv/detail/subscribe_event__rosidl_typesupport_introspection_cpp.hpp
[23.555s] -- Installing: /home/root1/lzx_ws/project/lidar_camera_ros_ws/install/vimbax_camera_msgs/include/vimbax_camera_msgs/vimbax_camera_msgs/srv/detail/feature_enum_set__rosidl_typesupport_introspection_cpp.hpp
[23.555s] -- Installing: /home/root1/lzx_ws/project/lidar_camera_ros_ws/install/vimbax_camera_msgs/include/vimbax_camera_msgs/vimbax_camera_msgs/srv/detail/connection_status__type_support.cpp
[23.555s] -- Installing: /home/root1/lzx_ws/project/lidar_camera_ros_ws/install/vimbax_camera_msgs/include/vimbax_camera_msgs/vimbax_camera_msgs/srv/detail/feature_enum_as_string_get__type_support.cpp
[23.555s] -- Installing: /home/root1/lzx_ws/project/lidar_camera_ros_ws/install/vimbax_camera_msgs/include/vimbax_camera_msgs/vimbax_camera_msgs/srv/detail/feature_enum_info_get__rosidl_typesupport_introspection_cpp.hpp
[23.556s] -- Installing: /home/root1/lzx_ws/project/lidar_camera_ros_ws/install/vimbax_camera_msgs/include/vimbax_camera_msgs/vimbax_camera_msgs/srv/detail/feature_bool_get__rosidl_typesupport_introspection_cpp.hpp
[23.556s] -- Installing: /home/root1/lzx_ws/project/lidar_camera_ros_ws/install/vimbax_camera_msgs/include/vimbax_camera_msgs/vimbax_camera_msgs/srv/detail/feature_float_info_get__rosidl_typesupport_introspection_cpp.hpp
[23.556s] -- Installing: /home/root1/lzx_ws/project/lidar_camera_ros_ws/install/vimbax_camera_msgs/include/vimbax_camera_msgs/vimbax_camera_msgs/srv/detail/feature_float_get__rosidl_typesupport_introspection_cpp.hpp
[23.556s] -- Installing: /home/root1/lzx_ws/project/lidar_camera_ros_ws/install/vimbax_camera_msgs/include/vimbax_camera_msgs/vimbax_camera_msgs/srv/detail/feature_string_get__type_support.cpp
[23.556s] -- Installing: /home/root1/lzx_ws/project/lidar_camera_ros_ws/install/vimbax_camera_msgs/include/vimbax_camera_msgs/vimbax_camera_msgs/srv/detail/feature_enum_get__rosidl_typesupport_introspection_cpp.hpp
[23.556s] -- Installing: /home/root1/lzx_ws/project/lidar_camera_ros_ws/install/vimbax_camera_msgs/include/vimbax_camera_msgs/vimbax_camera_msgs/srv/detail/feature_command_is_done__type_support.cpp
[23.556s] -- Installing: /home/root1/lzx_ws/project/lidar_camera_ros_ws/install/vimbax_camera_msgs/include/vimbax_camera_msgs/vimbax_camera_msgs/srv/detail/feature_bool_set__rosidl_typesupport_introspection_cpp.hpp
[23.557s] -- Installing: /home/root1/lzx_ws/project/lidar_camera_ros_ws/install/vimbax_camera_msgs/include/vimbax_camera_msgs/vimbax_camera_msgs/srv/detail/feature_float_set__rosidl_typesupport_introspection_cpp.hpp
[23.557s] -- Installing: /home/root1/lzx_ws/project/lidar_camera_ros_ws/install/vimbax_camera_msgs/include/vimbax_camera_msgs/vimbax_camera_msgs/srv/detail/feature_string_info_get__type_support.cpp
[23.557s] -- Installing: /home/root1/lzx_ws/project/lidar_camera_ros_ws/install/vimbax_camera_msgs/include/vimbax_camera_msgs/vimbax_camera_msgs/srv/detail/subscribe_event__type_support.cpp
[23.557s] -- Installing: /home/root1/lzx_ws/project/lidar_camera_ros_ws/install/vimbax_camera_msgs/include/vimbax_camera_msgs/vimbax_camera_msgs/srv/detail/stream_start_stop__type_support.cpp
[23.557s] -- Installing: /home/root1/lzx_ws/project/lidar_camera_ros_ws/install/vimbax_camera_msgs/include/vimbax_camera_msgs/vimbax_camera_msgs/srv/detail/feature_int_info_get__type_support.cpp
[23.557s] -- Installing: /home/root1/lzx_ws/project/lidar_camera_ros_ws/install/vimbax_camera_msgs/include/vimbax_camera_msgs/vimbax_camera_msgs/srv/detail/feature_raw_set__type_support.cpp
[23.557s] -- Installing: /home/root1/lzx_ws/project/lidar_camera_ros_ws/install/vimbax_camera_msgs/include/vimbax_camera_msgs/vimbax_camera_msgs/srv/detail/feature_enum_as_int_get__type_support.cpp
[23.557s] -- Installing: /home/root1/lzx_ws/project/lidar_camera_ros_ws/install/vimbax_camera_msgs/include/vimbax_camera_msgs/vimbax_camera_msgs/srv/detail/status__type_support.cpp
[23.558s] -- Installing: /home/root1/lzx_ws/project/lidar_camera_ros_ws/install/vimbax_camera_msgs/include/vimbax_camera_msgs/vimbax_camera_msgs/srv/detail/feature_raw_set__rosidl_typesupport_introspection_cpp.hpp
[23.558s] -- Installing: /home/root1/lzx_ws/project/lidar_camera_ros_ws/install/vimbax_camera_msgs/include/vimbax_camera_msgs/vimbax_camera_msgs/srv/detail/feature_string_get__rosidl_typesupport_introspection_cpp.hpp
[23.558s] -- Installing: /home/root1/lzx_ws/project/lidar_camera_ros_ws/install/vimbax_camera_msgs/include/vimbax_camera_msgs/vimbax_camera_msgs/srv/detail/feature_int_set__type_support.cpp
[23.558s] -- Installing: /home/root1/lzx_ws/project/lidar_camera_ros_ws/install/vimbax_camera_msgs/include/vimbax_camera_msgs/vimbax_camera_msgs/srv/detail/feature_raw_get__type_support.cpp
[23.558s] -- Installing: /home/root1/lzx_ws/project/lidar_camera_ros_ws/install/vimbax_camera_msgs/include/vimbax_camera_msgs/vimbax_camera_msgs/srv/detail/settings_load_save__rosidl_typesupport_introspection_cpp.hpp
[23.558s] -- Installing: /home/root1/lzx_ws/project/lidar_camera_ros_ws/install/vimbax_camera_msgs/include/vimbax_camera_msgs/vimbax_camera_msgs/srv/detail/feature_string_info_get__rosidl_typesupport_introspection_cpp.hpp
[23.558s] -- Installing: /home/root1/lzx_ws/project/lidar_camera_ros_ws/install/vimbax_camera_msgs/include/vimbax_camera_msgs/vimbax_camera_msgs/srv/detail/feature_access_mode_get__rosidl_typesupport_introspection_cpp.hpp
[23.559s] -- Installing: /home/root1/lzx_ws/project/lidar_camera_ros_ws/install/vimbax_camera_msgs/include/vimbax_camera_msgs/vimbax_camera_msgs/srv/detail/feature_command_run__rosidl_typesupport_introspection_cpp.hpp
[23.559s] -- Installing: /home/root1/lzx_ws/project/lidar_camera_ros_ws/install/vimbax_camera_msgs/include/vimbax_camera_msgs/vimbax_camera_msgs/srv/detail/feature_raw_get__rosidl_typesupport_introspection_cpp.hpp
[23.559s] -- Installing: /home/root1/lzx_ws/project/lidar_camera_ros_ws/install/vimbax_camera_msgs/include/vimbax_camera_msgs/vimbax_camera_msgs/srv/detail/feature_info_query__type_support.cpp
[23.559s] -- Installing: /home/root1/lzx_ws/project/lidar_camera_ros_ws/install/vimbax_camera_msgs/include/vimbax_camera_msgs/vimbax_camera_msgs/srv/detail/feature_string_set__type_support.cpp
[23.559s] -- Installing: /home/root1/lzx_ws/project/lidar_camera_ros_ws/install/vimbax_camera_msgs/include/vimbax_camera_msgs/vimbax_camera_msgs/srv/detail/feature_int_get__type_support.cpp
[23.559s] -- Installing: /home/root1/lzx_ws/project/lidar_camera_ros_ws/install/vimbax_camera_msgs/include/vimbax_camera_msgs/vimbax_camera_msgs/srv/detail/feature_info_query__rosidl_typesupport_introspection_cpp.hpp
[23.559s] -- Installing: /home/root1/lzx_ws/project/lidar_camera_ros_ws/install/vimbax_camera_msgs/include/vimbax_camera_msgs/vimbax_camera_msgs/srv/detail/feature_string_set__rosidl_typesupport_introspection_cpp.hpp
[23.559s] -- Installing: /home/root1/lzx_ws/project/lidar_camera_ros_ws/install/vimbax_camera_msgs/include/vimbax_camera_msgs/vimbax_camera_msgs/srv/detail/connection_status__rosidl_typesupport_introspection_cpp.hpp
[23.559s] -- Installing: /home/root1/lzx_ws/project/lidar_camera_ros_ws/install/vimbax_camera_msgs/include/vimbax_camera_msgs/vimbax_camera_msgs/srv/detail/feature_raw_info_get__rosidl_typesupport_introspection_cpp.hpp
[23.560s] -- Up-to-date: /home/root1/lzx_ws/project/lidar_camera_ros_ws/install/vimbax_camera_msgs/include/vimbax_camera_msgs/vimbax_camera_msgs/msg
[23.560s] -- Up-to-date: /home/root1/lzx_ws/project/lidar_camera_ros_ws/install/vimbax_camera_msgs/include/vimbax_camera_msgs/vimbax_camera_msgs/msg/detail
[23.560s] -- Installing: /home/root1/lzx_ws/project/lidar_camera_ros_ws/install/vimbax_camera_msgs/include/vimbax_camera_msgs/vimbax_camera_msgs/msg/detail/event_data__type_support.cpp
[23.560s] -- Installing: /home/root1/lzx_ws/project/lidar_camera_ros_ws/install/vimbax_camera_msgs/include/vimbax_camera_msgs/vimbax_camera_msgs/msg/detail/trigger_info__rosidl_typesupport_introspection_cpp.hpp
[23.560s] -- Installing: /home/root1/lzx_ws/project/lidar_camera_ros_ws/install/vimbax_camera_msgs/include/vimbax_camera_msgs/vimbax_camera_msgs/msg/detail/feature_module__rosidl_typesupport_introspection_cpp.hpp
[23.560s] -- Installing: /home/root1/lzx_ws/project/lidar_camera_ros_ws/install/vimbax_camera_msgs/include/vimbax_camera_msgs/vimbax_camera_msgs/msg/detail/error__type_support.cpp
[23.560s] -- Installing: /home/root1/lzx_ws/project/lidar_camera_ros_ws/install/vimbax_camera_msgs/include/vimbax_camera_msgs/vimbax_camera_msgs/msg/detail/feature_flags__rosidl_typesupport_introspection_cpp.hpp
[23.560s] -- Installing: /home/root1/lzx_ws/project/lidar_camera_ros_ws/install/vimbax_camera_msgs/include/vimbax_camera_msgs/vimbax_camera_msgs/msg/detail/feature_module__type_support.cpp
[23.560s] -- Installing: /home/root1/lzx_ws/project/lidar_camera_ros_ws/install/vimbax_camera_msgs/include/vimbax_camera_msgs/vimbax_camera_msgs/msg/detail/event_data_entry__rosidl_typesupport_introspection_cpp.hpp
[23.560s] -- Installing: /home/root1/lzx_ws/project/lidar_camera_ros_ws/install/vimbax_camera_msgs/include/vimbax_camera_msgs/vimbax_camera_msgs/msg/detail/trigger_info__type_support.cpp
[23.561s] -- Installing: /home/root1/lzx_ws/project/lidar_camera_ros_ws/install/vimbax_camera_msgs/include/vimbax_camera_msgs/vimbax_camera_msgs/msg/detail/feature_info__rosidl_typesupport_introspection_cpp.hpp
[23.561s] -- Installing: /home/root1/lzx_ws/project/lidar_camera_ros_ws/install/vimbax_camera_msgs/include/vimbax_camera_msgs/vimbax_camera_msgs/msg/detail/error__rosidl_typesupport_introspection_cpp.hpp
[23.561s] -- Installing: /home/root1/lzx_ws/project/lidar_camera_ros_ws/install/vimbax_camera_msgs/include/vimbax_camera_msgs/vimbax_camera_msgs/msg/detail/event_data_entry__type_support.cpp
[23.561s] -- Installing: /home/root1/lzx_ws/project/lidar_camera_ros_ws/install/vimbax_camera_msgs/include/vimbax_camera_msgs/vimbax_camera_msgs/msg/detail/feature_flags__type_support.cpp
[23.561s] -- Installing: /home/root1/lzx_ws/project/lidar_camera_ros_ws/install/vimbax_camera_msgs/include/vimbax_camera_msgs/vimbax_camera_msgs/msg/detail/feature_info__type_support.cpp
[23.561s] -- Installing: /home/root1/lzx_ws/project/lidar_camera_ros_ws/install/vimbax_camera_msgs/include/vimbax_camera_msgs/vimbax_camera_msgs/msg/detail/event_data__rosidl_typesupport_introspection_cpp.hpp
[23.562s] -- Installing: /home/root1/lzx_ws/project/lidar_camera_ros_ws/install/vimbax_camera_msgs/lib/libvimbax_camera_msgs__rosidl_typesupport_introspection_cpp.so
[23.563s] -- Set runtime path of "/home/root1/lzx_ws/project/lidar_camera_ros_ws/install/vimbax_camera_msgs/lib/libvimbax_camera_msgs__rosidl_typesupport_introspection_cpp.so" to ""
[23.563s] -- Installing: /home/root1/lzx_ws/project/lidar_camera_ros_ws/install/vimbax_camera_msgs/lib/libvimbax_camera_msgs__rosidl_typesupport_cpp.so
[23.564s] -- Set runtime path of "/home/root1/lzx_ws/project/lidar_camera_ros_ws/install/vimbax_camera_msgs/lib/libvimbax_camera_msgs__rosidl_typesupport_cpp.so" to ""
[23.564s] -- Installing: /home/root1/lzx_ws/project/lidar_camera_ros_ws/install/vimbax_camera_msgs/share/vimbax_camera_msgs/environment/pythonpath.sh
[23.564s] -- Installing: /home/root1/lzx_ws/project/lidar_camera_ros_ws/install/vimbax_camera_msgs/share/vimbax_camera_msgs/environment/pythonpath.dsv
[23.564s] -- Installing: /home/root1/lzx_ws/project/lidar_camera_ros_ws/install/vimbax_camera_msgs/local/lib/python3.10/dist-packages/vimbax_camera_msgs-1.0.2-py3.10.egg-info
[23.564s] -- Installing: /home/root1/lzx_ws/project/lidar_camera_ros_ws/install/vimbax_camera_msgs/local/lib/python3.10/dist-packages/vimbax_camera_msgs-1.0.2-py3.10.egg-info/dependency_links.txt
[23.565s] -- Installing: /home/root1/lzx_ws/project/lidar_camera_ros_ws/install/vimbax_camera_msgs/local/lib/python3.10/dist-packages/vimbax_camera_msgs-1.0.2-py3.10.egg-info/PKG-INFO
[23.565s] -- Installing: /home/root1/lzx_ws/project/lidar_camera_ros_ws/install/vimbax_camera_msgs/local/lib/python3.10/dist-packages/vimbax_camera_msgs-1.0.2-py3.10.egg-info/top_level.txt
[23.565s] -- Installing: /home/root1/lzx_ws/project/lidar_camera_ros_ws/install/vimbax_camera_msgs/local/lib/python3.10/dist-packages/vimbax_camera_msgs-1.0.2-py3.10.egg-info/SOURCES.txt
[23.565s] -- Installing: /home/root1/lzx_ws/project/lidar_camera_ros_ws/install/vimbax_camera_msgs/local/lib/python3.10/dist-packages/vimbax_camera_msgs
[23.565s] -- Installing: /home/root1/lzx_ws/project/lidar_camera_ros_ws/install/vimbax_camera_msgs/local/lib/python3.10/dist-packages/vimbax_camera_msgs/vimbax_camera_msgs_s__rosidl_typesupport_fastrtps_c.cpython-310-x86_64-linux-gnu.so
[23.566s] -- Installing: /home/root1/lzx_ws/project/lidar_camera_ros_ws/install/vimbax_camera_msgs/local/lib/python3.10/dist-packages/vimbax_camera_msgs/_vimbax_camera_msgs_s.ep.rosidl_typesupport_introspection_c.c
[23.566s] -- Installing: /home/root1/lzx_ws/project/lidar_camera_ros_ws/install/vimbax_camera_msgs/local/lib/python3.10/dist-packages/vimbax_camera_msgs/_vimbax_camera_msgs_s.ep.rosidl_typesupport_fastrtps_c.c
[23.567s] -- Installing: /home/root1/lzx_ws/project/lidar_camera_ros_ws/install/vimbax_camera_msgs/local/lib/python3.10/dist-packages/vimbax_camera_msgs/srv
[23.567s] -- Installing: /home/root1/lzx_ws/project/lidar_camera_ros_ws/install/vimbax_camera_msgs/local/lib/python3.10/dist-packages/vimbax_camera_msgs/srv/_unsubscribe_event_s.c
[23.567s] -- Installing: /home/root1/lzx_ws/project/lidar_camera_ros_ws/install/vimbax_camera_msgs/local/lib/python3.10/dist-packages/vimbax_camera_msgs/srv/_feature_enum_get_s.c
[23.567s] -- Installing: /home/root1/lzx_ws/project/lidar_camera_ros_ws/install/vimbax_camera_msgs/local/lib/python3.10/dist-packages/vimbax_camera_msgs/srv/_feature_string_set_s.c
[23.567s] -- Installing: /home/root1/lzx_ws/project/lidar_camera_ros_ws/install/vimbax_camera_msgs/local/lib/python3.10/dist-packages/vimbax_camera_msgs/srv/_feature_int_get_s.c
[23.567s] -- Installing: /home/root1/lzx_ws/project/lidar_camera_ros_ws/install/vimbax_camera_msgs/local/lib/python3.10/dist-packages/vimbax_camera_msgs/srv/_status.py
[23.567s] -- Installing: /home/root1/lzx_ws/project/lidar_camera_ros_ws/install/vimbax_camera_msgs/local/lib/python3.10/dist-packages/vimbax_camera_msgs/srv/_features_list_get_s.c
[23.568s] -- Installing: /home/root1/lzx_ws/project/lidar_camera_ros_ws/install/vimbax_camera_msgs/local/lib/python3.10/dist-packages/vimbax_camera_msgs/srv/_feature_float_info_get.py
[23.568s] -- Installing: /home/root1/lzx_ws/project/lidar_camera_ros_ws/install/vimbax_camera_msgs/local/lib/python3.10/dist-packages/vimbax_camera_msgs/srv/_features_list_get.py
[23.568s] -- Installing: /home/root1/lzx_ws/project/lidar_camera_ros_ws/install/vimbax_camera_msgs/local/lib/python3.10/dist-packages/vimbax_camera_msgs/srv/_feature_string_get.py
[23.568s] -- Installing: /home/root1/lzx_ws/project/lidar_camera_ros_ws/install/vimbax_camera_msgs/local/lib/python3.10/dist-packages/vimbax_camera_msgs/srv/_feature_enum_info_get.py
[23.568s] -- Installing: /home/root1/lzx_ws/project/lidar_camera_ros_ws/install/vimbax_camera_msgs/local/lib/python3.10/dist-packages/vimbax_camera_msgs/srv/_feature_raw_info_get.py
[23.568s] -- Installing: /home/root1/lzx_ws/project/lidar_camera_ros_ws/install/vimbax_camera_msgs/local/lib/python3.10/dist-packages/vimbax_camera_msgs/srv/_subscribe_event_s.c
[23.569s] -- Installing: /home/root1/lzx_ws/project/lidar_camera_ros_ws/install/vimbax_camera_msgs/local/lib/python3.10/dist-packages/vimbax_camera_msgs/srv/_feature_int_set_s.c
[23.569s] -- Installing: /home/root1/lzx_ws/project/lidar_camera_ros_ws/install/vimbax_camera_msgs/local/lib/python3.10/dist-packages/vimbax_camera_msgs/srv/_settings_load_save_s.c
[23.569s] -- Installing: /home/root1/lzx_ws/project/lidar_camera_ros_ws/install/vimbax_camera_msgs/local/lib/python3.10/dist-packages/vimbax_camera_msgs/srv/_feature_int_set.py
[23.569s] -- Installing: /home/root1/lzx_ws/project/lidar_camera_ros_ws/install/vimbax_camera_msgs/local/lib/python3.10/dist-packages/vimbax_camera_msgs/srv/_feature_string_info_get_s.c
[23.569s] -- Installing: /home/root1/lzx_ws/project/lidar_camera_ros_ws/install/vimbax_camera_msgs/local/lib/python3.10/dist-packages/vimbax_camera_msgs/srv/_feature_string_info_get.py
[23.569s] -- Installing: /home/root1/lzx_ws/project/lidar_camera_ros_ws/install/vimbax_camera_msgs/local/lib/python3.10/dist-packages/vimbax_camera_msgs/srv/_stream_start_stop_s.c
[23.569s] -- Installing: /home/root1/lzx_ws/project/lidar_camera_ros_ws/install/vimbax_camera_msgs/local/lib/python3.10/dist-packages/vimbax_camera_msgs/srv/_feature_float_get.py
[23.569s] -- Installing: /home/root1/lzx_ws/project/lidar_camera_ros_ws/install/vimbax_camera_msgs/local/lib/python3.10/dist-packages/vimbax_camera_msgs/srv/_feature_float_set.py
[23.569s] -- Installing: /home/root1/lzx_ws/project/lidar_camera_ros_ws/install/vimbax_camera_msgs/local/lib/python3.10/dist-packages/vimbax_camera_msgs/srv/_feature_bool_get.py
[23.570s] -- Installing: /home/root1/lzx_ws/project/lidar_camera_ros_ws/install/vimbax_camera_msgs/local/lib/python3.10/dist-packages/vimbax_camera_msgs/srv/_subscribe_event.py
[23.570s] -- Installing: /home/root1/lzx_ws/project/lidar_camera_ros_ws/install/vimbax_camera_msgs/local/lib/python3.10/dist-packages/vimbax_camera_msgs/srv/_stream_start_stop.py
[23.570s] -- Installing: /home/root1/lzx_ws/project/lidar_camera_ros_ws/install/vimbax_camera_msgs/local/lib/python3.10/dist-packages/vimbax_camera_msgs/srv/_feature_info_query.py
[23.570s] -- Installing: /home/root1/lzx_ws/project/lidar_camera_ros_ws/install/vimbax_camera_msgs/local/lib/python3.10/dist-packages/vimbax_camera_msgs/srv/_feature_string_set.py
[23.570s] -- Installing: /home/root1/lzx_ws/project/lidar_camera_ros_ws/install/vimbax_camera_msgs/local/lib/python3.10/dist-packages/vimbax_camera_msgs/srv/_feature_enum_as_string_get_s.c
[23.570s] -- Installing: /home/root1/lzx_ws/project/lidar_camera_ros_ws/install/vimbax_camera_msgs/local/lib/python3.10/dist-packages/vimbax_camera_msgs/srv/_feature_enum_as_int_get.py
[23.570s] -- Installing: /home/root1/lzx_ws/project/lidar_camera_ros_ws/install/vimbax_camera_msgs/local/lib/python3.10/dist-packages/vimbax_camera_msgs/srv/_feature_bool_set.py
[23.571s] -- Installing: /home/root1/lzx_ws/project/lidar_camera_ros_ws/install/vimbax_camera_msgs/local/lib/python3.10/dist-packages/vimbax_camera_msgs/srv/__init__.py
[23.571s] -- Installing: /home/root1/lzx_ws/project/lidar_camera_ros_ws/install/vimbax_camera_msgs/local/lib/python3.10/dist-packages/vimbax_camera_msgs/srv/_feature_access_mode_get.py
[23.571s] -- Installing: /home/root1/lzx_ws/project/lidar_camera_ros_ws/install/vimbax_camera_msgs/local/lib/python3.10/dist-packages/vimbax_camera_msgs/srv/_feature_int_info_get.py
[23.571s] -- Installing: /home/root1/lzx_ws/project/lidar_camera_ros_ws/install/vimbax_camera_msgs/local/lib/python3.10/dist-packages/vimbax_camera_msgs/srv/_status_s.c
[23.571s] -- Installing: /home/root1/lzx_ws/project/lidar_camera_ros_ws/install/vimbax_camera_msgs/local/lib/python3.10/dist-packages/vimbax_camera_msgs/srv/_feature_raw_info_get_s.c
[23.571s] -- Installing: /home/root1/lzx_ws/project/lidar_camera_ros_ws/install/vimbax_camera_msgs/local/lib/python3.10/dist-packages/vimbax_camera_msgs/srv/_feature_enum_get.py
[23.571s] -- Installing: /home/root1/lzx_ws/project/lidar_camera_ros_ws/install/vimbax_camera_msgs/local/lib/python3.10/dist-packages/vimbax_camera_msgs/srv/_feature_raw_get.py
[23.572s] -- Installing: /home/root1/lzx_ws/project/lidar_camera_ros_ws/install/vimbax_camera_msgs/local/lib/python3.10/dist-packages/vimbax_camera_msgs/srv/_feature_string_get_s.c
[23.572s] -- Installing: /home/root1/lzx_ws/project/lidar_camera_ros_ws/install/vimbax_camera_msgs/local/lib/python3.10/dist-packages/vimbax_camera_msgs/srv/_feature_info_query_s.c
[23.572s] -- Installing: /home/root1/lzx_ws/project/lidar_camera_ros_ws/install/vimbax_camera_msgs/local/lib/python3.10/dist-packages/vimbax_camera_msgs/srv/_connection_status_s.c
[23.572s] -- Installing: /home/root1/lzx_ws/project/lidar_camera_ros_ws/install/vimbax_camera_msgs/local/lib/python3.10/dist-packages/vimbax_camera_msgs/srv/_feature_command_is_done.py
[23.572s] -- Installing: /home/root1/lzx_ws/project/lidar_camera_ros_ws/install/vimbax_camera_msgs/local/lib/python3.10/dist-packages/vimbax_camera_msgs/srv/_feature_bool_set_s.c
[23.572s] -- Installing: /home/root1/lzx_ws/project/lidar_camera_ros_ws/install/vimbax_camera_msgs/local/lib/python3.10/dist-packages/vimbax_camera_msgs/srv/_connection_status.py
[23.572s] -- Installing: /home/root1/lzx_ws/project/lidar_camera_ros_ws/install/vimbax_camera_msgs/local/lib/python3.10/dist-packages/vimbax_camera_msgs/srv/_feature_enum_as_string_get.py
[23.572s] -- Installing: /home/root1/lzx_ws/project/lidar_camera_ros_ws/install/vimbax_camera_msgs/local/lib/python3.10/dist-packages/vimbax_camera_msgs/srv/_unsubscribe_event.py
[23.573s] -- Installing: /home/root1/lzx_ws/project/lidar_camera_ros_ws/install/vimbax_camera_msgs/local/lib/python3.10/dist-packages/vimbax_camera_msgs/srv/_feature_enum_set.py
[23.573s] -- Installing: /home/root1/lzx_ws/project/lidar_camera_ros_ws/install/vimbax_camera_msgs/local/lib/python3.10/dist-packages/vimbax_camera_msgs/srv/_feature_bool_get_s.c
[23.573s] -- Installing: /home/root1/lzx_ws/project/lidar_camera_ros_ws/install/vimbax_camera_msgs/local/lib/python3.10/dist-packages/vimbax_camera_msgs/srv/_feature_int_get.py
[23.573s] -- Installing: /home/root1/lzx_ws/project/lidar_camera_ros_ws/install/vimbax_camera_msgs/local/lib/python3.10/dist-packages/vimbax_camera_msgs/srv/_feature_enum_info_get_s.c
[23.573s] -- Installing: /home/root1/lzx_ws/project/lidar_camera_ros_ws/install/vimbax_camera_msgs/local/lib/python3.10/dist-packages/vimbax_camera_msgs/srv/_feature_command_is_done_s.c
[23.573s] -- Installing: /home/root1/lzx_ws/project/lidar_camera_ros_ws/install/vimbax_camera_msgs/local/lib/python3.10/dist-packages/vimbax_camera_msgs/srv/_feature_float_get_s.c
[23.573s] -- Installing: /home/root1/lzx_ws/project/lidar_camera_ros_ws/install/vimbax_camera_msgs/local/lib/python3.10/dist-packages/vimbax_camera_msgs/srv/_feature_raw_get_s.c
[23.574s] -- Installing: /home/root1/lzx_ws/project/lidar_camera_ros_ws/install/vimbax_camera_msgs/local/lib/python3.10/dist-packages/vimbax_camera_msgs/srv/_feature_command_run_s.c
[23.574s] -- Installing: /home/root1/lzx_ws/project/lidar_camera_ros_ws/install/vimbax_camera_msgs/local/lib/python3.10/dist-packages/vimbax_camera_msgs/srv/_feature_raw_set_s.c
[23.574s] -- Installing: /home/root1/lzx_ws/project/lidar_camera_ros_ws/install/vimbax_camera_msgs/local/lib/python3.10/dist-packages/vimbax_camera_msgs/srv/_feature_command_run.py
[23.574s] -- Installing: /home/root1/lzx_ws/project/lidar_camera_ros_ws/install/vimbax_camera_msgs/local/lib/python3.10/dist-packages/vimbax_camera_msgs/srv/_feature_enum_set_s.c
[23.574s] -- Installing: /home/root1/lzx_ws/project/lidar_camera_ros_ws/install/vimbax_camera_msgs/local/lib/python3.10/dist-packages/vimbax_camera_msgs/srv/_feature_enum_as_int_get_s.c
[23.574s] -- Installing: /home/root1/lzx_ws/project/lidar_camera_ros_ws/install/vimbax_camera_msgs/local/lib/python3.10/dist-packages/vimbax_camera_msgs/srv/_settings_load_save.py
[23.574s] -- Installing: /home/root1/lzx_ws/project/lidar_camera_ros_ws/install/vimbax_camera_msgs/local/lib/python3.10/dist-packages/vimbax_camera_msgs/srv/_feature_float_set_s.c
[23.574s] -- Installing: /home/root1/lzx_ws/project/lidar_camera_ros_ws/install/vimbax_camera_msgs/local/lib/python3.10/dist-packages/vimbax_camera_msgs/srv/_feature_raw_set.py
[23.575s] -- Installing: /home/root1/lzx_ws/project/lidar_camera_ros_ws/install/vimbax_camera_msgs/local/lib/python3.10/dist-packages/vimbax_camera_msgs/srv/_feature_int_info_get_s.c
[23.575s] -- Installing: /home/root1/lzx_ws/project/lidar_camera_ros_ws/install/vimbax_camera_msgs/local/lib/python3.10/dist-packages/vimbax_camera_msgs/srv/_feature_float_info_get_s.c
[23.575s] -- Installing: /home/root1/lzx_ws/project/lidar_camera_ros_ws/install/vimbax_camera_msgs/local/lib/python3.10/dist-packages/vimbax_camera_msgs/srv/_feature_access_mode_get_s.c
[23.575s] -- Installing: /home/root1/lzx_ws/project/lidar_camera_ros_ws/install/vimbax_camera_msgs/local/lib/python3.10/dist-packages/vimbax_camera_msgs/msg
[23.575s] -- Installing: /home/root1/lzx_ws/project/lidar_camera_ros_ws/install/vimbax_camera_msgs/local/lib/python3.10/dist-packages/vimbax_camera_msgs/msg/_event_data_entry_s.c
[23.575s] -- Installing: /home/root1/lzx_ws/project/lidar_camera_ros_ws/install/vimbax_camera_msgs/local/lib/python3.10/dist-packages/vimbax_camera_msgs/msg/_feature_info.py
[23.575s] -- Installing: /home/root1/lzx_ws/project/lidar_camera_ros_ws/install/vimbax_camera_msgs/local/lib/python3.10/dist-packages/vimbax_camera_msgs/msg/_feature_info_s.c
[23.576s] -- Installing: /home/root1/lzx_ws/project/lidar_camera_ros_ws/install/vimbax_camera_msgs/local/lib/python3.10/dist-packages/vimbax_camera_msgs/msg/_error_s.c
[23.576s] -- Installing: /home/root1/lzx_ws/project/lidar_camera_ros_ws/install/vimbax_camera_msgs/local/lib/python3.10/dist-packages/vimbax_camera_msgs/msg/_feature_module.py
[23.576s] -- Installing: /home/root1/lzx_ws/project/lidar_camera_ros_ws/install/vimbax_camera_msgs/local/lib/python3.10/dist-packages/vimbax_camera_msgs/msg/_trigger_info.py
[23.576s] -- Installing: /home/root1/lzx_ws/project/lidar_camera_ros_ws/install/vimbax_camera_msgs/local/lib/python3.10/dist-packages/vimbax_camera_msgs/msg/__init__.py
[23.576s] -- Installing: /home/root1/lzx_ws/project/lidar_camera_ros_ws/install/vimbax_camera_msgs/local/lib/python3.10/dist-packages/vimbax_camera_msgs/msg/_feature_module_s.c
[23.576s] -- Installing: /home/root1/lzx_ws/project/lidar_camera_ros_ws/install/vimbax_camera_msgs/local/lib/python3.10/dist-packages/vimbax_camera_msgs/msg/_trigger_info_s.c
[23.576s] -- Installing: /home/root1/lzx_ws/project/lidar_camera_ros_ws/install/vimbax_camera_msgs/local/lib/python3.10/dist-packages/vimbax_camera_msgs/msg/_error.py
[23.576s] -- Installing: /home/root1/lzx_ws/project/lidar_camera_ros_ws/install/vimbax_camera_msgs/local/lib/python3.10/dist-packages/vimbax_camera_msgs/msg/_feature_flags.py
[23.577s] -- Installing: /home/root1/lzx_ws/project/lidar_camera_ros_ws/install/vimbax_camera_msgs/local/lib/python3.10/dist-packages/vimbax_camera_msgs/msg/_event_data_entry.py
[23.577s] -- Installing: /home/root1/lzx_ws/project/lidar_camera_ros_ws/install/vimbax_camera_msgs/local/lib/python3.10/dist-packages/vimbax_camera_msgs/msg/_event_data.py
[23.577s] -- Installing: /home/root1/lzx_ws/project/lidar_camera_ros_ws/install/vimbax_camera_msgs/local/lib/python3.10/dist-packages/vimbax_camera_msgs/msg/_event_data_s.c
[23.577s] -- Installing: /home/root1/lzx_ws/project/lidar_camera_ros_ws/install/vimbax_camera_msgs/local/lib/python3.10/dist-packages/vimbax_camera_msgs/msg/_feature_flags_s.c
[23.577s] -- Installing: /home/root1/lzx_ws/project/lidar_camera_ros_ws/install/vimbax_camera_msgs/local/lib/python3.10/dist-packages/vimbax_camera_msgs/__init__.py
[23.577s] -- Installing: /home/root1/lzx_ws/project/lidar_camera_ros_ws/install/vimbax_camera_msgs/local/lib/python3.10/dist-packages/vimbax_camera_msgs/vimbax_camera_msgs_s__rosidl_typesupport_c.cpython-310-x86_64-linux-gnu.so
[23.577s] -- Installing: /home/root1/lzx_ws/project/lidar_camera_ros_ws/install/vimbax_camera_msgs/local/lib/python3.10/dist-packages/vimbax_camera_msgs/libvimbax_camera_msgs__rosidl_generator_py.so
[23.578s] -- Installing: /home/root1/lzx_ws/project/lidar_camera_ros_ws/install/vimbax_camera_msgs/local/lib/python3.10/dist-packages/vimbax_camera_msgs/_vimbax_camera_msgs_s.ep.rosidl_typesupport_c.c
[23.579s] -- Installing: /home/root1/lzx_ws/project/lidar_camera_ros_ws/install/vimbax_camera_msgs/local/lib/python3.10/dist-packages/vimbax_camera_msgs/vimbax_camera_msgs_s__rosidl_typesupport_introspection_c.cpython-310-x86_64-linux-gnu.so
[23.669s] Listing '/home/root1/lzx_ws/project/lidar_camera_ros_ws/install/vimbax_camera_msgs/local/lib/python3.10/dist-packages/vimbax_camera_msgs'...
[23.669s] Compiling '/home/root1/lzx_ws/project/lidar_camera_ros_ws/install/vimbax_camera_msgs/local/lib/python3.10/dist-packages/vimbax_camera_msgs/__init__.py'...
[23.669s] Listing '/home/root1/lzx_ws/project/lidar_camera_ros_ws/install/vimbax_camera_msgs/local/lib/python3.10/dist-packages/vimbax_camera_msgs/msg'...
[23.669s] Compiling '/home/root1/lzx_ws/project/lidar_camera_ros_ws/install/vimbax_camera_msgs/local/lib/python3.10/dist-packages/vimbax_camera_msgs/msg/__init__.py'...
[23.669s] Compiling '/home/root1/lzx_ws/project/lidar_camera_ros_ws/install/vimbax_camera_msgs/local/lib/python3.10/dist-packages/vimbax_camera_msgs/msg/_error.py'...
[23.669s] Compiling '/home/root1/lzx_ws/project/lidar_camera_ros_ws/install/vimbax_camera_msgs/local/lib/python3.10/dist-packages/vimbax_camera_msgs/msg/_event_data.py'...
[23.669s] Compiling '/home/root1/lzx_ws/project/lidar_camera_ros_ws/install/vimbax_camera_msgs/local/lib/python3.10/dist-packages/vimbax_camera_msgs/msg/_event_data_entry.py'...
[23.669s] Compiling '/home/root1/lzx_ws/project/lidar_camera_ros_ws/install/vimbax_camera_msgs/local/lib/python3.10/dist-packages/vimbax_camera_msgs/msg/_feature_flags.py'...
[23.669s] Compiling '/home/root1/lzx_ws/project/lidar_camera_ros_ws/install/vimbax_camera_msgs/local/lib/python3.10/dist-packages/vimbax_camera_msgs/msg/_feature_info.py'...
[23.669s] Compiling '/home/root1/lzx_ws/project/lidar_camera_ros_ws/install/vimbax_camera_msgs/local/lib/python3.10/dist-packages/vimbax_camera_msgs/msg/_feature_module.py'...
[23.669s] Compiling '/home/root1/lzx_ws/project/lidar_camera_ros_ws/install/vimbax_camera_msgs/local/lib/python3.10/dist-packages/vimbax_camera_msgs/msg/_trigger_info.py'...
[23.669s] Listing '/home/root1/lzx_ws/project/lidar_camera_ros_ws/install/vimbax_camera_msgs/local/lib/python3.10/dist-packages/vimbax_camera_msgs/srv'...
[23.669s] Compiling '/home/root1/lzx_ws/project/lidar_camera_ros_ws/install/vimbax_camera_msgs/local/lib/python3.10/dist-packages/vimbax_camera_msgs/srv/__init__.py'...
[23.670s] Compiling '/home/root1/lzx_ws/project/lidar_camera_ros_ws/install/vimbax_camera_msgs/local/lib/python3.10/dist-packages/vimbax_camera_msgs/srv/_connection_status.py'...
[23.670s] Compiling '/home/root1/lzx_ws/project/lidar_camera_ros_ws/install/vimbax_camera_msgs/local/lib/python3.10/dist-packages/vimbax_camera_msgs/srv/_feature_access_mode_get.py'...
[23.670s] Compiling '/home/root1/lzx_ws/project/lidar_camera_ros_ws/install/vimbax_camera_msgs/local/lib/python3.10/dist-packages/vimbax_camera_msgs/srv/_feature_bool_get.py'...
[23.670s] Compiling '/home/root1/lzx_ws/project/lidar_camera_ros_ws/install/vimbax_camera_msgs/local/lib/python3.10/dist-packages/vimbax_camera_msgs/srv/_feature_bool_set.py'...
[23.670s] Compiling '/home/root1/lzx_ws/project/lidar_camera_ros_ws/install/vimbax_camera_msgs/local/lib/python3.10/dist-packages/vimbax_camera_msgs/srv/_feature_command_is_done.py'...
[23.670s] Compiling '/home/root1/lzx_ws/project/lidar_camera_ros_ws/install/vimbax_camera_msgs/local/lib/python3.10/dist-packages/vimbax_camera_msgs/srv/_feature_command_run.py'...
[23.670s] Compiling '/home/root1/lzx_ws/project/lidar_camera_ros_ws/install/vimbax_camera_msgs/local/lib/python3.10/dist-packages/vimbax_camera_msgs/srv/_feature_enum_as_int_get.py'...
[23.670s] Compiling '/home/root1/lzx_ws/project/lidar_camera_ros_ws/install/vimbax_camera_msgs/local/lib/python3.10/dist-packages/vimbax_camera_msgs/srv/_feature_enum_as_string_get.py'...
[23.670s] Compiling '/home/root1/lzx_ws/project/lidar_camera_ros_ws/install/vimbax_camera_msgs/local/lib/python3.10/dist-packages/vimbax_camera_msgs/srv/_feature_enum_get.py'...
[23.670s] Compiling '/home/root1/lzx_ws/project/lidar_camera_ros_ws/install/vimbax_camera_msgs/local/lib/python3.10/dist-packages/vimbax_camera_msgs/srv/_feature_enum_info_get.py'...
[23.670s] Compiling '/home/root1/lzx_ws/project/lidar_camera_ros_ws/install/vimbax_camera_msgs/local/lib/python3.10/dist-packages/vimbax_camera_msgs/srv/_feature_enum_set.py'...
[23.670s] Compiling '/home/root1/lzx_ws/project/lidar_camera_ros_ws/install/vimbax_camera_msgs/local/lib/python3.10/dist-packages/vimbax_camera_msgs/srv/_feature_float_get.py'...
[23.670s] Compiling '/home/root1/lzx_ws/project/lidar_camera_ros_ws/install/vimbax_camera_msgs/local/lib/python3.10/dist-packages/vimbax_camera_msgs/srv/_feature_float_info_get.py'...
[23.670s] Compiling '/home/root1/lzx_ws/project/lidar_camera_ros_ws/install/vimbax_camera_msgs/local/lib/python3.10/dist-packages/vimbax_camera_msgs/srv/_feature_float_set.py'...
[23.670s] Compiling '/home/root1/lzx_ws/project/lidar_camera_ros_ws/install/vimbax_camera_msgs/local/lib/python3.10/dist-packages/vimbax_camera_msgs/srv/_feature_info_query.py'...
[23.670s] Compiling '/home/root1/lzx_ws/project/lidar_camera_ros_ws/install/vimbax_camera_msgs/local/lib/python3.10/dist-packages/vimbax_camera_msgs/srv/_feature_int_get.py'...
[23.670s] Compiling '/home/root1/lzx_ws/project/lidar_camera_ros_ws/install/vimbax_camera_msgs/local/lib/python3.10/dist-packages/vimbax_camera_msgs/srv/_feature_int_info_get.py'...
[23.670s] Compiling '/home/root1/lzx_ws/project/lidar_camera_ros_ws/install/vimbax_camera_msgs/local/lib/python3.10/dist-packages/vimbax_camera_msgs/srv/_feature_int_set.py'...
[23.670s] Compiling '/home/root1/lzx_ws/project/lidar_camera_ros_ws/install/vimbax_camera_msgs/local/lib/python3.10/dist-packages/vimbax_camera_msgs/srv/_feature_raw_get.py'...
[23.671s] Compiling '/home/root1/lzx_ws/project/lidar_camera_ros_ws/install/vimbax_camera_msgs/local/lib/python3.10/dist-packages/vimbax_camera_msgs/srv/_feature_raw_info_get.py'...
[23.671s] Compiling '/home/root1/lzx_ws/project/lidar_camera_ros_ws/install/vimbax_camera_msgs/local/lib/python3.10/dist-packages/vimbax_camera_msgs/srv/_feature_raw_set.py'...
[23.671s] Compiling '/home/root1/lzx_ws/project/lidar_camera_ros_ws/install/vimbax_camera_msgs/local/lib/python3.10/dist-packages/vimbax_camera_msgs/srv/_feature_string_get.py'...
[23.671s] Compiling '/home/root1/lzx_ws/project/lidar_camera_ros_ws/install/vimbax_camera_msgs/local/lib/python3.10/dist-packages/vimbax_camera_msgs/srv/_feature_string_info_get.py'...
[23.671s] Compiling '/home/root1/lzx_ws/project/lidar_camera_ros_ws/install/vimbax_camera_msgs/local/lib/python3.10/dist-packages/vimbax_camera_msgs/srv/_feature_string_set.py'...
[23.671s] Compiling '/home/root1/lzx_ws/project/lidar_camera_ros_ws/install/vimbax_camera_msgs/local/lib/python3.10/dist-packages/vimbax_camera_msgs/srv/_features_list_get.py'...
[23.671s] Compiling '/home/root1/lzx_ws/project/lidar_camera_ros_ws/install/vimbax_camera_msgs/local/lib/python3.10/dist-packages/vimbax_camera_msgs/srv/_settings_load_save.py'...
[23.671s] Compiling '/home/root1/lzx_ws/project/lidar_camera_ros_ws/install/vimbax_camera_msgs/local/lib/python3.10/dist-packages/vimbax_camera_msgs/srv/_status.py'...
[23.671s] Compiling '/home/root1/lzx_ws/project/lidar_camera_ros_ws/install/vimbax_camera_msgs/local/lib/python3.10/dist-packages/vimbax_camera_msgs/srv/_stream_start_stop.py'...
[23.671s] Compiling '/home/root1/lzx_ws/project/lidar_camera_ros_ws/install/vimbax_camera_msgs/local/lib/python3.10/dist-packages/vimbax_camera_msgs/srv/_subscribe_event.py'...
[23.671s] Compiling '/home/root1/lzx_ws/project/lidar_camera_ros_ws/install/vimbax_camera_msgs/local/lib/python3.10/dist-packages/vimbax_camera_msgs/srv/_unsubscribe_event.py'...
[23.675s] -- Installing: /home/root1/lzx_ws/project/lidar_camera_ros_ws/install/vimbax_camera_msgs/local/lib/python3.10/dist-packages/vimbax_camera_msgs/vimbax_camera_msgs_s__rosidl_typesupport_fastrtps_c.cpython-310-x86_64-linux-gnu.so
[23.676s] -- Set runtime path of "/home/root1/lzx_ws/project/lidar_camera_ros_ws/install/vimbax_camera_msgs/local/lib/python3.10/dist-packages/vimbax_camera_msgs/vimbax_camera_msgs_s__rosidl_typesupport_fastrtps_c.cpython-310-x86_64-linux-gnu.so" to ""
[23.676s] -- Installing: /home/root1/lzx_ws/project/lidar_camera_ros_ws/install/vimbax_camera_msgs/local/lib/python3.10/dist-packages/vimbax_camera_msgs/vimbax_camera_msgs_s__rosidl_typesupport_introspection_c.cpython-310-x86_64-linux-gnu.so
[23.677s] -- Set runtime path of "/home/root1/lzx_ws/project/lidar_camera_ros_ws/install/vimbax_camera_msgs/local/lib/python3.10/dist-packages/vimbax_camera_msgs/vimbax_camera_msgs_s__rosidl_typesupport_introspection_c.cpython-310-x86_64-linux-gnu.so" to ""
[23.677s] -- Installing: /home/root1/lzx_ws/project/lidar_camera_ros_ws/install/vimbax_camera_msgs/local/lib/python3.10/dist-packages/vimbax_camera_msgs/vimbax_camera_msgs_s__rosidl_typesupport_c.cpython-310-x86_64-linux-gnu.so
[23.678s] -- Set runtime path of "/home/root1/lzx_ws/project/lidar_camera_ros_ws/install/vimbax_camera_msgs/local/lib/python3.10/dist-packages/vimbax_camera_msgs/vimbax_camera_msgs_s__rosidl_typesupport_c.cpython-310-x86_64-linux-gnu.so" to ""
[23.678s] -- Installing: /home/root1/lzx_ws/project/lidar_camera_ros_ws/install/vimbax_camera_msgs/lib/libvimbax_camera_msgs__rosidl_generator_py.so
[23.679s] -- Set runtime path of "/home/root1/lzx_ws/project/lidar_camera_ros_ws/install/vimbax_camera_msgs/lib/libvimbax_camera_msgs__rosidl_generator_py.so" to ""
[23.679s] -- Installing: /home/root1/lzx_ws/project/lidar_camera_ros_ws/install/vimbax_camera_msgs/share/vimbax_camera_msgs/msg/FeatureFlags.idl
[23.679s] -- Installing: /home/root1/lzx_ws/project/lidar_camera_ros_ws/install/vimbax_camera_msgs/share/vimbax_camera_msgs/msg/FeatureInfo.idl
[23.679s] -- Installing: /home/root1/lzx_ws/project/lidar_camera_ros_ws/install/vimbax_camera_msgs/share/vimbax_camera_msgs/msg/EventDataEntry.idl
[23.679s] -- Installing: /home/root1/lzx_ws/project/lidar_camera_ros_ws/install/vimbax_camera_msgs/share/vimbax_camera_msgs/msg/EventData.idl
[23.680s] -- Installing: /home/root1/lzx_ws/project/lidar_camera_ros_ws/install/vimbax_camera_msgs/share/vimbax_camera_msgs/msg/Error.idl
[23.680s] -- Installing: /home/root1/lzx_ws/project/lidar_camera_ros_ws/install/vimbax_camera_msgs/share/vimbax_camera_msgs/msg/FeatureModule.idl
[23.680s] -- Installing: /home/root1/lzx_ws/project/lidar_camera_ros_ws/install/vimbax_camera_msgs/share/vimbax_camera_msgs/msg/TriggerInfo.idl
[23.680s] -- Installing: /home/root1/lzx_ws/project/lidar_camera_ros_ws/install/vimbax_camera_msgs/share/vimbax_camera_msgs/srv/FeatureIntGet.idl
[23.681s] -- Installing: /home/root1/lzx_ws/project/lidar_camera_ros_ws/install/vimbax_camera_msgs/share/vimbax_camera_msgs/srv/FeatureIntSet.idl
[23.681s] -- Installing: /home/root1/lzx_ws/project/lidar_camera_ros_ws/install/vimbax_camera_msgs/share/vimbax_camera_msgs/srv/FeatureIntInfoGet.idl
[23.681s] -- Installing: /home/root1/lzx_ws/project/lidar_camera_ros_ws/install/vimbax_camera_msgs/share/vimbax_camera_msgs/srv/FeatureFloatGet.idl
[23.681s] -- Installing: /home/root1/lzx_ws/project/lidar_camera_ros_ws/install/vimbax_camera_msgs/share/vimbax_camera_msgs/srv/FeatureFloatSet.idl
[23.681s] -- Installing: /home/root1/lzx_ws/project/lidar_camera_ros_ws/install/vimbax_camera_msgs/share/vimbax_camera_msgs/srv/FeatureFloatInfoGet.idl
[23.682s] -- Installing: /home/root1/lzx_ws/project/lidar_camera_ros_ws/install/vimbax_camera_msgs/share/vimbax_camera_msgs/srv/FeatureStringGet.idl
[23.682s] -- Installing: /home/root1/lzx_ws/project/lidar_camera_ros_ws/install/vimbax_camera_msgs/share/vimbax_camera_msgs/srv/FeatureStringSet.idl
[23.682s] -- Installing: /home/root1/lzx_ws/project/lidar_camera_ros_ws/install/vimbax_camera_msgs/share/vimbax_camera_msgs/srv/FeatureStringInfoGet.idl
[23.682s] -- Installing: /home/root1/lzx_ws/project/lidar_camera_ros_ws/install/vimbax_camera_msgs/share/vimbax_camera_msgs/srv/FeatureBoolGet.idl
[23.683s] -- Installing: /home/root1/lzx_ws/project/lidar_camera_ros_ws/install/vimbax_camera_msgs/share/vimbax_camera_msgs/srv/FeatureBoolSet.idl
[23.683s] -- Installing: /home/root1/lzx_ws/project/lidar_camera_ros_ws/install/vimbax_camera_msgs/share/vimbax_camera_msgs/srv/FeatureCommandIsDone.idl
[23.683s] -- Installing: /home/root1/lzx_ws/project/lidar_camera_ros_ws/install/vimbax_camera_msgs/share/vimbax_camera_msgs/srv/FeatureCommandRun.idl
[23.683s] -- Installing: /home/root1/lzx_ws/project/lidar_camera_ros_ws/install/vimbax_camera_msgs/share/vimbax_camera_msgs/srv/FeatureEnumGet.idl
[23.684s] -- Installing: /home/root1/lzx_ws/project/lidar_camera_ros_ws/install/vimbax_camera_msgs/share/vimbax_camera_msgs/srv/FeatureEnumSet.idl
[23.684s] -- Installing: /home/root1/lzx_ws/project/lidar_camera_ros_ws/install/vimbax_camera_msgs/share/vimbax_camera_msgs/srv/FeatureEnumInfoGet.idl
[23.684s] -- Installing: /home/root1/lzx_ws/project/lidar_camera_ros_ws/install/vimbax_camera_msgs/share/vimbax_camera_msgs/srv/FeatureEnumAsIntGet.idl
[23.684s] -- Installing: /home/root1/lzx_ws/project/lidar_camera_ros_ws/install/vimbax_camera_msgs/share/vimbax_camera_msgs/srv/FeatureEnumAsStringGet.idl
[23.684s] -- Installing: /home/root1/lzx_ws/project/lidar_camera_ros_ws/install/vimbax_camera_msgs/share/vimbax_camera_msgs/srv/FeatureRawGet.idl
[23.685s] -- Installing: /home/root1/lzx_ws/project/lidar_camera_ros_ws/install/vimbax_camera_msgs/share/vimbax_camera_msgs/srv/FeatureRawSet.idl
[23.685s] -- Installing: /home/root1/lzx_ws/project/lidar_camera_ros_ws/install/vimbax_camera_msgs/share/vimbax_camera_msgs/srv/FeatureRawInfoGet.idl
[23.685s] -- Installing: /home/root1/lzx_ws/project/lidar_camera_ros_ws/install/vimbax_camera_msgs/share/vimbax_camera_msgs/srv/FeatureAccessModeGet.idl
[23.685s] -- Installing: /home/root1/lzx_ws/project/lidar_camera_ros_ws/install/vimbax_camera_msgs/share/vimbax_camera_msgs/srv/FeatureInfoQuery.idl
[23.685s] -- Installing: /home/root1/lzx_ws/project/lidar_camera_ros_ws/install/vimbax_camera_msgs/share/vimbax_camera_msgs/srv/FeaturesListGet.idl
[23.686s] -- Installing: /home/root1/lzx_ws/project/lidar_camera_ros_ws/install/vimbax_camera_msgs/share/vimbax_camera_msgs/srv/SettingsLoadSave.idl
[23.686s] -- Installing: /home/root1/lzx_ws/project/lidar_camera_ros_ws/install/vimbax_camera_msgs/share/vimbax_camera_msgs/srv/Status.idl
[23.686s] -- Installing: /home/root1/lzx_ws/project/lidar_camera_ros_ws/install/vimbax_camera_msgs/share/vimbax_camera_msgs/srv/StreamStartStop.idl
[23.686s] -- Installing: /home/root1/lzx_ws/project/lidar_camera_ros_ws/install/vimbax_camera_msgs/share/vimbax_camera_msgs/srv/SubscribeEvent.idl
[23.687s] -- Installing: /home/root1/lzx_ws/project/lidar_camera_ros_ws/install/vimbax_camera_msgs/share/vimbax_camera_msgs/srv/UnsubscribeEvent.idl
[23.687s] -- Installing: /home/root1/lzx_ws/project/lidar_camera_ros_ws/install/vimbax_camera_msgs/share/vimbax_camera_msgs/srv/ConnectionStatus.idl
[23.687s] -- Installing: /home/root1/lzx_ws/project/lidar_camera_ros_ws/install/vimbax_camera_msgs/share/vimbax_camera_msgs/msg/FeatureFlags.msg
[23.687s] -- Installing: /home/root1/lzx_ws/project/lidar_camera_ros_ws/install/vimbax_camera_msgs/share/vimbax_camera_msgs/msg/FeatureInfo.msg
[23.687s] -- Installing: /home/root1/lzx_ws/project/lidar_camera_ros_ws/install/vimbax_camera_msgs/share/vimbax_camera_msgs/msg/EventDataEntry.msg
[23.688s] -- Installing: /home/root1/lzx_ws/project/lidar_camera_ros_ws/install/vimbax_camera_msgs/share/vimbax_camera_msgs/msg/EventData.msg
[23.688s] -- Installing: /home/root1/lzx_ws/project/lidar_camera_ros_ws/install/vimbax_camera_msgs/share/vimbax_camera_msgs/msg/Error.msg
[23.688s] -- Installing: /home/root1/lzx_ws/project/lidar_camera_ros_ws/install/vimbax_camera_msgs/share/vimbax_camera_msgs/msg/FeatureModule.msg
[23.688s] -- Installing: /home/root1/lzx_ws/project/lidar_camera_ros_ws/install/vimbax_camera_msgs/share/vimbax_camera_msgs/msg/TriggerInfo.msg
[23.689s] -- Installing: /home/root1/lzx_ws/project/lidar_camera_ros_ws/install/vimbax_camera_msgs/share/vimbax_camera_msgs/srv/FeatureIntGet.srv
[23.689s] -- Installing: /home/root1/lzx_ws/project/lidar_camera_ros_ws/install/vimbax_camera_msgs/share/vimbax_camera_msgs/srv/FeatureIntGet_Request.msg
[23.689s] -- Installing: /home/root1/lzx_ws/project/lidar_camera_ros_ws/install/vimbax_camera_msgs/share/vimbax_camera_msgs/srv/FeatureIntGet_Response.msg
[23.689s] -- Installing: /home/root1/lzx_ws/project/lidar_camera_ros_ws/install/vimbax_camera_msgs/share/vimbax_camera_msgs/srv/FeatureIntSet.srv
[23.689s] -- Installing: /home/root1/lzx_ws/project/lidar_camera_ros_ws/install/vimbax_camera_msgs/share/vimbax_camera_msgs/srv/FeatureIntSet_Request.msg
[23.690s] -- Installing: /home/root1/lzx_ws/project/lidar_camera_ros_ws/install/vimbax_camera_msgs/share/vimbax_camera_msgs/srv/FeatureIntSet_Response.msg
[23.690s] -- Installing: /home/root1/lzx_ws/project/lidar_camera_ros_ws/install/vimbax_camera_msgs/share/vimbax_camera_msgs/srv/FeatureIntInfoGet.srv
[23.690s] -- Installing: /home/root1/lzx_ws/project/lidar_camera_ros_ws/install/vimbax_camera_msgs/share/vimbax_camera_msgs/srv/FeatureIntInfoGet_Request.msg
[23.690s] -- Installing: /home/root1/lzx_ws/project/lidar_camera_ros_ws/install/vimbax_camera_msgs/share/vimbax_camera_msgs/srv/FeatureIntInfoGet_Response.msg
[23.691s] -- Installing: /home/root1/lzx_ws/project/lidar_camera_ros_ws/install/vimbax_camera_msgs/share/vimbax_camera_msgs/srv/FeatureFloatGet.srv
[23.691s] -- Installing: /home/root1/lzx_ws/project/lidar_camera_ros_ws/install/vimbax_camera_msgs/share/vimbax_camera_msgs/srv/FeatureFloatGet_Request.msg
[23.691s] -- Installing: /home/root1/lzx_ws/project/lidar_camera_ros_ws/install/vimbax_camera_msgs/share/vimbax_camera_msgs/srv/FeatureFloatGet_Response.msg
[23.691s] -- Installing: /home/root1/lzx_ws/project/lidar_camera_ros_ws/install/vimbax_camera_msgs/share/vimbax_camera_msgs/srv/FeatureFloatSet.srv
[23.692s] -- Installing: /home/root1/lzx_ws/project/lidar_camera_ros_ws/install/vimbax_camera_msgs/share/vimbax_camera_msgs/srv/FeatureFloatSet_Request.msg
[23.692s] -- Installing: /home/root1/lzx_ws/project/lidar_camera_ros_ws/install/vimbax_camera_msgs/share/vimbax_camera_msgs/srv/FeatureFloatSet_Response.msg
[23.692s] -- Installing: /home/root1/lzx_ws/project/lidar_camera_ros_ws/install/vimbax_camera_msgs/share/vimbax_camera_msgs/srv/FeatureFloatInfoGet.srv
[23.692s] -- Installing: /home/root1/lzx_ws/project/lidar_camera_ros_ws/install/vimbax_camera_msgs/share/vimbax_camera_msgs/srv/FeatureFloatInfoGet_Request.msg
[23.693s] -- Installing: /home/root1/lzx_ws/project/lidar_camera_ros_ws/install/vimbax_camera_msgs/share/vimbax_camera_msgs/srv/FeatureFloatInfoGet_Response.msg
[23.693s] -- Installing: /home/root1/lzx_ws/project/lidar_camera_ros_ws/install/vimbax_camera_msgs/share/vimbax_camera_msgs/srv/FeatureStringGet.srv
[23.693s] -- Installing: /home/root1/lzx_ws/project/lidar_camera_ros_ws/install/vimbax_camera_msgs/share/vimbax_camera_msgs/srv/FeatureStringGet_Request.msg
[23.693s] -- Installing: /home/root1/lzx_ws/project/lidar_camera_ros_ws/install/vimbax_camera_msgs/share/vimbax_camera_msgs/srv/FeatureStringGet_Response.msg
[23.694s] -- Installing: /home/root1/lzx_ws/project/lidar_camera_ros_ws/install/vimbax_camera_msgs/share/vimbax_camera_msgs/srv/FeatureStringSet.srv
[23.694s] -- Installing: /home/root1/lzx_ws/project/lidar_camera_ros_ws/install/vimbax_camera_msgs/share/vimbax_camera_msgs/srv/FeatureStringSet_Request.msg
[23.694s] -- Installing: /home/root1/lzx_ws/project/lidar_camera_ros_ws/install/vimbax_camera_msgs/share/vimbax_camera_msgs/srv/FeatureStringSet_Response.msg
[23.713s] -- Installing: /home/root1/lzx_ws/project/lidar_camera_ros_ws/install/vimbax_camera_msgs/share/vimbax_camera_msgs/srv/FeatureStringInfoGet.srv
[23.714s] -- Installing: /home/root1/lzx_ws/project/lidar_camera_ros_ws/install/vimbax_camera_msgs/share/vimbax_camera_msgs/srv/FeatureStringInfoGet_Request.msg
[23.714s] -- Installing: /home/root1/lzx_ws/project/lidar_camera_ros_ws/install/vimbax_camera_msgs/share/vimbax_camera_msgs/srv/FeatureStringInfoGet_Response.msg
[23.714s] -- Installing: /home/root1/lzx_ws/project/lidar_camera_ros_ws/install/vimbax_camera_msgs/share/vimbax_camera_msgs/srv/FeatureBoolGet.srv
[23.715s] -- Installing: /home/root1/lzx_ws/project/lidar_camera_ros_ws/install/vimbax_camera_msgs/share/vimbax_camera_msgs/srv/FeatureBoolGet_Request.msg
[23.715s] -- Installing: /home/root1/lzx_ws/project/lidar_camera_ros_ws/install/vimbax_camera_msgs/share/vimbax_camera_msgs/srv/FeatureBoolGet_Response.msg
[23.715s] -- Installing: /home/root1/lzx_ws/project/lidar_camera_ros_ws/install/vimbax_camera_msgs/share/vimbax_camera_msgs/srv/FeatureBoolSet.srv
[23.716s] -- Installing: /home/root1/lzx_ws/project/lidar_camera_ros_ws/install/vimbax_camera_msgs/share/vimbax_camera_msgs/srv/FeatureBoolSet_Request.msg
[23.716s] -- Installing: /home/root1/lzx_ws/project/lidar_camera_ros_ws/install/vimbax_camera_msgs/share/vimbax_camera_msgs/srv/FeatureBoolSet_Response.msg
[23.716s] -- Installing: /home/root1/lzx_ws/project/lidar_camera_ros_ws/install/vimbax_camera_msgs/share/vimbax_camera_msgs/srv/FeatureCommandIsDone.srv
[23.716s] -- Installing: /home/root1/lzx_ws/project/lidar_camera_ros_ws/install/vimbax_camera_msgs/share/vimbax_camera_msgs/srv/FeatureCommandIsDone_Request.msg
[23.717s] -- Installing: /home/root1/lzx_ws/project/lidar_camera_ros_ws/install/vimbax_camera_msgs/share/vimbax_camera_msgs/srv/FeatureCommandIsDone_Response.msg
[23.717s] -- Installing: /home/root1/lzx_ws/project/lidar_camera_ros_ws/install/vimbax_camera_msgs/share/vimbax_camera_msgs/srv/FeatureCommandRun.srv
[23.718s] -- Installing: /home/root1/lzx_ws/project/lidar_camera_ros_ws/install/vimbax_camera_msgs/share/vimbax_camera_msgs/srv/FeatureCommandRun_Request.msg
[23.718s] -- Installing: /home/root1/lzx_ws/project/lidar_camera_ros_ws/install/vimbax_camera_msgs/share/vimbax_camera_msgs/srv/FeatureCommandRun_Response.msg
[23.718s] -- Installing: /home/root1/lzx_ws/project/lidar_camera_ros_ws/install/vimbax_camera_msgs/share/vimbax_camera_msgs/srv/FeatureEnumGet.srv
[23.718s] -- Installing: /home/root1/lzx_ws/project/lidar_camera_ros_ws/install/vimbax_camera_msgs/share/vimbax_camera_msgs/srv/FeatureEnumGet_Request.msg
[23.719s] -- Installing: /home/root1/lzx_ws/project/lidar_camera_ros_ws/install/vimbax_camera_msgs/share/vimbax_camera_msgs/srv/FeatureEnumGet_Response.msg
[23.719s] -- Installing: /home/root1/lzx_ws/project/lidar_camera_ros_ws/install/vimbax_camera_msgs/share/vimbax_camera_msgs/srv/FeatureEnumSet.srv
[23.719s] -- Installing: /home/root1/lzx_ws/project/lidar_camera_ros_ws/install/vimbax_camera_msgs/share/vimbax_camera_msgs/srv/FeatureEnumSet_Request.msg
[23.720s] -- Installing: /home/root1/lzx_ws/project/lidar_camera_ros_ws/install/vimbax_camera_msgs/share/vimbax_camera_msgs/srv/FeatureEnumSet_Response.msg
[23.720s] -- Installing: /home/root1/lzx_ws/project/lidar_camera_ros_ws/install/vimbax_camera_msgs/share/vimbax_camera_msgs/srv/FeatureEnumInfoGet.srv
[23.720s] -- Installing: /home/root1/lzx_ws/project/lidar_camera_ros_ws/install/vimbax_camera_msgs/share/vimbax_camera_msgs/srv/FeatureEnumInfoGet_Request.msg
[23.721s] -- Installing: /home/root1/lzx_ws/project/lidar_camera_ros_ws/install/vimbax_camera_msgs/share/vimbax_camera_msgs/srv/FeatureEnumInfoGet_Response.msg
[23.721s] -- Installing: /home/root1/lzx_ws/project/lidar_camera_ros_ws/install/vimbax_camera_msgs/share/vimbax_camera_msgs/srv/FeatureEnumAsIntGet.srv
[23.721s] -- Installing: /home/root1/lzx_ws/project/lidar_camera_ros_ws/install/vimbax_camera_msgs/share/vimbax_camera_msgs/srv/FeatureEnumAsIntGet_Request.msg
[23.722s] -- Installing: /home/root1/lzx_ws/project/lidar_camera_ros_ws/install/vimbax_camera_msgs/share/vimbax_camera_msgs/srv/FeatureEnumAsIntGet_Response.msg
[23.722s] -- Installing: /home/root1/lzx_ws/project/lidar_camera_ros_ws/install/vimbax_camera_msgs/share/vimbax_camera_msgs/srv/FeatureEnumAsStringGet.srv
[23.722s] -- Installing: /home/root1/lzx_ws/project/lidar_camera_ros_ws/install/vimbax_camera_msgs/share/vimbax_camera_msgs/srv/FeatureEnumAsStringGet_Request.msg
[23.723s] -- Installing: /home/root1/lzx_ws/project/lidar_camera_ros_ws/install/vimbax_camera_msgs/share/vimbax_camera_msgs/srv/FeatureEnumAsStringGet_Response.msg
[23.723s] -- Installing: /home/root1/lzx_ws/project/lidar_camera_ros_ws/install/vimbax_camera_msgs/share/vimbax_camera_msgs/srv/FeatureRawGet.srv
[23.723s] -- Installing: /home/root1/lzx_ws/project/lidar_camera_ros_ws/install/vimbax_camera_msgs/share/vimbax_camera_msgs/srv/FeatureRawGet_Request.msg
[23.724s] -- Installing: /home/root1/lzx_ws/project/lidar_camera_ros_ws/install/vimbax_camera_msgs/share/vimbax_camera_msgs/srv/FeatureRawGet_Response.msg
[23.724s] -- Installing: /home/root1/lzx_ws/project/lidar_camera_ros_ws/install/vimbax_camera_msgs/share/vimbax_camera_msgs/srv/FeatureRawSet.srv
[23.724s] -- Installing: /home/root1/lzx_ws/project/lidar_camera_ros_ws/install/vimbax_camera_msgs/share/vimbax_camera_msgs/srv/FeatureRawSet_Request.msg
[23.725s] -- Installing: /home/root1/lzx_ws/project/lidar_camera_ros_ws/install/vimbax_camera_msgs/share/vimbax_camera_msgs/srv/FeatureRawSet_Response.msg
[23.725s] -- Installing: /home/root1/lzx_ws/project/lidar_camera_ros_ws/install/vimbax_camera_msgs/share/vimbax_camera_msgs/srv/FeatureRawInfoGet.srv
[23.725s] -- Installing: /home/root1/lzx_ws/project/lidar_camera_ros_ws/install/vimbax_camera_msgs/share/vimbax_camera_msgs/srv/FeatureRawInfoGet_Request.msg
[23.726s] -- Installing: /home/root1/lzx_ws/project/lidar_camera_ros_ws/install/vimbax_camera_msgs/share/vimbax_camera_msgs/srv/FeatureRawInfoGet_Response.msg
[23.726s] -- Installing: /home/root1/lzx_ws/project/lidar_camera_ros_ws/install/vimbax_camera_msgs/share/vimbax_camera_msgs/srv/FeatureAccessModeGet.srv
[23.726s] -- Installing: /home/root1/lzx_ws/project/lidar_camera_ros_ws/install/vimbax_camera_msgs/share/vimbax_camera_msgs/srv/FeatureAccessModeGet_Request.msg
[23.727s] -- Installing: /home/root1/lzx_ws/project/lidar_camera_ros_ws/install/vimbax_camera_msgs/share/vimbax_camera_msgs/srv/FeatureAccessModeGet_Response.msg
[23.727s] -- Installing: /home/root1/lzx_ws/project/lidar_camera_ros_ws/install/vimbax_camera_msgs/share/vimbax_camera_msgs/srv/FeatureInfoQuery.srv
[23.727s] -- Installing: /home/root1/lzx_ws/project/lidar_camera_ros_ws/install/vimbax_camera_msgs/share/vimbax_camera_msgs/srv/FeatureInfoQuery_Request.msg
[23.728s] -- Installing: /home/root1/lzx_ws/project/lidar_camera_ros_ws/install/vimbax_camera_msgs/share/vimbax_camera_msgs/srv/FeatureInfoQuery_Response.msg
[23.728s] -- Installing: /home/root1/lzx_ws/project/lidar_camera_ros_ws/install/vimbax_camera_msgs/share/vimbax_camera_msgs/srv/FeaturesListGet.srv
[23.728s] -- Installing: /home/root1/lzx_ws/project/lidar_camera_ros_ws/install/vimbax_camera_msgs/share/vimbax_camera_msgs/srv/FeaturesListGet_Request.msg
[23.729s] -- Installing: /home/root1/lzx_ws/project/lidar_camera_ros_ws/install/vimbax_camera_msgs/share/vimbax_camera_msgs/srv/FeaturesListGet_Response.msg
[23.729s] -- Installing: /home/root1/lzx_ws/project/lidar_camera_ros_ws/install/vimbax_camera_msgs/share/vimbax_camera_msgs/srv/SettingsLoadSave.srv
[23.729s] -- Installing: /home/root1/lzx_ws/project/lidar_camera_ros_ws/install/vimbax_camera_msgs/share/vimbax_camera_msgs/srv/SettingsLoadSave_Request.msg
[23.729s] -- Installing: /home/root1/lzx_ws/project/lidar_camera_ros_ws/install/vimbax_camera_msgs/share/vimbax_camera_msgs/srv/SettingsLoadSave_Response.msg
[23.730s] -- Installing: /home/root1/lzx_ws/project/lidar_camera_ros_ws/install/vimbax_camera_msgs/share/vimbax_camera_msgs/srv/Status.srv
[23.730s] -- Installing: /home/root1/lzx_ws/project/lidar_camera_ros_ws/install/vimbax_camera_msgs/share/vimbax_camera_msgs/srv/Status_Request.msg
[23.730s] -- Installing: /home/root1/lzx_ws/project/lidar_camera_ros_ws/install/vimbax_camera_msgs/share/vimbax_camera_msgs/srv/Status_Response.msg
[23.730s] -- Installing: /home/root1/lzx_ws/project/lidar_camera_ros_ws/install/vimbax_camera_msgs/share/vimbax_camera_msgs/srv/StreamStartStop.srv
[23.730s] -- Installing: /home/root1/lzx_ws/project/lidar_camera_ros_ws/install/vimbax_camera_msgs/share/vimbax_camera_msgs/srv/StreamStartStop_Request.msg
[23.731s] -- Installing: /home/root1/lzx_ws/project/lidar_camera_ros_ws/install/vimbax_camera_msgs/share/vimbax_camera_msgs/srv/StreamStartStop_Response.msg
[23.731s] -- Installing: /home/root1/lzx_ws/project/lidar_camera_ros_ws/install/vimbax_camera_msgs/share/vimbax_camera_msgs/srv/SubscribeEvent.srv
[23.731s] -- Installing: /home/root1/lzx_ws/project/lidar_camera_ros_ws/install/vimbax_camera_msgs/share/vimbax_camera_msgs/srv/SubscribeEvent_Request.msg
[23.731s] -- Installing: /home/root1/lzx_ws/project/lidar_camera_ros_ws/install/vimbax_camera_msgs/share/vimbax_camera_msgs/srv/SubscribeEvent_Response.msg
[23.732s] -- Installing: /home/root1/lzx_ws/project/lidar_camera_ros_ws/install/vimbax_camera_msgs/share/vimbax_camera_msgs/srv/UnsubscribeEvent.srv
[23.732s] -- Installing: /home/root1/lzx_ws/project/lidar_camera_ros_ws/install/vimbax_camera_msgs/share/vimbax_camera_msgs/srv/UnsubscribeEvent_Request.msg
[23.732s] -- Installing: /home/root1/lzx_ws/project/lidar_camera_ros_ws/install/vimbax_camera_msgs/share/vimbax_camera_msgs/srv/UnsubscribeEvent_Response.msg
[23.732s] -- Installing: /home/root1/lzx_ws/project/lidar_camera_ros_ws/install/vimbax_camera_msgs/share/vimbax_camera_msgs/srv/ConnectionStatus.srv
[23.734s] -- Installing: /home/root1/lzx_ws/project/lidar_camera_ros_ws/install/vimbax_camera_msgs/share/vimbax_camera_msgs/srv/ConnectionStatus_Request.msg
[23.734s] -- Installing: /home/root1/lzx_ws/project/lidar_camera_ros_ws/install/vimbax_camera_msgs/share/vimbax_camera_msgs/srv/ConnectionStatus_Response.msg
[23.734s] -- Installing: /home/root1/lzx_ws/project/lidar_camera_ros_ws/install/vimbax_camera_msgs/share/ament_index/resource_index/package_run_dependencies/vimbax_camera_msgs
[23.734s] -- Installing: /home/root1/lzx_ws/project/lidar_camera_ros_ws/install/vimbax_camera_msgs/share/ament_index/resource_index/parent_prefix_path/vimbax_camera_msgs
[23.734s] -- Installing: /home/root1/lzx_ws/project/lidar_camera_ros_ws/install/vimbax_camera_msgs/share/vimbax_camera_msgs/environment/ament_prefix_path.sh
[23.734s] -- Installing: /home/root1/lzx_ws/project/lidar_camera_ros_ws/install/vimbax_camera_msgs/share/vimbax_camera_msgs/environment/ament_prefix_path.dsv
[23.734s] -- Installing: /home/root1/lzx_ws/project/lidar_camera_ros_ws/install/vimbax_camera_msgs/share/vimbax_camera_msgs/environment/path.sh
[23.734s] -- Installing: /home/root1/lzx_ws/project/lidar_camera_ros_ws/install/vimbax_camera_msgs/share/vimbax_camera_msgs/environment/path.dsv
[23.734s] -- Installing: /home/root1/lzx_ws/project/lidar_camera_ros_ws/install/vimbax_camera_msgs/share/vimbax_camera_msgs/local_setup.bash
[23.735s] -- Installing: /home/root1/lzx_ws/project/lidar_camera_ros_ws/install/vimbax_camera_msgs/share/vimbax_camera_msgs/local_setup.sh
[23.735s] -- Installing: /home/root1/lzx_ws/project/lidar_camera_ros_ws/install/vimbax_camera_msgs/share/vimbax_camera_msgs/local_setup.zsh
[23.735s] -- Installing: /home/root1/lzx_ws/project/lidar_camera_ros_ws/install/vimbax_camera_msgs/share/vimbax_camera_msgs/local_setup.dsv
[23.735s] -- Installing: /home/root1/lzx_ws/project/lidar_camera_ros_ws/install/vimbax_camera_msgs/share/vimbax_camera_msgs/package.dsv
[23.736s] -- Installing: /home/root1/lzx_ws/project/lidar_camera_ros_ws/install/vimbax_camera_msgs/share/ament_index/resource_index/packages/vimbax_camera_msgs
[23.736s] -- Installing: /home/root1/lzx_ws/project/lidar_camera_ros_ws/install/vimbax_camera_msgs/share/vimbax_camera_msgs/cmake/export_vimbax_camera_msgs__rosidl_generator_cExport.cmake
[23.736s] -- Installing: /home/root1/lzx_ws/project/lidar_camera_ros_ws/install/vimbax_camera_msgs/share/vimbax_camera_msgs/cmake/export_vimbax_camera_msgs__rosidl_generator_cExport-noconfig.cmake
[23.736s] -- Installing: /home/root1/lzx_ws/project/lidar_camera_ros_ws/install/vimbax_camera_msgs/share/vimbax_camera_msgs/cmake/export_vimbax_camera_msgs__rosidl_typesupport_fastrtps_cExport.cmake
[23.737s] -- Installing: /home/root1/lzx_ws/project/lidar_camera_ros_ws/install/vimbax_camera_msgs/share/vimbax_camera_msgs/cmake/export_vimbax_camera_msgs__rosidl_typesupport_fastrtps_cExport-noconfig.cmake
[23.737s] -- Installing: /home/root1/lzx_ws/project/lidar_camera_ros_ws/install/vimbax_camera_msgs/share/vimbax_camera_msgs/cmake/vimbax_camera_msgs__rosidl_typesupport_introspection_cExport.cmake
[23.737s] -- Installing: /home/root1/lzx_ws/project/lidar_camera_ros_ws/install/vimbax_camera_msgs/share/vimbax_camera_msgs/cmake/vimbax_camera_msgs__rosidl_typesupport_introspection_cExport-noconfig.cmake
[23.737s] -- Installing: /home/root1/lzx_ws/project/lidar_camera_ros_ws/install/vimbax_camera_msgs/share/vimbax_camera_msgs/cmake/vimbax_camera_msgs__rosidl_typesupport_cExport.cmake
[23.738s] -- Installing: /home/root1/lzx_ws/project/lidar_camera_ros_ws/install/vimbax_camera_msgs/share/vimbax_camera_msgs/cmake/vimbax_camera_msgs__rosidl_typesupport_cExport-noconfig.cmake
[23.738s] -- Installing: /home/root1/lzx_ws/project/lidar_camera_ros_ws/install/vimbax_camera_msgs/share/vimbax_camera_msgs/cmake/export_vimbax_camera_msgs__rosidl_generator_cppExport.cmake
[23.738s] -- Installing: /home/root1/lzx_ws/project/lidar_camera_ros_ws/install/vimbax_camera_msgs/share/vimbax_camera_msgs/cmake/export_vimbax_camera_msgs__rosidl_typesupport_fastrtps_cppExport.cmake
[23.738s] -- Installing: /home/root1/lzx_ws/project/lidar_camera_ros_ws/install/vimbax_camera_msgs/share/vimbax_camera_msgs/cmake/export_vimbax_camera_msgs__rosidl_typesupport_fastrtps_cppExport-noconfig.cmake
[23.739s] -- Installing: /home/root1/lzx_ws/project/lidar_camera_ros_ws/install/vimbax_camera_msgs/share/vimbax_camera_msgs/cmake/vimbax_camera_msgs__rosidl_typesupport_introspection_cppExport.cmake
[23.739s] -- Installing: /home/root1/lzx_ws/project/lidar_camera_ros_ws/install/vimbax_camera_msgs/share/vimbax_camera_msgs/cmake/vimbax_camera_msgs__rosidl_typesupport_introspection_cppExport-noconfig.cmake
[23.739s] -- Installing: /home/root1/lzx_ws/project/lidar_camera_ros_ws/install/vimbax_camera_msgs/share/vimbax_camera_msgs/cmake/vimbax_camera_msgs__rosidl_typesupport_cppExport.cmake
[23.739s] -- Installing: /home/root1/lzx_ws/project/lidar_camera_ros_ws/install/vimbax_camera_msgs/share/vimbax_camera_msgs/cmake/vimbax_camera_msgs__rosidl_typesupport_cppExport-noconfig.cmake
[23.739s] -- Installing: /home/root1/lzx_ws/project/lidar_camera_ros_ws/install/vimbax_camera_msgs/share/vimbax_camera_msgs/cmake/export_vimbax_camera_msgs__rosidl_generator_pyExport.cmake
[23.740s] -- Installing: /home/root1/lzx_ws/project/lidar_camera_ros_ws/install/vimbax_camera_msgs/share/vimbax_camera_msgs/cmake/export_vimbax_camera_msgs__rosidl_generator_pyExport-noconfig.cmake
[23.740s] -- Installing: /home/root1/lzx_ws/project/lidar_camera_ros_ws/install/vimbax_camera_msgs/share/vimbax_camera_msgs/cmake/rosidl_cmake-extras.cmake
[23.740s] -- Installing: /home/root1/lzx_ws/project/lidar_camera_ros_ws/install/vimbax_camera_msgs/share/vimbax_camera_msgs/cmake/ament_cmake_export_include_directories-extras.cmake
[23.740s] -- Installing: /home/root1/lzx_ws/project/lidar_camera_ros_ws/install/vimbax_camera_msgs/share/vimbax_camera_msgs/cmake/ament_cmake_export_libraries-extras.cmake
[23.741s] -- Installing: /home/root1/lzx_ws/project/lidar_camera_ros_ws/install/vimbax_camera_msgs/share/vimbax_camera_msgs/cmake/ament_cmake_export_targets-extras.cmake
[23.741s] -- Installing: /home/root1/lzx_ws/project/lidar_camera_ros_ws/install/vimbax_camera_msgs/share/vimbax_camera_msgs/cmake/rosidl_cmake_export_typesupport_targets-extras.cmake
[23.741s] -- Installing: /home/root1/lzx_ws/project/lidar_camera_ros_ws/install/vimbax_camera_msgs/share/vimbax_camera_msgs/cmake/ament_cmake_export_dependencies-extras.cmake
[23.741s] -- Installing: /home/root1/lzx_ws/project/lidar_camera_ros_ws/install/vimbax_camera_msgs/share/vimbax_camera_msgs/cmake/rosidl_cmake_export_typesupport_libraries-extras.cmake
[23.741s] -- Installing: /home/root1/lzx_ws/project/lidar_camera_ros_ws/install/vimbax_camera_msgs/share/vimbax_camera_msgs/cmake/vimbax_camera_msgsConfig.cmake
[23.742s] -- Installing: /home/root1/lzx_ws/project/lidar_camera_ros_ws/install/vimbax_camera_msgs/share/vimbax_camera_msgs/cmake/vimbax_camera_msgsConfig-version.cmake
[23.742s] -- Installing: /home/root1/lzx_ws/project/lidar_camera_ros_ws/install/vimbax_camera_msgs/share/vimbax_camera_msgs/package.xml
[23.745s] Invoked command in '/home/root1/lzx_ws/project/lidar_camera_ros_ws/build/vimbax_camera_msgs' returned '0': CMAKE_PREFIX_PATH=${CMAKE_PREFIX_PATH}:/home/root1/lzx_ws/project/lidar_camera_ros_ws/install/vimbax_camera_color_correction /usr/bin/cmake --install /home/root1/lzx_ws/project/lidar_camera_ros_ws/build/vimbax_camera_msgs
