[0.168s] DEBUG:colcon:Command line arguments: ['/usr/bin/colcon', 'build']
[0.168s] DEBUG:colcon:Parsed command line arguments: Namespace(log_base=None, log_level=None, verb_name='build', build_base='build', install_base='install', merge_install=False, symlink_install=False, test_result_base=None, continue_on_error=False, executor='parallel', parallel_workers=16, event_handlers=None, ignore_user_meta=False, metas=['./colcon.meta'], base_paths=['.'], packages_ignore=None, packages_ignore_regex=None, paths=None, packages_up_to=None, packages_up_to_regex=None, packages_above=None, packages_above_and_dependencies=None, packages_above_depth=None, packages_select_by_dep=None, packages_skip_by_dep=None, packages_skip_up_to=None, packages_select_build_failed=False, packages_skip_build_finished=False, packages_select_test_failures=False, packages_skip_test_passed=False, packages_select=None, packages_skip=None, packages_select_regex=None, packages_skip_regex=None, packages_start=None, packages_end=None, allow_overriding=[], cmake_args=None, cmake_target=None, cmake_target_skip_unavailable=False, cmake_clean_cache=False, cmake_clean_first=False, cmake_force_configure=False, ament_cmake_args=None, catkin_cmake_args=None, catkin_skip_building_tests=False, verb_parser=<colcon_defaults.argument_parser.defaults.DefaultArgumentsDecorator object at 0x79851bbca920>, verb_extension=<colcon_core.verb.build.BuildVerb object at 0x79851bbca890>, main=<bound method BuildVerb.main of <colcon_core.verb.build.BuildVerb object at 0x79851bbca890>>)
[0.211s] Level 1:colcon.colcon_core.package_discovery:discover_packages(colcon_meta) check parameters
[0.211s] Level 1:colcon.colcon_core.package_discovery:discover_packages(recursive) check parameters
[0.211s] Level 1:colcon.colcon_core.package_discovery:discover_packages(ignore) check parameters
[0.211s] Level 1:colcon.colcon_core.package_discovery:discover_packages(path) check parameters
[0.211s] Level 1:colcon.colcon_core.package_discovery:discover_packages(colcon_meta) discover
[0.211s] Level 1:colcon.colcon_core.package_discovery:discover_packages(recursive) discover
[0.211s] INFO:colcon.colcon_core.package_discovery:Crawling recursively for packages in '/home/root1/lzx_ws/project/lidar_camera_ros_ws'
[0.211s] Level 1:colcon.colcon_core.package_identification:_identify(.) by extensions ['ignore', 'ignore_ament_install']
[0.211s] Level 1:colcon.colcon_core.package_identification:_identify(.) by extension 'ignore'
[0.212s] Level 1:colcon.colcon_core.package_identification:_identify(.) by extension 'ignore_ament_install'
[0.212s] Level 1:colcon.colcon_core.package_identification:_identify(.) by extensions ['colcon_pkg']
[0.212s] Level 1:colcon.colcon_core.package_identification:_identify(.) by extension 'colcon_pkg'
[0.212s] Level 1:colcon.colcon_core.package_identification:_identify(.) by extensions ['colcon_meta']
[0.212s] Level 1:colcon.colcon_core.package_identification:_identify(.) by extension 'colcon_meta'
[0.212s] Level 1:colcon.colcon_core.package_identification:_identify(.) by extensions ['ros']
[0.212s] Level 1:colcon.colcon_core.package_identification:_identify(.) by extension 'ros'
[0.243s] Level 1:colcon.colcon_core.package_identification:_identify(.) by extensions ['cmake', 'python']
[0.243s] Level 1:colcon.colcon_core.package_identification:_identify(.) by extension 'cmake'
[0.243s] Level 1:colcon.colcon_core.package_identification:_identify(.) by extension 'python'
[0.243s] Level 1:colcon.colcon_core.package_identification:_identify(.) by extensions ['python_setup_py']
[0.243s] Level 1:colcon.colcon_core.package_identification:_identify(.) by extension 'python_setup_py'
[0.243s] Level 1:colcon.colcon_core.package_identification:_identify(build) by extensions ['ignore', 'ignore_ament_install']
[0.243s] Level 1:colcon.colcon_core.package_identification:_identify(build) by extension 'ignore'
[0.244s] Level 1:colcon.colcon_core.package_identification:_identify(build) ignored
[0.244s] Level 1:colcon.colcon_core.package_identification:_identify(config) by extensions ['ignore', 'ignore_ament_install']
[0.244s] Level 1:colcon.colcon_core.package_identification:_identify(config) by extension 'ignore'
[0.244s] Level 1:colcon.colcon_core.package_identification:_identify(config) by extension 'ignore_ament_install'
[0.244s] Level 1:colcon.colcon_core.package_identification:_identify(config) by extensions ['colcon_pkg']
[0.244s] Level 1:colcon.colcon_core.package_identification:_identify(config) by extension 'colcon_pkg'
[0.244s] Level 1:colcon.colcon_core.package_identification:_identify(config) by extensions ['colcon_meta']
[0.244s] Level 1:colcon.colcon_core.package_identification:_identify(config) by extension 'colcon_meta'
[0.244s] Level 1:colcon.colcon_core.package_identification:_identify(config) by extensions ['ros']
[0.244s] Level 1:colcon.colcon_core.package_identification:_identify(config) by extension 'ros'
[0.244s] Level 1:colcon.colcon_core.package_identification:_identify(config) by extensions ['cmake', 'python']
[0.244s] Level 1:colcon.colcon_core.package_identification:_identify(config) by extension 'cmake'
[0.244s] Level 1:colcon.colcon_core.package_identification:_identify(config) by extension 'python'
[0.244s] Level 1:colcon.colcon_core.package_identification:_identify(config) by extensions ['python_setup_py']
[0.244s] Level 1:colcon.colcon_core.package_identification:_identify(config) by extension 'python_setup_py'
[0.244s] Level 1:colcon.colcon_core.package_identification:_identify(install) by extensions ['ignore', 'ignore_ament_install']
[0.244s] Level 1:colcon.colcon_core.package_identification:_identify(install) by extension 'ignore'
[0.245s] Level 1:colcon.colcon_core.package_identification:_identify(install) ignored
[0.245s] Level 1:colcon.colcon_core.package_identification:_identify(launch) by extensions ['ignore', 'ignore_ament_install']
[0.245s] Level 1:colcon.colcon_core.package_identification:_identify(launch) by extension 'ignore'
[0.245s] Level 1:colcon.colcon_core.package_identification:_identify(launch) by extension 'ignore_ament_install'
[0.245s] Level 1:colcon.colcon_core.package_identification:_identify(launch) by extensions ['colcon_pkg']
[0.245s] Level 1:colcon.colcon_core.package_identification:_identify(launch) by extension 'colcon_pkg'
[0.245s] Level 1:colcon.colcon_core.package_identification:_identify(launch) by extensions ['colcon_meta']
[0.245s] Level 1:colcon.colcon_core.package_identification:_identify(launch) by extension 'colcon_meta'
[0.245s] Level 1:colcon.colcon_core.package_identification:_identify(launch) by extensions ['ros']
[0.245s] Level 1:colcon.colcon_core.package_identification:_identify(launch) by extension 'ros'
[0.245s] Level 1:colcon.colcon_core.package_identification:_identify(launch) by extensions ['cmake', 'python']
[0.245s] Level 1:colcon.colcon_core.package_identification:_identify(launch) by extension 'cmake'
[0.245s] Level 1:colcon.colcon_core.package_identification:_identify(launch) by extension 'python'
[0.245s] Level 1:colcon.colcon_core.package_identification:_identify(launch) by extensions ['python_setup_py']
[0.245s] Level 1:colcon.colcon_core.package_identification:_identify(launch) by extension 'python_setup_py'
[0.245s] Level 1:colcon.colcon_core.package_identification:_identify(log) by extensions ['ignore', 'ignore_ament_install']
[0.245s] Level 1:colcon.colcon_core.package_identification:_identify(log) by extension 'ignore'
[0.245s] Level 1:colcon.colcon_core.package_identification:_identify(log) ignored
[0.246s] Level 1:colcon.colcon_core.package_identification:_identify(src) by extensions ['ignore', 'ignore_ament_install']
[0.246s] Level 1:colcon.colcon_core.package_identification:_identify(src) by extension 'ignore'
[0.246s] Level 1:colcon.colcon_core.package_identification:_identify(src) by extension 'ignore_ament_install'
[0.246s] Level 1:colcon.colcon_core.package_identification:_identify(src) by extensions ['colcon_pkg']
[0.246s] Level 1:colcon.colcon_core.package_identification:_identify(src) by extension 'colcon_pkg'
[0.246s] Level 1:colcon.colcon_core.package_identification:_identify(src) by extensions ['colcon_meta']
[0.246s] Level 1:colcon.colcon_core.package_identification:_identify(src) by extension 'colcon_meta'
[0.246s] Level 1:colcon.colcon_core.package_identification:_identify(src) by extensions ['ros']
[0.246s] Level 1:colcon.colcon_core.package_identification:_identify(src) by extension 'ros'
[0.246s] Level 1:colcon.colcon_core.package_identification:_identify(src) by extensions ['cmake', 'python']
[0.246s] Level 1:colcon.colcon_core.package_identification:_identify(src) by extension 'cmake'
[0.246s] Level 1:colcon.colcon_core.package_identification:_identify(src) by extension 'python'
[0.246s] Level 1:colcon.colcon_core.package_identification:_identify(src) by extensions ['python_setup_py']
[0.246s] Level 1:colcon.colcon_core.package_identification:_identify(src) by extension 'python_setup_py'
[0.246s] Level 1:colcon.colcon_core.package_identification:_identify(src/rslidar_msg) by extensions ['ignore', 'ignore_ament_install']
[0.246s] Level 1:colcon.colcon_core.package_identification:_identify(src/rslidar_msg) by extension 'ignore'
[0.246s] Level 1:colcon.colcon_core.package_identification:_identify(src/rslidar_msg) by extension 'ignore_ament_install'
[0.246s] Level 1:colcon.colcon_core.package_identification:_identify(src/rslidar_msg) by extensions ['colcon_pkg']
[0.246s] Level 1:colcon.colcon_core.package_identification:_identify(src/rslidar_msg) by extension 'colcon_pkg'
[0.246s] Level 1:colcon.colcon_core.package_identification:_identify(src/rslidar_msg) by extensions ['colcon_meta']
[0.246s] Level 1:colcon.colcon_core.package_identification:_identify(src/rslidar_msg) by extension 'colcon_meta'
[0.246s] Level 1:colcon.colcon_core.package_identification:_identify(src/rslidar_msg) by extensions ['ros']
[0.247s] Level 1:colcon.colcon_core.package_identification:_identify(src/rslidar_msg) by extension 'ros'
[0.249s] DEBUG:colcon.colcon_core.package_identification:Package 'src/rslidar_msg' with type 'ros.ament_cmake' and name 'rslidar_msg'
[0.249s] Level 1:colcon.colcon_core.package_identification:_identify(src/rslidar_sdk) by extensions ['ignore', 'ignore_ament_install']
[0.249s] Level 1:colcon.colcon_core.package_identification:_identify(src/rslidar_sdk) by extension 'ignore'
[0.249s] Level 1:colcon.colcon_core.package_identification:_identify(src/rslidar_sdk) by extension 'ignore_ament_install'
[0.249s] Level 1:colcon.colcon_core.package_identification:_identify(src/rslidar_sdk) by extensions ['colcon_pkg']
[0.249s] Level 1:colcon.colcon_core.package_identification:_identify(src/rslidar_sdk) by extension 'colcon_pkg'
[0.249s] Level 1:colcon.colcon_core.package_identification:_identify(src/rslidar_sdk) by extensions ['colcon_meta']
[0.250s] Level 1:colcon.colcon_core.package_identification:_identify(src/rslidar_sdk) by extension 'colcon_meta'
[0.250s] Level 1:colcon.colcon_core.package_identification:_identify(src/rslidar_sdk) by extensions ['ros']
[0.250s] Level 1:colcon.colcon_core.package_identification:_identify(src/rslidar_sdk) by extension 'ros'
[0.258s] DEBUG:colcon.colcon_core.package_identification:Package 'src/rslidar_sdk' with type 'ros.ament_cmake' and name 'rslidar_sdk'
[0.258s] Level 1:colcon.colcon_core.package_identification:_identify(src/rslidar_tf_broadcaster) by extensions ['ignore', 'ignore_ament_install']
[0.258s] Level 1:colcon.colcon_core.package_identification:_identify(src/rslidar_tf_broadcaster) by extension 'ignore'
[0.258s] Level 1:colcon.colcon_core.package_identification:_identify(src/rslidar_tf_broadcaster) by extension 'ignore_ament_install'
[0.258s] Level 1:colcon.colcon_core.package_identification:_identify(src/rslidar_tf_broadcaster) by extensions ['colcon_pkg']
[0.258s] Level 1:colcon.colcon_core.package_identification:_identify(src/rslidar_tf_broadcaster) by extension 'colcon_pkg'
[0.258s] Level 1:colcon.colcon_core.package_identification:_identify(src/rslidar_tf_broadcaster) by extensions ['colcon_meta']
[0.258s] Level 1:colcon.colcon_core.package_identification:_identify(src/rslidar_tf_broadcaster) by extension 'colcon_meta'
[0.258s] Level 1:colcon.colcon_core.package_identification:_identify(src/rslidar_tf_broadcaster) by extensions ['ros']
[0.258s] Level 1:colcon.colcon_core.package_identification:_identify(src/rslidar_tf_broadcaster) by extension 'ros'
[0.258s] Level 1:colcon.colcon_core.package_identification:_identify(src/rslidar_tf_broadcaster) by extensions ['cmake', 'python']
[0.258s] Level 1:colcon.colcon_core.package_identification:_identify(src/rslidar_tf_broadcaster) by extension 'cmake'
[0.258s] Level 1:colcon.colcon_core.package_identification:_identify(src/rslidar_tf_broadcaster) by extension 'python'
[0.258s] Level 1:colcon.colcon_core.package_identification:_identify(src/rslidar_tf_broadcaster) by extensions ['python_setup_py']
[0.258s] Level 1:colcon.colcon_core.package_identification:_identify(src/rslidar_tf_broadcaster) by extension 'python_setup_py'
[0.259s] Level 1:colcon.colcon_core.package_identification:_identify(src/rslidar_tf_broadcaster/launch) by extensions ['ignore', 'ignore_ament_install']
[0.259s] Level 1:colcon.colcon_core.package_identification:_identify(src/rslidar_tf_broadcaster/launch) by extension 'ignore'
[0.259s] Level 1:colcon.colcon_core.package_identification:_identify(src/rslidar_tf_broadcaster/launch) by extension 'ignore_ament_install'
[0.259s] Level 1:colcon.colcon_core.package_identification:_identify(src/rslidar_tf_broadcaster/launch) by extensions ['colcon_pkg']
[0.259s] Level 1:colcon.colcon_core.package_identification:_identify(src/rslidar_tf_broadcaster/launch) by extension 'colcon_pkg'
[0.259s] Level 1:colcon.colcon_core.package_identification:_identify(src/rslidar_tf_broadcaster/launch) by extensions ['colcon_meta']
[0.259s] Level 1:colcon.colcon_core.package_identification:_identify(src/rslidar_tf_broadcaster/launch) by extension 'colcon_meta'
[0.259s] Level 1:colcon.colcon_core.package_identification:_identify(src/rslidar_tf_broadcaster/launch) by extensions ['ros']
[0.259s] Level 1:colcon.colcon_core.package_identification:_identify(src/rslidar_tf_broadcaster/launch) by extension 'ros'
[0.259s] Level 1:colcon.colcon_core.package_identification:_identify(src/rslidar_tf_broadcaster/launch) by extensions ['cmake', 'python']
[0.259s] Level 1:colcon.colcon_core.package_identification:_identify(src/rslidar_tf_broadcaster/launch) by extension 'cmake'
[0.259s] Level 1:colcon.colcon_core.package_identification:_identify(src/rslidar_tf_broadcaster/launch) by extension 'python'
[0.259s] Level 1:colcon.colcon_core.package_identification:_identify(src/rslidar_tf_broadcaster/launch) by extensions ['python_setup_py']
[0.259s] Level 1:colcon.colcon_core.package_identification:_identify(src/rslidar_tf_broadcaster/launch) by extension 'python_setup_py'
[0.259s] Level 1:colcon.colcon_core.package_identification:_identify(src/rslidar_tf_broadcaster/src) by extensions ['ignore', 'ignore_ament_install']
[0.259s] Level 1:colcon.colcon_core.package_identification:_identify(src/rslidar_tf_broadcaster/src) by extension 'ignore'
[0.259s] Level 1:colcon.colcon_core.package_identification:_identify(src/rslidar_tf_broadcaster/src) by extension 'ignore_ament_install'
[0.259s] Level 1:colcon.colcon_core.package_identification:_identify(src/rslidar_tf_broadcaster/src) by extensions ['colcon_pkg']
[0.259s] Level 1:colcon.colcon_core.package_identification:_identify(src/rslidar_tf_broadcaster/src) by extension 'colcon_pkg'
[0.259s] Level 1:colcon.colcon_core.package_identification:_identify(src/rslidar_tf_broadcaster/src) by extensions ['colcon_meta']
[0.260s] Level 1:colcon.colcon_core.package_identification:_identify(src/rslidar_tf_broadcaster/src) by extension 'colcon_meta'
[0.260s] Level 1:colcon.colcon_core.package_identification:_identify(src/rslidar_tf_broadcaster/src) by extensions ['ros']
[0.260s] Level 1:colcon.colcon_core.package_identification:_identify(src/rslidar_tf_broadcaster/src) by extension 'ros'
[0.260s] Level 1:colcon.colcon_core.package_identification:_identify(src/rslidar_tf_broadcaster/src) by extensions ['cmake', 'python']
[0.260s] Level 1:colcon.colcon_core.package_identification:_identify(src/rslidar_tf_broadcaster/src) by extension 'cmake'
[0.260s] Level 1:colcon.colcon_core.package_identification:_identify(src/rslidar_tf_broadcaster/src) by extension 'python'
[0.260s] Level 1:colcon.colcon_core.package_identification:_identify(src/rslidar_tf_broadcaster/src) by extensions ['python_setup_py']
[0.260s] Level 1:colcon.colcon_core.package_identification:_identify(src/rslidar_tf_broadcaster/src) by extension 'python_setup_py'
[0.260s] Level 1:colcon.colcon_core.package_identification:_identify(src/vimbax_camera_color_correction) by extensions ['ignore', 'ignore_ament_install']
[0.260s] Level 1:colcon.colcon_core.package_identification:_identify(src/vimbax_camera_color_correction) by extension 'ignore'
[0.260s] Level 1:colcon.colcon_core.package_identification:_identify(src/vimbax_camera_color_correction) by extension 'ignore_ament_install'
[0.260s] Level 1:colcon.colcon_core.package_identification:_identify(src/vimbax_camera_color_correction) by extensions ['colcon_pkg']
[0.260s] Level 1:colcon.colcon_core.package_identification:_identify(src/vimbax_camera_color_correction) by extension 'colcon_pkg'
[0.260s] Level 1:colcon.colcon_core.package_identification:_identify(src/vimbax_camera_color_correction) by extensions ['colcon_meta']
[0.260s] Level 1:colcon.colcon_core.package_identification:_identify(src/vimbax_camera_color_correction) by extension 'colcon_meta'
[0.260s] Level 1:colcon.colcon_core.package_identification:_identify(src/vimbax_camera_color_correction) by extensions ['ros']
[0.260s] Level 1:colcon.colcon_core.package_identification:_identify(src/vimbax_camera_color_correction) by extension 'ros'
[0.261s] DEBUG:colcon.colcon_core.package_identification:Package 'src/vimbax_camera_color_correction' with type 'ros.ament_python' and name 'vimbax_camera_color_correction'
[0.261s] Level 1:colcon.colcon_core.package_identification:_identify(src/vimbax_camera_color_correction_cpp) by extensions ['ignore', 'ignore_ament_install']
[0.261s] Level 1:colcon.colcon_core.package_identification:_identify(src/vimbax_camera_color_correction_cpp) by extension 'ignore'
[0.261s] Level 1:colcon.colcon_core.package_identification:_identify(src/vimbax_camera_color_correction_cpp) by extension 'ignore_ament_install'
[0.261s] Level 1:colcon.colcon_core.package_identification:_identify(src/vimbax_camera_color_correction_cpp) by extensions ['colcon_pkg']
[0.261s] Level 1:colcon.colcon_core.package_identification:_identify(src/vimbax_camera_color_correction_cpp) by extension 'colcon_pkg'
[0.261s] Level 1:colcon.colcon_core.package_identification:_identify(src/vimbax_camera_color_correction_cpp) by extensions ['colcon_meta']
[0.261s] Level 1:colcon.colcon_core.package_identification:_identify(src/vimbax_camera_color_correction_cpp) by extension 'colcon_meta'
[0.262s] Level 1:colcon.colcon_core.package_identification:_identify(src/vimbax_camera_color_correction_cpp) by extensions ['ros']
[0.262s] Level 1:colcon.colcon_core.package_identification:_identify(src/vimbax_camera_color_correction_cpp) by extension 'ros'
[0.262s] DEBUG:colcon.colcon_core.package_identification:Package 'src/vimbax_camera_color_correction_cpp' with type 'ros.ament_cmake' and name 'vimbax_camera_color_correction_cpp'
[0.263s] Level 1:colcon.colcon_core.package_identification:_identify(src/vimbax_ros2_driver) by extensions ['ignore', 'ignore_ament_install']
[0.263s] Level 1:colcon.colcon_core.package_identification:_identify(src/vimbax_ros2_driver) by extension 'ignore'
[0.263s] Level 1:colcon.colcon_core.package_identification:_identify(src/vimbax_ros2_driver) by extension 'ignore_ament_install'
[0.263s] Level 1:colcon.colcon_core.package_identification:_identify(src/vimbax_ros2_driver) by extensions ['colcon_pkg']
[0.263s] Level 1:colcon.colcon_core.package_identification:_identify(src/vimbax_ros2_driver) by extension 'colcon_pkg'
[0.263s] Level 1:colcon.colcon_core.package_identification:_identify(src/vimbax_ros2_driver) by extensions ['colcon_meta']
[0.263s] Level 1:colcon.colcon_core.package_identification:_identify(src/vimbax_ros2_driver) by extension 'colcon_meta'
[0.263s] Level 1:colcon.colcon_core.package_identification:_identify(src/vimbax_ros2_driver) by extensions ['ros']
[0.263s] Level 1:colcon.colcon_core.package_identification:_identify(src/vimbax_ros2_driver) by extension 'ros'
[0.263s] Level 1:colcon.colcon_core.package_identification:_identify(src/vimbax_ros2_driver) by extensions ['cmake', 'python']
[0.263s] Level 1:colcon.colcon_core.package_identification:_identify(src/vimbax_ros2_driver) by extension 'cmake'
[0.263s] Level 1:colcon.colcon_core.package_identification:_identify(src/vimbax_ros2_driver) by extension 'python'
[0.263s] Level 1:colcon.colcon_core.package_identification:_identify(src/vimbax_ros2_driver) by extensions ['python_setup_py']
[0.263s] Level 1:colcon.colcon_core.package_identification:_identify(src/vimbax_ros2_driver) by extension 'python_setup_py'
[0.263s] Level 1:colcon.colcon_core.package_identification:_identify(src/vimbax_ros2_driver/vimbax_camera) by extensions ['ignore', 'ignore_ament_install']
[0.263s] Level 1:colcon.colcon_core.package_identification:_identify(src/vimbax_ros2_driver/vimbax_camera) by extension 'ignore'
[0.263s] Level 1:colcon.colcon_core.package_identification:_identify(src/vimbax_ros2_driver/vimbax_camera) by extension 'ignore_ament_install'
[0.263s] Level 1:colcon.colcon_core.package_identification:_identify(src/vimbax_ros2_driver/vimbax_camera) by extensions ['colcon_pkg']
[0.263s] Level 1:colcon.colcon_core.package_identification:_identify(src/vimbax_ros2_driver/vimbax_camera) by extension 'colcon_pkg'
[0.263s] Level 1:colcon.colcon_core.package_identification:_identify(src/vimbax_ros2_driver/vimbax_camera) by extensions ['colcon_meta']
[0.263s] Level 1:colcon.colcon_core.package_identification:_identify(src/vimbax_ros2_driver/vimbax_camera) by extension 'colcon_meta'
[0.264s] Level 1:colcon.colcon_core.package_identification:_identify(src/vimbax_ros2_driver/vimbax_camera) by extensions ['ros']
[0.264s] Level 1:colcon.colcon_core.package_identification:_identify(src/vimbax_ros2_driver/vimbax_camera) by extension 'ros'
[0.265s] DEBUG:colcon.colcon_core.package_identification:Package 'src/vimbax_ros2_driver/vimbax_camera' with type 'ros.ament_cmake' and name 'vimbax_camera'
[0.265s] Level 1:colcon.colcon_core.package_identification:_identify(src/vimbax_ros2_driver/vimbax_camera_events) by extensions ['ignore', 'ignore_ament_install']
[0.265s] Level 1:colcon.colcon_core.package_identification:_identify(src/vimbax_ros2_driver/vimbax_camera_events) by extension 'ignore'
[0.265s] Level 1:colcon.colcon_core.package_identification:_identify(src/vimbax_ros2_driver/vimbax_camera_events) by extension 'ignore_ament_install'
[0.265s] Level 1:colcon.colcon_core.package_identification:_identify(src/vimbax_ros2_driver/vimbax_camera_events) by extensions ['colcon_pkg']
[0.265s] Level 1:colcon.colcon_core.package_identification:_identify(src/vimbax_ros2_driver/vimbax_camera_events) by extension 'colcon_pkg'
[0.266s] Level 1:colcon.colcon_core.package_identification:_identify(src/vimbax_ros2_driver/vimbax_camera_events) by extensions ['colcon_meta']
[0.266s] Level 1:colcon.colcon_core.package_identification:_identify(src/vimbax_ros2_driver/vimbax_camera_events) by extension 'colcon_meta'
[0.266s] Level 1:colcon.colcon_core.package_identification:_identify(src/vimbax_ros2_driver/vimbax_camera_events) by extensions ['ros']
[0.266s] Level 1:colcon.colcon_core.package_identification:_identify(src/vimbax_ros2_driver/vimbax_camera_events) by extension 'ros'
[0.266s] DEBUG:colcon.colcon_core.package_identification:Package 'src/vimbax_ros2_driver/vimbax_camera_events' with type 'ros.ament_cmake' and name 'vimbax_camera_events'
[0.266s] Level 1:colcon.colcon_core.package_identification:_identify(src/vimbax_ros2_driver/vimbax_camera_examples) by extensions ['ignore', 'ignore_ament_install']
[0.266s] Level 1:colcon.colcon_core.package_identification:_identify(src/vimbax_ros2_driver/vimbax_camera_examples) by extension 'ignore'
[0.266s] Level 1:colcon.colcon_core.package_identification:_identify(src/vimbax_ros2_driver/vimbax_camera_examples) by extension 'ignore_ament_install'
[0.266s] Level 1:colcon.colcon_core.package_identification:_identify(src/vimbax_ros2_driver/vimbax_camera_examples) by extensions ['colcon_pkg']
[0.266s] Level 1:colcon.colcon_core.package_identification:_identify(src/vimbax_ros2_driver/vimbax_camera_examples) by extension 'colcon_pkg'
[0.267s] Level 1:colcon.colcon_core.package_identification:_identify(src/vimbax_ros2_driver/vimbax_camera_examples) by extensions ['colcon_meta']
[0.267s] Level 1:colcon.colcon_core.package_identification:_identify(src/vimbax_ros2_driver/vimbax_camera_examples) by extension 'colcon_meta'
[0.267s] Level 1:colcon.colcon_core.package_identification:_identify(src/vimbax_ros2_driver/vimbax_camera_examples) by extensions ['ros']
[0.267s] Level 1:colcon.colcon_core.package_identification:_identify(src/vimbax_ros2_driver/vimbax_camera_examples) by extension 'ros'
[0.267s] DEBUG:colcon.colcon_core.package_identification:Package 'src/vimbax_ros2_driver/vimbax_camera_examples' with type 'ros.ament_cmake' and name 'vimbax_camera_examples'
[0.268s] Level 1:colcon.colcon_core.package_identification:_identify(src/vimbax_ros2_driver/vimbax_camera_msgs) by extensions ['ignore', 'ignore_ament_install']
[0.268s] Level 1:colcon.colcon_core.package_identification:_identify(src/vimbax_ros2_driver/vimbax_camera_msgs) by extension 'ignore'
[0.268s] Level 1:colcon.colcon_core.package_identification:_identify(src/vimbax_ros2_driver/vimbax_camera_msgs) by extension 'ignore_ament_install'
[0.268s] Level 1:colcon.colcon_core.package_identification:_identify(src/vimbax_ros2_driver/vimbax_camera_msgs) by extensions ['colcon_pkg']
[0.268s] Level 1:colcon.colcon_core.package_identification:_identify(src/vimbax_ros2_driver/vimbax_camera_msgs) by extension 'colcon_pkg'
[0.268s] Level 1:colcon.colcon_core.package_identification:_identify(src/vimbax_ros2_driver/vimbax_camera_msgs) by extensions ['colcon_meta']
[0.268s] Level 1:colcon.colcon_core.package_identification:_identify(src/vimbax_ros2_driver/vimbax_camera_msgs) by extension 'colcon_meta'
[0.268s] Level 1:colcon.colcon_core.package_identification:_identify(src/vimbax_ros2_driver/vimbax_camera_msgs) by extensions ['ros']
[0.268s] Level 1:colcon.colcon_core.package_identification:_identify(src/vimbax_ros2_driver/vimbax_camera_msgs) by extension 'ros'
[0.268s] DEBUG:colcon.colcon_core.package_identification:Package 'src/vimbax_ros2_driver/vimbax_camera_msgs' with type 'ros.ament_cmake' and name 'vimbax_camera_msgs'
[0.268s] Level 1:colcon.colcon_core.package_identification:_identify(src/vimbax_ros2_driver/vmbc_interface) by extensions ['ignore', 'ignore_ament_install']
[0.269s] Level 1:colcon.colcon_core.package_identification:_identify(src/vimbax_ros2_driver/vmbc_interface) by extension 'ignore'
[0.269s] Level 1:colcon.colcon_core.package_identification:_identify(src/vimbax_ros2_driver/vmbc_interface) by extension 'ignore_ament_install'
[0.269s] Level 1:colcon.colcon_core.package_identification:_identify(src/vimbax_ros2_driver/vmbc_interface) by extensions ['colcon_pkg']
[0.269s] Level 1:colcon.colcon_core.package_identification:_identify(src/vimbax_ros2_driver/vmbc_interface) by extension 'colcon_pkg'
[0.269s] Level 1:colcon.colcon_core.package_identification:_identify(src/vimbax_ros2_driver/vmbc_interface) by extensions ['colcon_meta']
[0.269s] Level 1:colcon.colcon_core.package_identification:_identify(src/vimbax_ros2_driver/vmbc_interface) by extension 'colcon_meta'
[0.269s] Level 1:colcon.colcon_core.package_identification:_identify(src/vimbax_ros2_driver/vmbc_interface) by extensions ['ros']
[0.269s] Level 1:colcon.colcon_core.package_identification:_identify(src/vimbax_ros2_driver/vmbc_interface) by extension 'ros'
[0.269s] DEBUG:colcon.colcon_core.package_identification:Package 'src/vimbax_ros2_driver/vmbc_interface' with type 'ros.ament_cmake' and name 'vmbc_interface'
[0.269s] Level 1:colcon.colcon_core.package_discovery:discover_packages(recursive) using defaults
[0.269s] Level 1:colcon.colcon_core.package_discovery:discover_packages(ignore) discover
[0.269s] Level 1:colcon.colcon_core.package_discovery:discover_packages(ignore) using defaults
[0.269s] Level 1:colcon.colcon_core.package_discovery:discover_packages(path) discover
[0.269s] Level 1:colcon.colcon_core.package_discovery:discover_packages(path) using defaults
[0.289s] Level 1:colcon.colcon_core.package_discovery:discover_packages(prefix_path) check parameters
[0.289s] Level 1:colcon.colcon_core.package_discovery:discover_packages(prefix_path) discover
[0.290s] WARNING:colcon.colcon_ros.prefix_path.ament:The path '/home/root1/lzx_ws/project/lidar_camera_ros_ws/install/vimbax_camera' in the environment variable AMENT_PREFIX_PATH doesn't exist
[0.290s] WARNING:colcon.colcon_ros.prefix_path.ament:The path '/home/root1/lzx_ws/project/lidar_camera_ros_ws/install/vmbc_interface' in the environment variable AMENT_PREFIX_PATH doesn't exist
[0.290s] WARNING:colcon.colcon_ros.prefix_path.ament:The path '/home/root1/lzx_ws/project/lidar_camera_ros_ws/install/vimbax_camera_examples' in the environment variable AMENT_PREFIX_PATH doesn't exist
[0.290s] WARNING:colcon.colcon_ros.prefix_path.ament:The path '/home/root1/lzx_ws/project/lidar_camera_ros_ws/install/vimbax_camera_color_correction' in the environment variable AMENT_PREFIX_PATH doesn't exist
[0.290s] WARNING:colcon.colcon_ros.prefix_path.ament:The path '/home/root1/lzx_ws/project/lidar_camera_ros_ws/install/vimbax_camera_msgs' in the environment variable AMENT_PREFIX_PATH doesn't exist
[0.290s] WARNING:colcon.colcon_ros.prefix_path.ament:The path '/home/root1/lzx_ws/project/lidar_camera_ros_ws/install/vimbax_camera_events' in the environment variable AMENT_PREFIX_PATH doesn't exist
[0.290s] WARNING:colcon.colcon_ros.prefix_path.ament:The path '/home/root1/lzx_ws/project/lidar_camera_ros_ws/install/vimbax_camera_color_correction_cpp' in the environment variable AMENT_PREFIX_PATH doesn't exist
[0.290s] WARNING:colcon.colcon_ros.prefix_path.ament:The path '/home/root1/lzx_ws/project/lidar_camera_ros_ws/install/rslidar_sdk' in the environment variable AMENT_PREFIX_PATH doesn't exist
[0.290s] WARNING:colcon.colcon_ros.prefix_path.ament:The path '/home/root1/lzx_ws/project/lidar_camera_ros_ws/install/rslidar_msg' in the environment variable AMENT_PREFIX_PATH doesn't exist
[0.290s] WARNING:colcon.colcon_ros.prefix_path.catkin:The path '/home/root1/lzx_ws/project/lidar_camera_ros_ws/install/vimbax_camera' in the environment variable CMAKE_PREFIX_PATH doesn't exist
[0.290s] WARNING:colcon.colcon_ros.prefix_path.catkin:The path '/home/root1/lzx_ws/project/lidar_camera_ros_ws/install/vmbc_interface' in the environment variable CMAKE_PREFIX_PATH doesn't exist
[0.290s] WARNING:colcon.colcon_ros.prefix_path.catkin:The path '/home/root1/lzx_ws/project/lidar_camera_ros_ws/install/vimbax_camera_examples' in the environment variable CMAKE_PREFIX_PATH doesn't exist
[0.290s] WARNING:colcon.colcon_ros.prefix_path.catkin:The path '/home/root1/lzx_ws/project/lidar_camera_ros_ws/install/vimbax_camera_msgs' in the environment variable CMAKE_PREFIX_PATH doesn't exist
[0.291s] WARNING:colcon.colcon_ros.prefix_path.catkin:The path '/home/root1/lzx_ws/project/lidar_camera_ros_ws/install/vimbax_camera_events' in the environment variable CMAKE_PREFIX_PATH doesn't exist
[0.291s] WARNING:colcon.colcon_ros.prefix_path.catkin:The path '/home/root1/lzx_ws/project/lidar_camera_ros_ws/install/vimbax_camera_color_correction_cpp' in the environment variable CMAKE_PREFIX_PATH doesn't exist
[0.291s] WARNING:colcon.colcon_ros.prefix_path.catkin:The path '/home/root1/lzx_ws/project/lidar_camera_ros_ws/install/rslidar_sdk' in the environment variable CMAKE_PREFIX_PATH doesn't exist
[0.291s] WARNING:colcon.colcon_ros.prefix_path.catkin:The path '/home/root1/lzx_ws/project/lidar_camera_ros_ws/install/rslidar_msg' in the environment variable CMAKE_PREFIX_PATH doesn't exist
[0.291s] DEBUG:colcon.colcon_installed_package_information.package_discovery:Found 0 installed packages in /home/root1/lzx_ws/project/lidar_camera_ros_ws/install
[0.292s] DEBUG:colcon.colcon_installed_package_information.package_discovery:Found 1 installed packages in /home/root1/ros2_ws/install
[0.293s] DEBUG:colcon.colcon_installed_package_information.package_discovery:Found 284 installed packages in /opt/ros/humble
[0.294s] Level 1:colcon.colcon_core.package_discovery:discover_packages(prefix_path) using defaults
[0.339s] Level 5:colcon.colcon_core.verb:set package 'rslidar_msg' build argument 'cmake_args' from command line to 'None'
[0.339s] Level 5:colcon.colcon_core.verb:set package 'rslidar_msg' build argument 'cmake_target' from command line to 'None'
[0.339s] Level 5:colcon.colcon_core.verb:set package 'rslidar_msg' build argument 'cmake_target_skip_unavailable' from command line to 'False'
[0.339s] Level 5:colcon.colcon_core.verb:set package 'rslidar_msg' build argument 'cmake_clean_cache' from command line to 'False'
[0.339s] Level 5:colcon.colcon_core.verb:set package 'rslidar_msg' build argument 'cmake_clean_first' from command line to 'False'
[0.339s] Level 5:colcon.colcon_core.verb:set package 'rslidar_msg' build argument 'cmake_force_configure' from command line to 'False'
[0.339s] Level 5:colcon.colcon_core.verb:set package 'rslidar_msg' build argument 'ament_cmake_args' from command line to 'None'
[0.339s] Level 5:colcon.colcon_core.verb:set package 'rslidar_msg' build argument 'catkin_cmake_args' from command line to 'None'
[0.339s] Level 5:colcon.colcon_core.verb:set package 'rslidar_msg' build argument 'catkin_skip_building_tests' from command line to 'False'
[0.339s] DEBUG:colcon.colcon_core.verb:Building package 'rslidar_msg' with the following arguments: {'ament_cmake_args': None, 'build_base': '/home/root1/lzx_ws/project/lidar_camera_ros_ws/build/rslidar_msg', 'catkin_cmake_args': None, 'catkin_skip_building_tests': False, 'cmake_args': None, 'cmake_clean_cache': False, 'cmake_clean_first': False, 'cmake_force_configure': False, 'cmake_target': None, 'cmake_target_skip_unavailable': False, 'install_base': '/home/root1/lzx_ws/project/lidar_camera_ros_ws/install/rslidar_msg', 'merge_install': False, 'path': '/home/root1/lzx_ws/project/lidar_camera_ros_ws/src/rslidar_msg', 'symlink_install': False, 'test_result_base': None}
[0.340s] Level 5:colcon.colcon_core.verb:set package 'vimbax_camera_color_correction_cpp' build argument 'cmake_args' from command line to 'None'
[0.340s] Level 5:colcon.colcon_core.verb:set package 'vimbax_camera_color_correction_cpp' build argument 'cmake_target' from command line to 'None'
[0.340s] Level 5:colcon.colcon_core.verb:set package 'vimbax_camera_color_correction_cpp' build argument 'cmake_target_skip_unavailable' from command line to 'False'
[0.340s] Level 5:colcon.colcon_core.verb:set package 'vimbax_camera_color_correction_cpp' build argument 'cmake_clean_cache' from command line to 'False'
[0.340s] Level 5:colcon.colcon_core.verb:set package 'vimbax_camera_color_correction_cpp' build argument 'cmake_clean_first' from command line to 'False'
[0.340s] Level 5:colcon.colcon_core.verb:set package 'vimbax_camera_color_correction_cpp' build argument 'cmake_force_configure' from command line to 'False'
[0.340s] Level 5:colcon.colcon_core.verb:set package 'vimbax_camera_color_correction_cpp' build argument 'ament_cmake_args' from command line to 'None'
[0.340s] Level 5:colcon.colcon_core.verb:set package 'vimbax_camera_color_correction_cpp' build argument 'catkin_cmake_args' from command line to 'None'
[0.340s] Level 5:colcon.colcon_core.verb:set package 'vimbax_camera_color_correction_cpp' build argument 'catkin_skip_building_tests' from command line to 'False'
[0.340s] DEBUG:colcon.colcon_core.verb:Building package 'vimbax_camera_color_correction_cpp' with the following arguments: {'ament_cmake_args': None, 'build_base': '/home/root1/lzx_ws/project/lidar_camera_ros_ws/build/vimbax_camera_color_correction_cpp', 'catkin_cmake_args': None, 'catkin_skip_building_tests': False, 'cmake_args': None, 'cmake_clean_cache': False, 'cmake_clean_first': False, 'cmake_force_configure': False, 'cmake_target': None, 'cmake_target_skip_unavailable': False, 'install_base': '/home/root1/lzx_ws/project/lidar_camera_ros_ws/install/vimbax_camera_color_correction_cpp', 'merge_install': False, 'path': '/home/root1/lzx_ws/project/lidar_camera_ros_ws/src/vimbax_camera_color_correction_cpp', 'symlink_install': False, 'test_result_base': None}
[0.340s] Level 5:colcon.colcon_core.verb:set package 'vimbax_camera_msgs' build argument 'cmake_args' from command line to 'None'
[0.340s] Level 5:colcon.colcon_core.verb:set package 'vimbax_camera_msgs' build argument 'cmake_target' from command line to 'None'
[0.340s] Level 5:colcon.colcon_core.verb:set package 'vimbax_camera_msgs' build argument 'cmake_target_skip_unavailable' from command line to 'False'
[0.340s] Level 5:colcon.colcon_core.verb:set package 'vimbax_camera_msgs' build argument 'cmake_clean_cache' from command line to 'False'
[0.340s] Level 5:colcon.colcon_core.verb:set package 'vimbax_camera_msgs' build argument 'cmake_clean_first' from command line to 'False'
[0.340s] Level 5:colcon.colcon_core.verb:set package 'vimbax_camera_msgs' build argument 'cmake_force_configure' from command line to 'False'
[0.340s] Level 5:colcon.colcon_core.verb:set package 'vimbax_camera_msgs' build argument 'ament_cmake_args' from command line to 'None'
[0.340s] Level 5:colcon.colcon_core.verb:set package 'vimbax_camera_msgs' build argument 'catkin_cmake_args' from command line to 'None'
[0.340s] Level 5:colcon.colcon_core.verb:set package 'vimbax_camera_msgs' build argument 'catkin_skip_building_tests' from command line to 'False'
[0.340s] DEBUG:colcon.colcon_core.verb:Building package 'vimbax_camera_msgs' with the following arguments: {'ament_cmake_args': None, 'build_base': '/home/root1/lzx_ws/project/lidar_camera_ros_ws/build/vimbax_camera_msgs', 'catkin_cmake_args': None, 'catkin_skip_building_tests': False, 'cmake_args': None, 'cmake_clean_cache': False, 'cmake_clean_first': False, 'cmake_force_configure': False, 'cmake_target': None, 'cmake_target_skip_unavailable': False, 'install_base': '/home/root1/lzx_ws/project/lidar_camera_ros_ws/install/vimbax_camera_msgs', 'merge_install': False, 'path': '/home/root1/lzx_ws/project/lidar_camera_ros_ws/src/vimbax_ros2_driver/vimbax_camera_msgs', 'symlink_install': False, 'test_result_base': None}
[0.340s] Level 5:colcon.colcon_core.verb:set package 'vmbc_interface' build argument 'cmake_args' from command line to 'None'
[0.340s] Level 5:colcon.colcon_core.verb:set package 'vmbc_interface' build argument 'cmake_target' from command line to 'None'
[0.341s] Level 5:colcon.colcon_core.verb:set package 'vmbc_interface' build argument 'cmake_target_skip_unavailable' from command line to 'False'
[0.341s] Level 5:colcon.colcon_core.verb:set package 'vmbc_interface' build argument 'cmake_clean_cache' from command line to 'False'
[0.341s] Level 5:colcon.colcon_core.verb:set package 'vmbc_interface' build argument 'cmake_clean_first' from command line to 'False'
[0.341s] Level 5:colcon.colcon_core.verb:set package 'vmbc_interface' build argument 'cmake_force_configure' from command line to 'False'
[0.341s] Level 5:colcon.colcon_core.verb:set package 'vmbc_interface' build argument 'ament_cmake_args' from command line to 'None'
[0.341s] Level 5:colcon.colcon_core.verb:set package 'vmbc_interface' build argument 'catkin_cmake_args' from command line to 'None'
[0.341s] Level 5:colcon.colcon_core.verb:set package 'vmbc_interface' build argument 'catkin_skip_building_tests' from command line to 'False'
[0.341s] DEBUG:colcon.colcon_core.verb:Building package 'vmbc_interface' with the following arguments: {'ament_cmake_args': None, 'build_base': '/home/root1/lzx_ws/project/lidar_camera_ros_ws/build/vmbc_interface', 'catkin_cmake_args': None, 'catkin_skip_building_tests': False, 'cmake_args': None, 'cmake_clean_cache': False, 'cmake_clean_first': False, 'cmake_force_configure': False, 'cmake_target': None, 'cmake_target_skip_unavailable': False, 'install_base': '/home/root1/lzx_ws/project/lidar_camera_ros_ws/install/vmbc_interface', 'merge_install': False, 'path': '/home/root1/lzx_ws/project/lidar_camera_ros_ws/src/vimbax_ros2_driver/vmbc_interface', 'symlink_install': False, 'test_result_base': None}
[0.341s] Level 5:colcon.colcon_core.verb:set package 'rslidar_sdk' build argument 'cmake_args' from command line to 'None'
[0.341s] Level 5:colcon.colcon_core.verb:set package 'rslidar_sdk' build argument 'cmake_target' from command line to 'None'
[0.341s] Level 5:colcon.colcon_core.verb:set package 'rslidar_sdk' build argument 'cmake_target_skip_unavailable' from command line to 'False'
[0.341s] Level 5:colcon.colcon_core.verb:set package 'rslidar_sdk' build argument 'cmake_clean_cache' from command line to 'False'
[0.341s] Level 5:colcon.colcon_core.verb:set package 'rslidar_sdk' build argument 'cmake_clean_first' from command line to 'False'
[0.341s] Level 5:colcon.colcon_core.verb:set package 'rslidar_sdk' build argument 'cmake_force_configure' from command line to 'False'
[0.341s] Level 5:colcon.colcon_core.verb:set package 'rslidar_sdk' build argument 'ament_cmake_args' from command line to 'None'
[0.341s] Level 5:colcon.colcon_core.verb:set package 'rslidar_sdk' build argument 'catkin_cmake_args' from command line to 'None'
[0.341s] Level 5:colcon.colcon_core.verb:set package 'rslidar_sdk' build argument 'catkin_skip_building_tests' from command line to 'False'
[0.341s] DEBUG:colcon.colcon_core.verb:Building package 'rslidar_sdk' with the following arguments: {'ament_cmake_args': None, 'build_base': '/home/root1/lzx_ws/project/lidar_camera_ros_ws/build/rslidar_sdk', 'catkin_cmake_args': None, 'catkin_skip_building_tests': False, 'cmake_args': None, 'cmake_clean_cache': False, 'cmake_clean_first': False, 'cmake_force_configure': False, 'cmake_target': None, 'cmake_target_skip_unavailable': False, 'install_base': '/home/root1/lzx_ws/project/lidar_camera_ros_ws/install/rslidar_sdk', 'merge_install': False, 'path': '/home/root1/lzx_ws/project/lidar_camera_ros_ws/src/rslidar_sdk', 'symlink_install': False, 'test_result_base': None}
[0.341s] Level 5:colcon.colcon_core.verb:set package 'vimbax_camera_color_correction' build argument 'cmake_args' from command line to 'None'
[0.341s] Level 5:colcon.colcon_core.verb:set package 'vimbax_camera_color_correction' build argument 'cmake_target' from command line to 'None'
[0.341s] Level 5:colcon.colcon_core.verb:set package 'vimbax_camera_color_correction' build argument 'cmake_target_skip_unavailable' from command line to 'False'
[0.341s] Level 5:colcon.colcon_core.verb:set package 'vimbax_camera_color_correction' build argument 'cmake_clean_cache' from command line to 'False'
[0.342s] Level 5:colcon.colcon_core.verb:set package 'vimbax_camera_color_correction' build argument 'cmake_clean_first' from command line to 'False'
[0.342s] Level 5:colcon.colcon_core.verb:set package 'vimbax_camera_color_correction' build argument 'cmake_force_configure' from command line to 'False'
[0.342s] Level 5:colcon.colcon_core.verb:set package 'vimbax_camera_color_correction' build argument 'ament_cmake_args' from command line to 'None'
[0.342s] Level 5:colcon.colcon_core.verb:set package 'vimbax_camera_color_correction' build argument 'catkin_cmake_args' from command line to 'None'
[0.342s] Level 5:colcon.colcon_core.verb:set package 'vimbax_camera_color_correction' build argument 'catkin_skip_building_tests' from command line to 'False'
[0.342s] DEBUG:colcon.colcon_core.verb:Building package 'vimbax_camera_color_correction' with the following arguments: {'ament_cmake_args': None, 'build_base': '/home/root1/lzx_ws/project/lidar_camera_ros_ws/build/vimbax_camera_color_correction', 'catkin_cmake_args': None, 'catkin_skip_building_tests': False, 'cmake_args': None, 'cmake_clean_cache': False, 'cmake_clean_first': False, 'cmake_force_configure': False, 'cmake_target': None, 'cmake_target_skip_unavailable': False, 'install_base': '/home/root1/lzx_ws/project/lidar_camera_ros_ws/install/vimbax_camera_color_correction', 'merge_install': False, 'path': '/home/root1/lzx_ws/project/lidar_camera_ros_ws/src/vimbax_camera_color_correction', 'symlink_install': False, 'test_result_base': None}
[0.342s] Level 5:colcon.colcon_core.verb:set package 'vimbax_camera_events' build argument 'cmake_args' from command line to 'None'
[0.342s] Level 5:colcon.colcon_core.verb:set package 'vimbax_camera_events' build argument 'cmake_target' from command line to 'None'
[0.342s] Level 5:colcon.colcon_core.verb:set package 'vimbax_camera_events' build argument 'cmake_target_skip_unavailable' from command line to 'False'
[0.342s] Level 5:colcon.colcon_core.verb:set package 'vimbax_camera_events' build argument 'cmake_clean_cache' from command line to 'False'
[0.342s] Level 5:colcon.colcon_core.verb:set package 'vimbax_camera_events' build argument 'cmake_clean_first' from command line to 'False'
[0.342s] Level 5:colcon.colcon_core.verb:set package 'vimbax_camera_events' build argument 'cmake_force_configure' from command line to 'False'
[0.342s] Level 5:colcon.colcon_core.verb:set package 'vimbax_camera_events' build argument 'ament_cmake_args' from command line to 'None'
[0.342s] Level 5:colcon.colcon_core.verb:set package 'vimbax_camera_events' build argument 'catkin_cmake_args' from command line to 'None'
[0.342s] Level 5:colcon.colcon_core.verb:set package 'vimbax_camera_events' build argument 'catkin_skip_building_tests' from command line to 'False'
[0.342s] DEBUG:colcon.colcon_core.verb:Building package 'vimbax_camera_events' with the following arguments: {'ament_cmake_args': None, 'build_base': '/home/root1/lzx_ws/project/lidar_camera_ros_ws/build/vimbax_camera_events', 'catkin_cmake_args': None, 'catkin_skip_building_tests': False, 'cmake_args': None, 'cmake_clean_cache': False, 'cmake_clean_first': False, 'cmake_force_configure': False, 'cmake_target': None, 'cmake_target_skip_unavailable': False, 'install_base': '/home/root1/lzx_ws/project/lidar_camera_ros_ws/install/vimbax_camera_events', 'merge_install': False, 'path': '/home/root1/lzx_ws/project/lidar_camera_ros_ws/src/vimbax_ros2_driver/vimbax_camera_events', 'symlink_install': False, 'test_result_base': None}
[0.342s] Level 5:colcon.colcon_core.verb:set package 'vimbax_camera' build argument 'cmake_args' from command line to 'None'
[0.342s] Level 5:colcon.colcon_core.verb:set package 'vimbax_camera' build argument 'cmake_target' from command line to 'None'
[0.342s] Level 5:colcon.colcon_core.verb:set package 'vimbax_camera' build argument 'cmake_target_skip_unavailable' from command line to 'False'
[0.342s] Level 5:colcon.colcon_core.verb:set package 'vimbax_camera' build argument 'cmake_clean_cache' from command line to 'False'
[0.342s] Level 5:colcon.colcon_core.verb:set package 'vimbax_camera' build argument 'cmake_clean_first' from command line to 'False'
[0.342s] Level 5:colcon.colcon_core.verb:set package 'vimbax_camera' build argument 'cmake_force_configure' from command line to 'False'
[0.342s] Level 5:colcon.colcon_core.verb:set package 'vimbax_camera' build argument 'ament_cmake_args' from command line to 'None'
[0.343s] Level 5:colcon.colcon_core.verb:set package 'vimbax_camera' build argument 'catkin_cmake_args' from command line to 'None'
[0.343s] Level 5:colcon.colcon_core.verb:set package 'vimbax_camera' build argument 'catkin_skip_building_tests' from command line to 'False'
[0.343s] DEBUG:colcon.colcon_core.verb:Building package 'vimbax_camera' with the following arguments: {'ament_cmake_args': None, 'build_base': '/home/root1/lzx_ws/project/lidar_camera_ros_ws/build/vimbax_camera', 'catkin_cmake_args': None, 'catkin_skip_building_tests': False, 'cmake_args': None, 'cmake_clean_cache': False, 'cmake_clean_first': False, 'cmake_force_configure': False, 'cmake_target': None, 'cmake_target_skip_unavailable': False, 'install_base': '/home/root1/lzx_ws/project/lidar_camera_ros_ws/install/vimbax_camera', 'merge_install': False, 'path': '/home/root1/lzx_ws/project/lidar_camera_ros_ws/src/vimbax_ros2_driver/vimbax_camera', 'symlink_install': False, 'test_result_base': None}
[0.343s] Level 5:colcon.colcon_core.verb:set package 'vimbax_camera_examples' build argument 'cmake_args' from command line to 'None'
[0.343s] Level 5:colcon.colcon_core.verb:set package 'vimbax_camera_examples' build argument 'cmake_target' from command line to 'None'
[0.343s] Level 5:colcon.colcon_core.verb:set package 'vimbax_camera_examples' build argument 'cmake_target_skip_unavailable' from command line to 'False'
[0.343s] Level 5:colcon.colcon_core.verb:set package 'vimbax_camera_examples' build argument 'cmake_clean_cache' from command line to 'False'
[0.343s] Level 5:colcon.colcon_core.verb:set package 'vimbax_camera_examples' build argument 'cmake_clean_first' from command line to 'False'
[0.343s] Level 5:colcon.colcon_core.verb:set package 'vimbax_camera_examples' build argument 'cmake_force_configure' from command line to 'False'
[0.343s] Level 5:colcon.colcon_core.verb:set package 'vimbax_camera_examples' build argument 'ament_cmake_args' from command line to 'None'
[0.343s] Level 5:colcon.colcon_core.verb:set package 'vimbax_camera_examples' build argument 'catkin_cmake_args' from command line to 'None'
[0.343s] Level 5:colcon.colcon_core.verb:set package 'vimbax_camera_examples' build argument 'catkin_skip_building_tests' from command line to 'False'
[0.343s] DEBUG:colcon.colcon_core.verb:Building package 'vimbax_camera_examples' with the following arguments: {'ament_cmake_args': None, 'build_base': '/home/root1/lzx_ws/project/lidar_camera_ros_ws/build/vimbax_camera_examples', 'catkin_cmake_args': None, 'catkin_skip_building_tests': False, 'cmake_args': None, 'cmake_clean_cache': False, 'cmake_clean_first': False, 'cmake_force_configure': False, 'cmake_target': None, 'cmake_target_skip_unavailable': False, 'install_base': '/home/root1/lzx_ws/project/lidar_camera_ros_ws/install/vimbax_camera_examples', 'merge_install': False, 'path': '/home/root1/lzx_ws/project/lidar_camera_ros_ws/src/vimbax_ros2_driver/vimbax_camera_examples', 'symlink_install': False, 'test_result_base': None}
[0.343s] INFO:colcon.colcon_core.executor:Executing jobs using 'parallel' executor
[0.344s] DEBUG:colcon.colcon_parallel_executor.executor.parallel:run_until_complete
[0.344s] INFO:colcon.colcon_ros.task.ament_cmake.build:Building ROS package in '/home/root1/lzx_ws/project/lidar_camera_ros_ws/src/vimbax_ros2_driver/vimbax_camera_msgs' with build type 'ament_cmake'
[0.344s] INFO:colcon.colcon_cmake.task.cmake.build:Building CMake package in '/home/root1/lzx_ws/project/lidar_camera_ros_ws/src/vimbax_ros2_driver/vimbax_camera_msgs'
[0.349s] INFO:colcon.colcon_core.plugin_system:Skipping extension 'colcon_core.shell.bat': Not used on non-Windows systems
[0.349s] INFO:colcon.colcon_core.shell:Skip shell extension 'powershell' for command environment: Not usable outside of PowerShell
[0.349s] DEBUG:colcon.colcon_core.shell:Skip shell extension 'dsv' for command environment
[0.352s] INFO:colcon.colcon_ros.task.ament_cmake.build:Building ROS package in '/home/root1/lzx_ws/project/lidar_camera_ros_ws/src/rslidar_msg' with build type 'ament_cmake'
[0.352s] INFO:colcon.colcon_cmake.task.cmake.build:Building CMake package in '/home/root1/lzx_ws/project/lidar_camera_ros_ws/src/rslidar_msg'
[0.353s] INFO:colcon.colcon_core.shell:Skip shell extension 'powershell' for command environment: Not usable outside of PowerShell
[0.353s] DEBUG:colcon.colcon_core.shell:Skip shell extension 'dsv' for command environment
[0.356s] INFO:colcon.colcon_ros.task.ament_cmake.build:Building ROS package in '/home/root1/lzx_ws/project/lidar_camera_ros_ws/src/vimbax_ros2_driver/vmbc_interface' with build type 'ament_cmake'
[0.356s] INFO:colcon.colcon_cmake.task.cmake.build:Building CMake package in '/home/root1/lzx_ws/project/lidar_camera_ros_ws/src/vimbax_ros2_driver/vmbc_interface'
[0.357s] INFO:colcon.colcon_core.shell:Skip shell extension 'powershell' for command environment: Not usable outside of PowerShell
[0.357s] DEBUG:colcon.colcon_core.shell:Skip shell extension 'dsv' for command environment
[0.360s] INFO:colcon.colcon_ros.task.ament_cmake.build:Building ROS package in '/home/root1/lzx_ws/project/lidar_camera_ros_ws/src/vimbax_camera_color_correction_cpp' with build type 'ament_cmake'
[0.360s] INFO:colcon.colcon_cmake.task.cmake.build:Building CMake package in '/home/root1/lzx_ws/project/lidar_camera_ros_ws/src/vimbax_camera_color_correction_cpp'
[0.361s] INFO:colcon.colcon_core.shell:Skip shell extension 'powershell' for command environment: Not usable outside of PowerShell
[0.361s] DEBUG:colcon.colcon_core.shell:Skip shell extension 'dsv' for command environment
[0.368s] DEBUG:colcon.colcon_core.event_handler.log_command:Invoking command in '/home/root1/lzx_ws/project/lidar_camera_ros_ws/build/vimbax_camera_msgs': CMAKE_PREFIX_PATH=${CMAKE_PREFIX_PATH}:/home/root1/lzx_ws/project/lidar_camera_ros_ws/install/vimbax_camera_color_correction /usr/bin/cmake /home/root1/lzx_ws/project/lidar_camera_ros_ws/src/vimbax_ros2_driver/vimbax_camera_msgs -DCMAKE_INSTALL_PREFIX=/home/root1/lzx_ws/project/lidar_camera_ros_ws/install/vimbax_camera_msgs
[0.371s] DEBUG:colcon.colcon_core.event_handler.log_command:Invoking command in '/home/root1/lzx_ws/project/lidar_camera_ros_ws/build/rslidar_msg': CMAKE_PREFIX_PATH=${CMAKE_PREFIX_PATH}:/home/root1/lzx_ws/project/lidar_camera_ros_ws/install/vimbax_camera_color_correction /usr/bin/cmake /home/root1/lzx_ws/project/lidar_camera_ros_ws/src/rslidar_msg -DCMAKE_INSTALL_PREFIX=/home/root1/lzx_ws/project/lidar_camera_ros_ws/install/rslidar_msg
[0.374s] DEBUG:colcon.colcon_core.event_handler.log_command:Invoking command in '/home/root1/lzx_ws/project/lidar_camera_ros_ws/build/vmbc_interface': CMAKE_PREFIX_PATH=${CMAKE_PREFIX_PATH}:/home/root1/lzx_ws/project/lidar_camera_ros_ws/install/vimbax_camera_color_correction /usr/bin/cmake /home/root1/lzx_ws/project/lidar_camera_ros_ws/src/vimbax_ros2_driver/vmbc_interface -DCMAKE_INSTALL_PREFIX=/home/root1/lzx_ws/project/lidar_camera_ros_ws/install/vmbc_interface
[0.377s] DEBUG:colcon.colcon_core.event_handler.log_command:Invoking command in '/home/root1/lzx_ws/project/lidar_camera_ros_ws/build/vimbax_camera_color_correction_cpp': CMAKE_PREFIX_PATH=${CMAKE_PREFIX_PATH}:/home/root1/lzx_ws/project/lidar_camera_ros_ws/install/vimbax_camera_color_correction /usr/bin/cmake /home/root1/lzx_ws/project/lidar_camera_ros_ws/src/vimbax_camera_color_correction_cpp -DCMAKE_INSTALL_PREFIX=/home/root1/lzx_ws/project/lidar_camera_ros_ws/install/vimbax_camera_color_correction_cpp
[2.453s] DEBUG:colcon.colcon_core.event_handler.log_command:Invoked command in '/home/root1/lzx_ws/project/lidar_camera_ros_ws/build/vmbc_interface' returned '0': CMAKE_PREFIX_PATH=${CMAKE_PREFIX_PATH}:/home/root1/lzx_ws/project/lidar_camera_ros_ws/install/vimbax_camera_color_correction /usr/bin/cmake /home/root1/lzx_ws/project/lidar_camera_ros_ws/src/vimbax_ros2_driver/vmbc_interface -DCMAKE_INSTALL_PREFIX=/home/root1/lzx_ws/project/lidar_camera_ros_ws/install/vmbc_interface
[2.456s] DEBUG:colcon.colcon_core.event_handler.log_command:Invoking command in '/home/root1/lzx_ws/project/lidar_camera_ros_ws/build/vmbc_interface': CMAKE_PREFIX_PATH=${CMAKE_PREFIX_PATH}:/home/root1/lzx_ws/project/lidar_camera_ros_ws/install/vimbax_camera_color_correction /usr/bin/cmake --build /home/root1/lzx_ws/project/lidar_camera_ros_ws/build/vmbc_interface -- -j16 -l16
[2.470s] DEBUG:colcon.colcon_core.event_handler.log_command:Invoked command in '/home/root1/lzx_ws/project/lidar_camera_ros_ws/build/vmbc_interface' returned '0': CMAKE_PREFIX_PATH=${CMAKE_PREFIX_PATH}:/home/root1/lzx_ws/project/lidar_camera_ros_ws/install/vimbax_camera_color_correction /usr/bin/cmake --build /home/root1/lzx_ws/project/lidar_camera_ros_ws/build/vmbc_interface -- -j16 -l16
[2.475s] DEBUG:colcon.colcon_core.event_handler.log_command:Invoking command in '/home/root1/lzx_ws/project/lidar_camera_ros_ws/build/vmbc_interface': CMAKE_PREFIX_PATH=${CMAKE_PREFIX_PATH}:/home/root1/lzx_ws/project/lidar_camera_ros_ws/install/vimbax_camera_color_correction /usr/bin/cmake --install /home/root1/lzx_ws/project/lidar_camera_ros_ws/build/vmbc_interface
[2.481s] Level 1:colcon.colcon_core.environment:create_environment_scripts_only(vmbc_interface)
[2.481s] DEBUG:colcon.colcon_core.event_handler.log_command:Invoked command in '/home/root1/lzx_ws/project/lidar_camera_ros_ws/build/vmbc_interface' returned '0': CMAKE_PREFIX_PATH=${CMAKE_PREFIX_PATH}:/home/root1/lzx_ws/project/lidar_camera_ros_ws/install/vimbax_camera_color_correction /usr/bin/cmake --install /home/root1/lzx_ws/project/lidar_camera_ros_ws/build/vmbc_interface
[2.485s] Level 1:colcon.colcon_core.environment:checking '/home/root1/lzx_ws/project/lidar_camera_ros_ws/install/vmbc_interface' for CMake module files
[2.486s] Level 1:colcon.colcon_core.environment:checking '/home/root1/lzx_ws/project/lidar_camera_ros_ws/install/vmbc_interface' for CMake config files
[2.486s] Level 1:colcon.colcon_core.shell:create_environment_hook('vmbc_interface', 'cmake_prefix_path')
[2.486s] INFO:colcon.colcon_core.shell:Creating environment hook '/home/root1/lzx_ws/project/lidar_camera_ros_ws/install/vmbc_interface/share/vmbc_interface/hook/cmake_prefix_path.ps1'
[2.487s] INFO:colcon.colcon_core.shell:Creating environment descriptor '/home/root1/lzx_ws/project/lidar_camera_ros_ws/install/vmbc_interface/share/vmbc_interface/hook/cmake_prefix_path.dsv'
[2.488s] INFO:colcon.colcon_core.shell:Creating environment hook '/home/root1/lzx_ws/project/lidar_camera_ros_ws/install/vmbc_interface/share/vmbc_interface/hook/cmake_prefix_path.sh'
[2.488s] Level 1:colcon.colcon_core.environment:checking '/home/root1/lzx_ws/project/lidar_camera_ros_ws/install/vmbc_interface/bin'
[2.488s] Level 1:colcon.colcon_core.environment:checking '/home/root1/lzx_ws/project/lidar_camera_ros_ws/install/vmbc_interface/lib/pkgconfig/vmbc_interface.pc'
[2.489s] Level 1:colcon.colcon_core.environment:checking '/home/root1/lzx_ws/project/lidar_camera_ros_ws/install/vmbc_interface/lib/python3.10/site-packages'
[2.489s] Level 1:colcon.colcon_core.environment:checking '/home/root1/lzx_ws/project/lidar_camera_ros_ws/install/vmbc_interface/bin'
[2.489s] INFO:colcon.colcon_core.shell:Creating package script '/home/root1/lzx_ws/project/lidar_camera_ros_ws/install/vmbc_interface/share/vmbc_interface/package.ps1'
[2.490s] INFO:colcon.colcon_core.shell:Creating package descriptor '/home/root1/lzx_ws/project/lidar_camera_ros_ws/install/vmbc_interface/share/vmbc_interface/package.dsv'
[2.491s] INFO:colcon.colcon_core.shell:Creating package script '/home/root1/lzx_ws/project/lidar_camera_ros_ws/install/vmbc_interface/share/vmbc_interface/package.sh'
[2.491s] INFO:colcon.colcon_core.shell:Creating package script '/home/root1/lzx_ws/project/lidar_camera_ros_ws/install/vmbc_interface/share/vmbc_interface/package.bash'
[2.492s] INFO:colcon.colcon_core.shell:Creating package script '/home/root1/lzx_ws/project/lidar_camera_ros_ws/install/vmbc_interface/share/vmbc_interface/package.zsh'
[2.493s] Level 1:colcon.colcon_core.environment:create_file_with_runtime_dependencies(/home/root1/lzx_ws/project/lidar_camera_ros_ws/install/vmbc_interface/share/colcon-core/packages/vmbc_interface)
[2.494s] Level 1:colcon.colcon_core.environment:create_environment_scripts_only(vmbc_interface)
[2.494s] Level 1:colcon.colcon_core.environment:checking '/home/root1/lzx_ws/project/lidar_camera_ros_ws/install/vmbc_interface' for CMake module files
[2.495s] Level 1:colcon.colcon_core.environment:checking '/home/root1/lzx_ws/project/lidar_camera_ros_ws/install/vmbc_interface' for CMake config files
[2.496s] Level 1:colcon.colcon_core.shell:create_environment_hook('vmbc_interface', 'cmake_prefix_path')
[2.496s] INFO:colcon.colcon_core.shell:Creating environment hook '/home/root1/lzx_ws/project/lidar_camera_ros_ws/install/vmbc_interface/share/vmbc_interface/hook/cmake_prefix_path.ps1'
[2.496s] INFO:colcon.colcon_core.shell:Creating environment descriptor '/home/root1/lzx_ws/project/lidar_camera_ros_ws/install/vmbc_interface/share/vmbc_interface/hook/cmake_prefix_path.dsv'
[2.497s] INFO:colcon.colcon_core.shell:Creating environment hook '/home/root1/lzx_ws/project/lidar_camera_ros_ws/install/vmbc_interface/share/vmbc_interface/hook/cmake_prefix_path.sh'
[2.498s] Level 1:colcon.colcon_core.environment:checking '/home/root1/lzx_ws/project/lidar_camera_ros_ws/install/vmbc_interface/bin'
[2.498s] Level 1:colcon.colcon_core.environment:checking '/home/root1/lzx_ws/project/lidar_camera_ros_ws/install/vmbc_interface/lib/pkgconfig/vmbc_interface.pc'
[2.498s] Level 1:colcon.colcon_core.environment:checking '/home/root1/lzx_ws/project/lidar_camera_ros_ws/install/vmbc_interface/lib/python3.10/site-packages'
[2.498s] Level 1:colcon.colcon_core.environment:checking '/home/root1/lzx_ws/project/lidar_camera_ros_ws/install/vmbc_interface/bin'
[2.498s] INFO:colcon.colcon_core.shell:Creating package script '/home/root1/lzx_ws/project/lidar_camera_ros_ws/install/vmbc_interface/share/vmbc_interface/package.ps1'
[2.499s] INFO:colcon.colcon_core.shell:Creating package descriptor '/home/root1/lzx_ws/project/lidar_camera_ros_ws/install/vmbc_interface/share/vmbc_interface/package.dsv'
[2.500s] INFO:colcon.colcon_core.shell:Creating package script '/home/root1/lzx_ws/project/lidar_camera_ros_ws/install/vmbc_interface/share/vmbc_interface/package.sh'
[2.500s] INFO:colcon.colcon_core.shell:Creating package script '/home/root1/lzx_ws/project/lidar_camera_ros_ws/install/vmbc_interface/share/vmbc_interface/package.bash'
[2.501s] INFO:colcon.colcon_core.shell:Creating package script '/home/root1/lzx_ws/project/lidar_camera_ros_ws/install/vmbc_interface/share/vmbc_interface/package.zsh'
[2.501s] Level 1:colcon.colcon_core.environment:create_file_with_runtime_dependencies(/home/root1/lzx_ws/project/lidar_camera_ros_ws/install/vmbc_interface/share/colcon-core/packages/vmbc_interface)
[3.550s] DEBUG:colcon.colcon_core.event_handler.log_command:Invoked command in '/home/root1/lzx_ws/project/lidar_camera_ros_ws/build/vimbax_camera_color_correction_cpp' returned '0': CMAKE_PREFIX_PATH=${CMAKE_PREFIX_PATH}:/home/root1/lzx_ws/project/lidar_camera_ros_ws/install/vimbax_camera_color_correction /usr/bin/cmake /home/root1/lzx_ws/project/lidar_camera_ros_ws/src/vimbax_camera_color_correction_cpp -DCMAKE_INSTALL_PREFIX=/home/root1/lzx_ws/project/lidar_camera_ros_ws/install/vimbax_camera_color_correction_cpp
[3.552s] DEBUG:colcon.colcon_core.event_handler.log_command:Invoking command in '/home/root1/lzx_ws/project/lidar_camera_ros_ws/build/vimbax_camera_color_correction_cpp': CMAKE_PREFIX_PATH=${CMAKE_PREFIX_PATH}:/home/root1/lzx_ws/project/lidar_camera_ros_ws/install/vimbax_camera_color_correction /usr/bin/cmake --build /home/root1/lzx_ws/project/lidar_camera_ros_ws/build/vimbax_camera_color_correction_cpp -- -j16 -l16
[3.649s] DEBUG:colcon.colcon_core.event_handler.log_command:Invoked command in '/home/root1/lzx_ws/project/lidar_camera_ros_ws/build/vimbax_camera_msgs' returned '0': CMAKE_PREFIX_PATH=${CMAKE_PREFIX_PATH}:/home/root1/lzx_ws/project/lidar_camera_ros_ws/install/vimbax_camera_color_correction /usr/bin/cmake /home/root1/lzx_ws/project/lidar_camera_ros_ws/src/vimbax_ros2_driver/vimbax_camera_msgs -DCMAKE_INSTALL_PREFIX=/home/root1/lzx_ws/project/lidar_camera_ros_ws/install/vimbax_camera_msgs
[3.651s] DEBUG:colcon.colcon_core.event_handler.log_command:Invoking command in '/home/root1/lzx_ws/project/lidar_camera_ros_ws/build/vimbax_camera_msgs': CMAKE_PREFIX_PATH=${CMAKE_PREFIX_PATH}:/home/root1/lzx_ws/project/lidar_camera_ros_ws/install/vimbax_camera_color_correction /usr/bin/cmake --build /home/root1/lzx_ws/project/lidar_camera_ros_ws/build/vimbax_camera_msgs -- -j16 -l16
[3.684s] DEBUG:colcon.colcon_core.event_handler.log_command:Invoked command in '/home/root1/lzx_ws/project/lidar_camera_ros_ws/build/rslidar_msg' returned '0': CMAKE_PREFIX_PATH=${CMAKE_PREFIX_PATH}:/home/root1/lzx_ws/project/lidar_camera_ros_ws/install/vimbax_camera_color_correction /usr/bin/cmake /home/root1/lzx_ws/project/lidar_camera_ros_ws/src/rslidar_msg -DCMAKE_INSTALL_PREFIX=/home/root1/lzx_ws/project/lidar_camera_ros_ws/install/rslidar_msg
[3.686s] DEBUG:colcon.colcon_core.event_handler.log_command:Invoking command in '/home/root1/lzx_ws/project/lidar_camera_ros_ws/build/rslidar_msg': CMAKE_PREFIX_PATH=${CMAKE_PREFIX_PATH}:/home/root1/lzx_ws/project/lidar_camera_ros_ws/install/vimbax_camera_color_correction /usr/bin/cmake --build /home/root1/lzx_ws/project/lidar_camera_ros_ws/build/rslidar_msg -- -j16 -l16
[5.895s] DEBUG:colcon.colcon_core.event_handler.log_command:Invoked command in '/home/root1/lzx_ws/project/lidar_camera_ros_ws/build/rslidar_msg' returned '0': CMAKE_PREFIX_PATH=${CMAKE_PREFIX_PATH}:/home/root1/lzx_ws/project/lidar_camera_ros_ws/install/vimbax_camera_color_correction /usr/bin/cmake --build /home/root1/lzx_ws/project/lidar_camera_ros_ws/build/rslidar_msg -- -j16 -l16
[5.898s] DEBUG:colcon.colcon_core.event_handler.log_command:Invoking command in '/home/root1/lzx_ws/project/lidar_camera_ros_ws/build/rslidar_msg': CMAKE_PREFIX_PATH=${CMAKE_PREFIX_PATH}:/home/root1/lzx_ws/project/lidar_camera_ros_ws/install/vimbax_camera_color_correction /usr/bin/cmake --install /home/root1/lzx_ws/project/lidar_camera_ros_ws/build/rslidar_msg
[5.972s] Level 1:colcon.colcon_core.environment:create_environment_scripts_only(rslidar_msg)
[5.973s] Level 1:colcon.colcon_core.environment:checking '/home/root1/lzx_ws/project/lidar_camera_ros_ws/install/rslidar_msg' for CMake module files
[5.974s] DEBUG:colcon.colcon_core.event_handler.log_command:Invoked command in '/home/root1/lzx_ws/project/lidar_camera_ros_ws/build/rslidar_msg' returned '0': CMAKE_PREFIX_PATH=${CMAKE_PREFIX_PATH}:/home/root1/lzx_ws/project/lidar_camera_ros_ws/install/vimbax_camera_color_correction /usr/bin/cmake --install /home/root1/lzx_ws/project/lidar_camera_ros_ws/build/rslidar_msg
[5.975s] Level 1:colcon.colcon_core.environment:checking '/home/root1/lzx_ws/project/lidar_camera_ros_ws/install/rslidar_msg' for CMake config files
[5.975s] Level 1:colcon.colcon_core.shell:create_environment_hook('rslidar_msg', 'cmake_prefix_path')
[5.975s] INFO:colcon.colcon_core.shell:Creating environment hook '/home/root1/lzx_ws/project/lidar_camera_ros_ws/install/rslidar_msg/share/rslidar_msg/hook/cmake_prefix_path.ps1'
[5.976s] INFO:colcon.colcon_core.shell:Creating environment descriptor '/home/root1/lzx_ws/project/lidar_camera_ros_ws/install/rslidar_msg/share/rslidar_msg/hook/cmake_prefix_path.dsv'
[5.977s] INFO:colcon.colcon_core.shell:Creating environment hook '/home/root1/lzx_ws/project/lidar_camera_ros_ws/install/rslidar_msg/share/rslidar_msg/hook/cmake_prefix_path.sh'
[5.988s] Level 1:colcon.colcon_core.environment:checking '/home/root1/lzx_ws/project/lidar_camera_ros_ws/install/rslidar_msg/lib'
[5.989s] Level 1:colcon.colcon_core.shell:create_environment_hook('rslidar_msg', 'ld_library_path_lib')
[5.989s] INFO:colcon.colcon_core.shell:Creating environment hook '/home/root1/lzx_ws/project/lidar_camera_ros_ws/install/rslidar_msg/share/rslidar_msg/hook/ld_library_path_lib.ps1'
[5.990s] INFO:colcon.colcon_core.shell:Creating environment descriptor '/home/root1/lzx_ws/project/lidar_camera_ros_ws/install/rslidar_msg/share/rslidar_msg/hook/ld_library_path_lib.dsv'
[5.991s] INFO:colcon.colcon_core.shell:Creating environment hook '/home/root1/lzx_ws/project/lidar_camera_ros_ws/install/rslidar_msg/share/rslidar_msg/hook/ld_library_path_lib.sh'
[5.991s] Level 1:colcon.colcon_core.environment:checking '/home/root1/lzx_ws/project/lidar_camera_ros_ws/install/rslidar_msg/bin'
[5.991s] Level 1:colcon.colcon_core.environment:checking '/home/root1/lzx_ws/project/lidar_camera_ros_ws/install/rslidar_msg/lib/pkgconfig/rslidar_msg.pc'
[5.991s] Level 1:colcon.colcon_core.environment:checking '/home/root1/lzx_ws/project/lidar_camera_ros_ws/install/rslidar_msg/lib/python3.10/site-packages'
[5.992s] Level 1:colcon.colcon_core.environment:checking '/home/root1/lzx_ws/project/lidar_camera_ros_ws/install/rslidar_msg/bin'
[5.992s] INFO:colcon.colcon_core.shell:Creating package script '/home/root1/lzx_ws/project/lidar_camera_ros_ws/install/rslidar_msg/share/rslidar_msg/package.ps1'
[5.993s] INFO:colcon.colcon_core.shell:Creating package descriptor '/home/root1/lzx_ws/project/lidar_camera_ros_ws/install/rslidar_msg/share/rslidar_msg/package.dsv'
[5.994s] INFO:colcon.colcon_core.shell:Creating package script '/home/root1/lzx_ws/project/lidar_camera_ros_ws/install/rslidar_msg/share/rslidar_msg/package.sh'
[5.994s] INFO:colcon.colcon_core.shell:Creating package script '/home/root1/lzx_ws/project/lidar_camera_ros_ws/install/rslidar_msg/share/rslidar_msg/package.bash'
[5.995s] INFO:colcon.colcon_core.shell:Creating package script '/home/root1/lzx_ws/project/lidar_camera_ros_ws/install/rslidar_msg/share/rslidar_msg/package.zsh'
[5.995s] Level 1:colcon.colcon_core.environment:create_file_with_runtime_dependencies(/home/root1/lzx_ws/project/lidar_camera_ros_ws/install/rslidar_msg/share/colcon-core/packages/rslidar_msg)
[5.996s] Level 1:colcon.colcon_core.environment:create_environment_scripts_only(rslidar_msg)
[5.997s] Level 1:colcon.colcon_core.environment:checking '/home/root1/lzx_ws/project/lidar_camera_ros_ws/install/rslidar_msg' for CMake module files
[5.998s] Level 1:colcon.colcon_core.environment:checking '/home/root1/lzx_ws/project/lidar_camera_ros_ws/install/rslidar_msg' for CMake config files
[5.998s] Level 1:colcon.colcon_core.shell:create_environment_hook('rslidar_msg', 'cmake_prefix_path')
[5.999s] INFO:colcon.colcon_core.shell:Creating environment hook '/home/root1/lzx_ws/project/lidar_camera_ros_ws/install/rslidar_msg/share/rslidar_msg/hook/cmake_prefix_path.ps1'
[5.999s] INFO:colcon.colcon_core.shell:Creating environment descriptor '/home/root1/lzx_ws/project/lidar_camera_ros_ws/install/rslidar_msg/share/rslidar_msg/hook/cmake_prefix_path.dsv'
[6.000s] INFO:colcon.colcon_core.shell:Creating environment hook '/home/root1/lzx_ws/project/lidar_camera_ros_ws/install/rslidar_msg/share/rslidar_msg/hook/cmake_prefix_path.sh'
[6.001s] Level 1:colcon.colcon_core.environment:checking '/home/root1/lzx_ws/project/lidar_camera_ros_ws/install/rslidar_msg/lib'
[6.001s] Level 1:colcon.colcon_core.shell:create_environment_hook('rslidar_msg', 'ld_library_path_lib')
[6.001s] INFO:colcon.colcon_core.shell:Creating environment hook '/home/root1/lzx_ws/project/lidar_camera_ros_ws/install/rslidar_msg/share/rslidar_msg/hook/ld_library_path_lib.ps1'
[6.002s] INFO:colcon.colcon_core.shell:Creating environment descriptor '/home/root1/lzx_ws/project/lidar_camera_ros_ws/install/rslidar_msg/share/rslidar_msg/hook/ld_library_path_lib.dsv'
[6.002s] INFO:colcon.colcon_core.shell:Creating environment hook '/home/root1/lzx_ws/project/lidar_camera_ros_ws/install/rslidar_msg/share/rslidar_msg/hook/ld_library_path_lib.sh'
[6.003s] Level 1:colcon.colcon_core.environment:checking '/home/root1/lzx_ws/project/lidar_camera_ros_ws/install/rslidar_msg/bin'
[6.003s] Level 1:colcon.colcon_core.environment:checking '/home/root1/lzx_ws/project/lidar_camera_ros_ws/install/rslidar_msg/lib/pkgconfig/rslidar_msg.pc'
[6.003s] Level 1:colcon.colcon_core.environment:checking '/home/root1/lzx_ws/project/lidar_camera_ros_ws/install/rslidar_msg/lib/python3.10/site-packages'
[6.003s] Level 1:colcon.colcon_core.environment:checking '/home/root1/lzx_ws/project/lidar_camera_ros_ws/install/rslidar_msg/bin'
[6.004s] INFO:colcon.colcon_core.shell:Creating package script '/home/root1/lzx_ws/project/lidar_camera_ros_ws/install/rslidar_msg/share/rslidar_msg/package.ps1'
[6.005s] INFO:colcon.colcon_core.shell:Creating package descriptor '/home/root1/lzx_ws/project/lidar_camera_ros_ws/install/rslidar_msg/share/rslidar_msg/package.dsv'
[6.006s] INFO:colcon.colcon_core.shell:Creating package script '/home/root1/lzx_ws/project/lidar_camera_ros_ws/install/rslidar_msg/share/rslidar_msg/package.sh'
[6.006s] INFO:colcon.colcon_core.shell:Creating package script '/home/root1/lzx_ws/project/lidar_camera_ros_ws/install/rslidar_msg/share/rslidar_msg/package.bash'
[6.007s] INFO:colcon.colcon_core.shell:Creating package script '/home/root1/lzx_ws/project/lidar_camera_ros_ws/install/rslidar_msg/share/rslidar_msg/package.zsh'
[6.007s] Level 1:colcon.colcon_core.environment:create_file_with_runtime_dependencies(/home/root1/lzx_ws/project/lidar_camera_ros_ws/install/rslidar_msg/share/colcon-core/packages/rslidar_msg)
[6.008s] INFO:colcon.colcon_ros.task.ament_cmake.build:Building ROS package in '/home/root1/lzx_ws/project/lidar_camera_ros_ws/src/rslidar_sdk' with build type 'ament_cmake'
[6.008s] INFO:colcon.colcon_cmake.task.cmake.build:Building CMake package in '/home/root1/lzx_ws/project/lidar_camera_ros_ws/src/rslidar_sdk'
[6.008s] INFO:colcon.colcon_core.shell:Skip shell extension 'powershell' for command environment: Not usable outside of PowerShell
[6.008s] DEBUG:colcon.colcon_core.shell:Skip shell extension 'dsv' for command environment
[6.025s] DEBUG:colcon.colcon_core.event_handler.log_command:Invoking command in '/home/root1/lzx_ws/project/lidar_camera_ros_ws/build/rslidar_sdk': CMAKE_PREFIX_PATH=/home/root1/lzx_ws/project/lidar_camera_ros_ws/install/rslidar_msg:/home/root1/lzx_ws/project/lidar_camera_ros_ws/install/vimbax_camera:/home/root1/lzx_ws/project/lidar_camera_ros_ws/install/vmbc_interface:/home/root1/lzx_ws/project/lidar_camera_ros_ws/install/vimbax_camera_examples:/home/root1/lzx_ws/project/lidar_camera_ros_ws/install/vimbax_camera_msgs:/home/root1/lzx_ws/project/lidar_camera_ros_ws/install/vimbax_camera_events:/home/root1/lzx_ws/project/lidar_camera_ros_ws/install/vimbax_camera_color_correction_cpp:/home/root1/lzx_ws/project/lidar_camera_ros_ws/install/rslidar_sdk:/home/root1/ros2_ws/install/robot_interface:/opt/ros/humble:/home/root1/lzx_ws/project/lidar_camera_ros_ws/install/vimbax_camera_color_correction LD_LIBRARY_PATH=/home/root1/lzx_ws/project/lidar_camera_ros_ws/install/rslidar_msg/lib:/home/root1/lzx_ws/project/lidar_camera_ros_ws/install/vimbax_camera/lib:/home/root1/lzx_ws/project/lidar_camera_ros_ws/install/vimbax_camera_examples/lib:/home/root1/lzx_ws/project/lidar_camera_ros_ws/install/vimbax_camera_msgs/lib:/home/root1/lzx_ws/project/lidar_camera_ros_ws/install/vimbax_camera_events/lib:/home/root1/lzx_ws/project/lidar_camera_ros_ws/install/vimbax_camera_color_correction_cpp/lib:/home/root1/.local/lib:/home/root1/ros2_ws/install/robot_interface/lib:/opt/ros/humble/opt/rviz_ogre_vendor/lib:/opt/ros/humble/lib/x86_64-linux-gnu:/opt/ros/humble/lib:/usr/local/cuda-12.2/lib64:/usr/local/cuda-12.2/lib64:/usr/local/cuda-12.2/lib64 /usr/bin/cmake /home/root1/lzx_ws/project/lidar_camera_ros_ws/src/rslidar_sdk -DCMAKE_INSTALL_PREFIX=/home/root1/lzx_ws/project/lidar_camera_ros_ws/install/rslidar_sdk
[7.748s] DEBUG:colcon.colcon_core.event_handler.log_command:Invoked command in '/home/root1/lzx_ws/project/lidar_camera_ros_ws/build/rslidar_sdk' returned '0': CMAKE_PREFIX_PATH=/home/root1/lzx_ws/project/lidar_camera_ros_ws/install/rslidar_msg:/home/root1/lzx_ws/project/lidar_camera_ros_ws/install/vimbax_camera:/home/root1/lzx_ws/project/lidar_camera_ros_ws/install/vmbc_interface:/home/root1/lzx_ws/project/lidar_camera_ros_ws/install/vimbax_camera_examples:/home/root1/lzx_ws/project/lidar_camera_ros_ws/install/vimbax_camera_msgs:/home/root1/lzx_ws/project/lidar_camera_ros_ws/install/vimbax_camera_events:/home/root1/lzx_ws/project/lidar_camera_ros_ws/install/vimbax_camera_color_correction_cpp:/home/root1/lzx_ws/project/lidar_camera_ros_ws/install/rslidar_sdk:/home/root1/ros2_ws/install/robot_interface:/opt/ros/humble:/home/root1/lzx_ws/project/lidar_camera_ros_ws/install/vimbax_camera_color_correction LD_LIBRARY_PATH=/home/root1/lzx_ws/project/lidar_camera_ros_ws/install/rslidar_msg/lib:/home/root1/lzx_ws/project/lidar_camera_ros_ws/install/vimbax_camera/lib:/home/root1/lzx_ws/project/lidar_camera_ros_ws/install/vimbax_camera_examples/lib:/home/root1/lzx_ws/project/lidar_camera_ros_ws/install/vimbax_camera_msgs/lib:/home/root1/lzx_ws/project/lidar_camera_ros_ws/install/vimbax_camera_events/lib:/home/root1/lzx_ws/project/lidar_camera_ros_ws/install/vimbax_camera_color_correction_cpp/lib:/home/root1/.local/lib:/home/root1/ros2_ws/install/robot_interface/lib:/opt/ros/humble/opt/rviz_ogre_vendor/lib:/opt/ros/humble/lib/x86_64-linux-gnu:/opt/ros/humble/lib:/usr/local/cuda-12.2/lib64:/usr/local/cuda-12.2/lib64:/usr/local/cuda-12.2/lib64 /usr/bin/cmake /home/root1/lzx_ws/project/lidar_camera_ros_ws/src/rslidar_sdk -DCMAKE_INSTALL_PREFIX=/home/root1/lzx_ws/project/lidar_camera_ros_ws/install/rslidar_sdk
[7.749s] DEBUG:colcon.colcon_core.event_handler.log_command:Invoking command in '/home/root1/lzx_ws/project/lidar_camera_ros_ws/build/rslidar_sdk': CMAKE_PREFIX_PATH=/home/root1/lzx_ws/project/lidar_camera_ros_ws/install/rslidar_msg:/home/root1/lzx_ws/project/lidar_camera_ros_ws/install/vimbax_camera:/home/root1/lzx_ws/project/lidar_camera_ros_ws/install/vmbc_interface:/home/root1/lzx_ws/project/lidar_camera_ros_ws/install/vimbax_camera_examples:/home/root1/lzx_ws/project/lidar_camera_ros_ws/install/vimbax_camera_msgs:/home/root1/lzx_ws/project/lidar_camera_ros_ws/install/vimbax_camera_events:/home/root1/lzx_ws/project/lidar_camera_ros_ws/install/vimbax_camera_color_correction_cpp:/home/root1/lzx_ws/project/lidar_camera_ros_ws/install/rslidar_sdk:/home/root1/ros2_ws/install/robot_interface:/opt/ros/humble:/home/root1/lzx_ws/project/lidar_camera_ros_ws/install/vimbax_camera_color_correction LD_LIBRARY_PATH=/home/root1/lzx_ws/project/lidar_camera_ros_ws/install/rslidar_msg/lib:/home/root1/lzx_ws/project/lidar_camera_ros_ws/install/vimbax_camera/lib:/home/root1/lzx_ws/project/lidar_camera_ros_ws/install/vimbax_camera_examples/lib:/home/root1/lzx_ws/project/lidar_camera_ros_ws/install/vimbax_camera_msgs/lib:/home/root1/lzx_ws/project/lidar_camera_ros_ws/install/vimbax_camera_events/lib:/home/root1/lzx_ws/project/lidar_camera_ros_ws/install/vimbax_camera_color_correction_cpp/lib:/home/root1/.local/lib:/home/root1/ros2_ws/install/robot_interface/lib:/opt/ros/humble/opt/rviz_ogre_vendor/lib:/opt/ros/humble/lib/x86_64-linux-gnu:/opt/ros/humble/lib:/usr/local/cuda-12.2/lib64:/usr/local/cuda-12.2/lib64:/usr/local/cuda-12.2/lib64 /usr/bin/cmake --build /home/root1/lzx_ws/project/lidar_camera_ros_ws/build/rslidar_sdk -- -j16 -l16
[23.807s] DEBUG:colcon.colcon_core.event_handler.log_command:Invoked command in '/home/root1/lzx_ws/project/lidar_camera_ros_ws/build/vimbax_camera_msgs' returned '0': CMAKE_PREFIX_PATH=${CMAKE_PREFIX_PATH}:/home/root1/lzx_ws/project/lidar_camera_ros_ws/install/vimbax_camera_color_correction /usr/bin/cmake --build /home/root1/lzx_ws/project/lidar_camera_ros_ws/build/vimbax_camera_msgs -- -j16 -l16
[23.809s] DEBUG:colcon.colcon_core.event_handler.log_command:Invoking command in '/home/root1/lzx_ws/project/lidar_camera_ros_ws/build/vimbax_camera_msgs': CMAKE_PREFIX_PATH=${CMAKE_PREFIX_PATH}:/home/root1/lzx_ws/project/lidar_camera_ros_ws/install/vimbax_camera_color_correction /usr/bin/cmake --install /home/root1/lzx_ws/project/lidar_camera_ros_ws/build/vimbax_camera_msgs
[24.089s] Level 1:colcon.colcon_core.environment:create_environment_scripts_only(vimbax_camera_msgs)
[24.089s] Level 1:colcon.colcon_core.environment:checking '/home/root1/lzx_ws/project/lidar_camera_ros_ws/install/vimbax_camera_msgs' for CMake module files
[24.090s] DEBUG:colcon.colcon_core.event_handler.log_command:Invoked command in '/home/root1/lzx_ws/project/lidar_camera_ros_ws/build/vimbax_camera_msgs' returned '0': CMAKE_PREFIX_PATH=${CMAKE_PREFIX_PATH}:/home/root1/lzx_ws/project/lidar_camera_ros_ws/install/vimbax_camera_color_correction /usr/bin/cmake --install /home/root1/lzx_ws/project/lidar_camera_ros_ws/build/vimbax_camera_msgs
[24.091s] Level 1:colcon.colcon_core.environment:checking '/home/root1/lzx_ws/project/lidar_camera_ros_ws/install/vimbax_camera_msgs' for CMake config files
[24.092s] Level 1:colcon.colcon_core.shell:create_environment_hook('vimbax_camera_msgs', 'cmake_prefix_path')
[24.092s] INFO:colcon.colcon_core.shell:Creating environment hook '/home/root1/lzx_ws/project/lidar_camera_ros_ws/install/vimbax_camera_msgs/share/vimbax_camera_msgs/hook/cmake_prefix_path.ps1'
[24.092s] INFO:colcon.colcon_core.shell:Creating environment descriptor '/home/root1/lzx_ws/project/lidar_camera_ros_ws/install/vimbax_camera_msgs/share/vimbax_camera_msgs/hook/cmake_prefix_path.dsv'
[24.093s] INFO:colcon.colcon_core.shell:Creating environment hook '/home/root1/lzx_ws/project/lidar_camera_ros_ws/install/vimbax_camera_msgs/share/vimbax_camera_msgs/hook/cmake_prefix_path.sh'
[24.093s] Level 1:colcon.colcon_core.environment:checking '/home/root1/lzx_ws/project/lidar_camera_ros_ws/install/vimbax_camera_msgs/lib'
[24.093s] Level 1:colcon.colcon_core.shell:create_environment_hook('vimbax_camera_msgs', 'ld_library_path_lib')
[24.093s] INFO:colcon.colcon_core.shell:Creating environment hook '/home/root1/lzx_ws/project/lidar_camera_ros_ws/install/vimbax_camera_msgs/share/vimbax_camera_msgs/hook/ld_library_path_lib.ps1'
[24.094s] INFO:colcon.colcon_core.shell:Creating environment descriptor '/home/root1/lzx_ws/project/lidar_camera_ros_ws/install/vimbax_camera_msgs/share/vimbax_camera_msgs/hook/ld_library_path_lib.dsv'
[24.094s] INFO:colcon.colcon_core.shell:Creating environment hook '/home/root1/lzx_ws/project/lidar_camera_ros_ws/install/vimbax_camera_msgs/share/vimbax_camera_msgs/hook/ld_library_path_lib.sh'
[24.094s] Level 1:colcon.colcon_core.environment:checking '/home/root1/lzx_ws/project/lidar_camera_ros_ws/install/vimbax_camera_msgs/bin'
[24.094s] Level 1:colcon.colcon_core.environment:checking '/home/root1/lzx_ws/project/lidar_camera_ros_ws/install/vimbax_camera_msgs/lib/pkgconfig/vimbax_camera_msgs.pc'
[24.095s] Level 1:colcon.colcon_core.environment:checking '/home/root1/lzx_ws/project/lidar_camera_ros_ws/install/vimbax_camera_msgs/lib/python3.10/site-packages'
[24.095s] Level 1:colcon.colcon_core.environment:checking '/home/root1/lzx_ws/project/lidar_camera_ros_ws/install/vimbax_camera_msgs/bin'
[24.095s] INFO:colcon.colcon_core.shell:Creating package script '/home/root1/lzx_ws/project/lidar_camera_ros_ws/install/vimbax_camera_msgs/share/vimbax_camera_msgs/package.ps1'
[24.096s] INFO:colcon.colcon_core.shell:Creating package descriptor '/home/root1/lzx_ws/project/lidar_camera_ros_ws/install/vimbax_camera_msgs/share/vimbax_camera_msgs/package.dsv'
[24.096s] INFO:colcon.colcon_core.shell:Creating package script '/home/root1/lzx_ws/project/lidar_camera_ros_ws/install/vimbax_camera_msgs/share/vimbax_camera_msgs/package.sh'
[24.096s] INFO:colcon.colcon_core.shell:Creating package script '/home/root1/lzx_ws/project/lidar_camera_ros_ws/install/vimbax_camera_msgs/share/vimbax_camera_msgs/package.bash'
[24.097s] INFO:colcon.colcon_core.shell:Creating package script '/home/root1/lzx_ws/project/lidar_camera_ros_ws/install/vimbax_camera_msgs/share/vimbax_camera_msgs/package.zsh'
[24.097s] Level 1:colcon.colcon_core.environment:create_file_with_runtime_dependencies(/home/root1/lzx_ws/project/lidar_camera_ros_ws/install/vimbax_camera_msgs/share/colcon-core/packages/vimbax_camera_msgs)
[24.098s] Level 1:colcon.colcon_core.environment:create_environment_scripts_only(vimbax_camera_msgs)
[24.098s] Level 1:colcon.colcon_core.environment:checking '/home/root1/lzx_ws/project/lidar_camera_ros_ws/install/vimbax_camera_msgs' for CMake module files
[24.098s] Level 1:colcon.colcon_core.environment:checking '/home/root1/lzx_ws/project/lidar_camera_ros_ws/install/vimbax_camera_msgs' for CMake config files
[24.099s] Level 1:colcon.colcon_core.shell:create_environment_hook('vimbax_camera_msgs', 'cmake_prefix_path')
[24.100s] INFO:colcon.colcon_core.shell:Creating environment hook '/home/root1/lzx_ws/project/lidar_camera_ros_ws/install/vimbax_camera_msgs/share/vimbax_camera_msgs/hook/cmake_prefix_path.ps1'
[24.100s] INFO:colcon.colcon_core.shell:Creating environment descriptor '/home/root1/lzx_ws/project/lidar_camera_ros_ws/install/vimbax_camera_msgs/share/vimbax_camera_msgs/hook/cmake_prefix_path.dsv'
[24.100s] INFO:colcon.colcon_core.shell:Creating environment hook '/home/root1/lzx_ws/project/lidar_camera_ros_ws/install/vimbax_camera_msgs/share/vimbax_camera_msgs/hook/cmake_prefix_path.sh'
[24.101s] Level 1:colcon.colcon_core.environment:checking '/home/root1/lzx_ws/project/lidar_camera_ros_ws/install/vimbax_camera_msgs/lib'
[24.101s] Level 1:colcon.colcon_core.shell:create_environment_hook('vimbax_camera_msgs', 'ld_library_path_lib')
[24.101s] INFO:colcon.colcon_core.shell:Creating environment hook '/home/root1/lzx_ws/project/lidar_camera_ros_ws/install/vimbax_camera_msgs/share/vimbax_camera_msgs/hook/ld_library_path_lib.ps1'
[24.101s] INFO:colcon.colcon_core.shell:Creating environment descriptor '/home/root1/lzx_ws/project/lidar_camera_ros_ws/install/vimbax_camera_msgs/share/vimbax_camera_msgs/hook/ld_library_path_lib.dsv'
[24.102s] INFO:colcon.colcon_core.shell:Creating environment hook '/home/root1/lzx_ws/project/lidar_camera_ros_ws/install/vimbax_camera_msgs/share/vimbax_camera_msgs/hook/ld_library_path_lib.sh'
[24.102s] Level 1:colcon.colcon_core.environment:checking '/home/root1/lzx_ws/project/lidar_camera_ros_ws/install/vimbax_camera_msgs/bin'
[24.102s] Level 1:colcon.colcon_core.environment:checking '/home/root1/lzx_ws/project/lidar_camera_ros_ws/install/vimbax_camera_msgs/lib/pkgconfig/vimbax_camera_msgs.pc'
[24.102s] Level 1:colcon.colcon_core.environment:checking '/home/root1/lzx_ws/project/lidar_camera_ros_ws/install/vimbax_camera_msgs/lib/python3.10/site-packages'
[24.103s] Level 1:colcon.colcon_core.environment:checking '/home/root1/lzx_ws/project/lidar_camera_ros_ws/install/vimbax_camera_msgs/bin'
[24.103s] INFO:colcon.colcon_core.shell:Creating package script '/home/root1/lzx_ws/project/lidar_camera_ros_ws/install/vimbax_camera_msgs/share/vimbax_camera_msgs/package.ps1'
[24.103s] INFO:colcon.colcon_core.shell:Creating package descriptor '/home/root1/lzx_ws/project/lidar_camera_ros_ws/install/vimbax_camera_msgs/share/vimbax_camera_msgs/package.dsv'
[24.104s] INFO:colcon.colcon_core.shell:Creating package script '/home/root1/lzx_ws/project/lidar_camera_ros_ws/install/vimbax_camera_msgs/share/vimbax_camera_msgs/package.sh'
[24.104s] INFO:colcon.colcon_core.shell:Creating package script '/home/root1/lzx_ws/project/lidar_camera_ros_ws/install/vimbax_camera_msgs/share/vimbax_camera_msgs/package.bash'
[24.105s] INFO:colcon.colcon_core.shell:Creating package script '/home/root1/lzx_ws/project/lidar_camera_ros_ws/install/vimbax_camera_msgs/share/vimbax_camera_msgs/package.zsh'
[24.105s] Level 1:colcon.colcon_core.environment:create_file_with_runtime_dependencies(/home/root1/lzx_ws/project/lidar_camera_ros_ws/install/vimbax_camera_msgs/share/colcon-core/packages/vimbax_camera_msgs)
[24.105s] INFO:colcon.colcon_ros.task.ament_cmake.build:Building ROS package in '/home/root1/lzx_ws/project/lidar_camera_ros_ws/src/vimbax_ros2_driver/vimbax_camera_events' with build type 'ament_cmake'
[24.106s] INFO:colcon.colcon_cmake.task.cmake.build:Building CMake package in '/home/root1/lzx_ws/project/lidar_camera_ros_ws/src/vimbax_ros2_driver/vimbax_camera_events'
[24.106s] INFO:colcon.colcon_core.shell:Skip shell extension 'powershell' for command environment: Not usable outside of PowerShell
[24.106s] DEBUG:colcon.colcon_core.shell:Skip shell extension 'dsv' for command environment
[24.110s] INFO:colcon.colcon_ros.task.ament_python.build:Building ROS package in '/home/root1/lzx_ws/project/lidar_camera_ros_ws/src/vimbax_camera_color_correction' with build type 'ament_python'
[24.110s] Level 1:colcon.colcon_core.shell:create_environment_hook('vimbax_camera_color_correction', 'ament_prefix_path')
[24.110s] INFO:colcon.colcon_core.shell:Creating environment hook '/home/root1/lzx_ws/project/lidar_camera_ros_ws/install/vimbax_camera_color_correction/share/vimbax_camera_color_correction/hook/ament_prefix_path.ps1'
[24.111s] INFO:colcon.colcon_core.shell:Creating environment descriptor '/home/root1/lzx_ws/project/lidar_camera_ros_ws/install/vimbax_camera_color_correction/share/vimbax_camera_color_correction/hook/ament_prefix_path.dsv'
[24.112s] INFO:colcon.colcon_core.shell:Creating environment hook '/home/root1/lzx_ws/project/lidar_camera_ros_ws/install/vimbax_camera_color_correction/share/vimbax_camera_color_correction/hook/ament_prefix_path.sh'
[24.112s] INFO:colcon.colcon_core.shell:Skip shell extension 'powershell' for command environment: Not usable outside of PowerShell
[24.112s] DEBUG:colcon.colcon_core.shell:Skip shell extension 'dsv' for command environment
[24.120s] DEBUG:colcon.colcon_core.event_handler.log_command:Invoking command in '/home/root1/lzx_ws/project/lidar_camera_ros_ws/build/vimbax_camera_events': CMAKE_PREFIX_PATH=/home/root1/lzx_ws/project/lidar_camera_ros_ws/install/vimbax_camera_msgs:/home/root1/lzx_ws/project/lidar_camera_ros_ws/install/vimbax_camera:/home/root1/lzx_ws/project/lidar_camera_ros_ws/install/vmbc_interface:/home/root1/lzx_ws/project/lidar_camera_ros_ws/install/vimbax_camera_examples:/home/root1/lzx_ws/project/lidar_camera_ros_ws/install/vimbax_camera_events:/home/root1/lzx_ws/project/lidar_camera_ros_ws/install/vimbax_camera_color_correction_cpp:/home/root1/lzx_ws/project/lidar_camera_ros_ws/install/rslidar_sdk:/home/root1/lzx_ws/project/lidar_camera_ros_ws/install/rslidar_msg:/home/root1/ros2_ws/install/robot_interface:/opt/ros/humble:/home/root1/lzx_ws/project/lidar_camera_ros_ws/install/vimbax_camera_color_correction LD_LIBRARY_PATH=/home/root1/lzx_ws/project/lidar_camera_ros_ws/install/vimbax_camera_msgs/lib:/home/root1/lzx_ws/project/lidar_camera_ros_ws/install/vimbax_camera/lib:/home/root1/lzx_ws/project/lidar_camera_ros_ws/install/vimbax_camera_examples/lib:/home/root1/lzx_ws/project/lidar_camera_ros_ws/install/vimbax_camera_events/lib:/home/root1/lzx_ws/project/lidar_camera_ros_ws/install/vimbax_camera_color_correction_cpp/lib:/home/root1/lzx_ws/project/lidar_camera_ros_ws/install/rslidar_msg/lib:/home/root1/.local/lib:/home/root1/ros2_ws/install/robot_interface/lib:/opt/ros/humble/opt/rviz_ogre_vendor/lib:/opt/ros/humble/lib/x86_64-linux-gnu:/opt/ros/humble/lib:/usr/local/cuda-12.2/lib64:/usr/local/cuda-12.2/lib64:/usr/local/cuda-12.2/lib64 /usr/bin/cmake /home/root1/lzx_ws/project/lidar_camera_ros_ws/src/vimbax_ros2_driver/vimbax_camera_events -DCMAKE_INSTALL_PREFIX=/home/root1/lzx_ws/project/lidar_camera_ros_ws/install/vimbax_camera_events
[24.389s] INFO:colcon.colcon_core.task.python.build:Building Python package in '/home/root1/lzx_ws/project/lidar_camera_ros_ws/src/vimbax_camera_color_correction'
[24.389s] INFO:colcon.colcon_core.shell:Skip shell extension 'powershell' for command environment: Not usable outside of PowerShell
[24.389s] DEBUG:colcon.colcon_core.shell:Skip shell extension 'dsv' for command environment
[25.231s] DEBUG:colcon.colcon_core.event_handler.log_command:Invoking command in '/home/root1/lzx_ws/project/lidar_camera_ros_ws/src/vimbax_camera_color_correction': CMAKE_PREFIX_PATH=/home/root1/lzx_ws/project/lidar_camera_ros_ws/install/vimbax_camera_msgs:/home/root1/lzx_ws/project/lidar_camera_ros_ws/install/vimbax_camera:/home/root1/lzx_ws/project/lidar_camera_ros_ws/install/vmbc_interface:/home/root1/lzx_ws/project/lidar_camera_ros_ws/install/vimbax_camera_examples:/home/root1/lzx_ws/project/lidar_camera_ros_ws/install/vimbax_camera_events:/home/root1/lzx_ws/project/lidar_camera_ros_ws/install/vimbax_camera_color_correction_cpp:/home/root1/lzx_ws/project/lidar_camera_ros_ws/install/rslidar_sdk:/home/root1/lzx_ws/project/lidar_camera_ros_ws/install/rslidar_msg:/home/root1/ros2_ws/install/robot_interface:/opt/ros/humble LD_LIBRARY_PATH=/home/root1/lzx_ws/project/lidar_camera_ros_ws/install/vimbax_camera_msgs/lib:/home/root1/lzx_ws/project/lidar_camera_ros_ws/install/vimbax_camera/lib:/home/root1/lzx_ws/project/lidar_camera_ros_ws/install/vimbax_camera_examples/lib:/home/root1/lzx_ws/project/lidar_camera_ros_ws/install/vimbax_camera_events/lib:/home/root1/lzx_ws/project/lidar_camera_ros_ws/install/vimbax_camera_color_correction_cpp/lib:/home/root1/lzx_ws/project/lidar_camera_ros_ws/install/rslidar_msg/lib:/home/root1/.local/lib:/home/root1/ros2_ws/install/robot_interface/lib:/opt/ros/humble/opt/rviz_ogre_vendor/lib:/opt/ros/humble/lib/x86_64-linux-gnu:/opt/ros/humble/lib:/usr/local/cuda-12.2/lib64:/usr/local/cuda-12.2/lib64:/usr/local/cuda-12.2/lib64 PYTHONPATH=/home/root1/lzx_ws/project/lidar_camera_ros_ws/build/vimbax_camera_color_correction/prefix_override:/usr/lib/python3/dist-packages/colcon_core/task/python/colcon_distutils_commands:/home/root1/lzx_ws/project/lidar_camera_ros_ws/install/vimbax_camera_color_correction/lib/python3.10/site-packages:${PYTHONPATH} /usr/bin/python3 -W ignore:setup.py install is deprecated -W ignore:easy_install command is deprecated setup.py egg_info --egg-base ../../build/vimbax_camera_color_correction build --build-base /home/root1/lzx_ws/project/lidar_camera_ros_ws/build/vimbax_camera_color_correction/build install --record /home/root1/lzx_ws/project/lidar_camera_ros_ws/build/vimbax_camera_color_correction/install.log --single-version-externally-managed install_data
[25.532s] DEBUG:colcon.colcon_core.event_handler.log_command:Invoked command in '/home/root1/lzx_ws/project/lidar_camera_ros_ws/build/vimbax_camera_events' returned '0': CMAKE_PREFIX_PATH=/home/root1/lzx_ws/project/lidar_camera_ros_ws/install/vimbax_camera_msgs:/home/root1/lzx_ws/project/lidar_camera_ros_ws/install/vimbax_camera:/home/root1/lzx_ws/project/lidar_camera_ros_ws/install/vmbc_interface:/home/root1/lzx_ws/project/lidar_camera_ros_ws/install/vimbax_camera_examples:/home/root1/lzx_ws/project/lidar_camera_ros_ws/install/vimbax_camera_events:/home/root1/lzx_ws/project/lidar_camera_ros_ws/install/vimbax_camera_color_correction_cpp:/home/root1/lzx_ws/project/lidar_camera_ros_ws/install/rslidar_sdk:/home/root1/lzx_ws/project/lidar_camera_ros_ws/install/rslidar_msg:/home/root1/ros2_ws/install/robot_interface:/opt/ros/humble:/home/root1/lzx_ws/project/lidar_camera_ros_ws/install/vimbax_camera_color_correction LD_LIBRARY_PATH=/home/root1/lzx_ws/project/lidar_camera_ros_ws/install/vimbax_camera_msgs/lib:/home/root1/lzx_ws/project/lidar_camera_ros_ws/install/vimbax_camera/lib:/home/root1/lzx_ws/project/lidar_camera_ros_ws/install/vimbax_camera_examples/lib:/home/root1/lzx_ws/project/lidar_camera_ros_ws/install/vimbax_camera_events/lib:/home/root1/lzx_ws/project/lidar_camera_ros_ws/install/vimbax_camera_color_correction_cpp/lib:/home/root1/lzx_ws/project/lidar_camera_ros_ws/install/rslidar_msg/lib:/home/root1/.local/lib:/home/root1/ros2_ws/install/robot_interface/lib:/opt/ros/humble/opt/rviz_ogre_vendor/lib:/opt/ros/humble/lib/x86_64-linux-gnu:/opt/ros/humble/lib:/usr/local/cuda-12.2/lib64:/usr/local/cuda-12.2/lib64:/usr/local/cuda-12.2/lib64 /usr/bin/cmake /home/root1/lzx_ws/project/lidar_camera_ros_ws/src/vimbax_ros2_driver/vimbax_camera_events -DCMAKE_INSTALL_PREFIX=/home/root1/lzx_ws/project/lidar_camera_ros_ws/install/vimbax_camera_events
[25.535s] DEBUG:colcon.colcon_core.event_handler.log_command:Invoking command in '/home/root1/lzx_ws/project/lidar_camera_ros_ws/build/vimbax_camera_events': CMAKE_PREFIX_PATH=/home/root1/lzx_ws/project/lidar_camera_ros_ws/install/vimbax_camera_msgs:/home/root1/lzx_ws/project/lidar_camera_ros_ws/install/vimbax_camera:/home/root1/lzx_ws/project/lidar_camera_ros_ws/install/vmbc_interface:/home/root1/lzx_ws/project/lidar_camera_ros_ws/install/vimbax_camera_examples:/home/root1/lzx_ws/project/lidar_camera_ros_ws/install/vimbax_camera_events:/home/root1/lzx_ws/project/lidar_camera_ros_ws/install/vimbax_camera_color_correction_cpp:/home/root1/lzx_ws/project/lidar_camera_ros_ws/install/rslidar_sdk:/home/root1/lzx_ws/project/lidar_camera_ros_ws/install/rslidar_msg:/home/root1/ros2_ws/install/robot_interface:/opt/ros/humble:/home/root1/lzx_ws/project/lidar_camera_ros_ws/install/vimbax_camera_color_correction LD_LIBRARY_PATH=/home/root1/lzx_ws/project/lidar_camera_ros_ws/install/vimbax_camera_msgs/lib:/home/root1/lzx_ws/project/lidar_camera_ros_ws/install/vimbax_camera/lib:/home/root1/lzx_ws/project/lidar_camera_ros_ws/install/vimbax_camera_examples/lib:/home/root1/lzx_ws/project/lidar_camera_ros_ws/install/vimbax_camera_events/lib:/home/root1/lzx_ws/project/lidar_camera_ros_ws/install/vimbax_camera_color_correction_cpp/lib:/home/root1/lzx_ws/project/lidar_camera_ros_ws/install/rslidar_msg/lib:/home/root1/.local/lib:/home/root1/ros2_ws/install/robot_interface/lib:/opt/ros/humble/opt/rviz_ogre_vendor/lib:/opt/ros/humble/lib/x86_64-linux-gnu:/opt/ros/humble/lib:/usr/local/cuda-12.2/lib64:/usr/local/cuda-12.2/lib64:/usr/local/cuda-12.2/lib64 /usr/bin/cmake --build /home/root1/lzx_ws/project/lidar_camera_ros_ws/build/vimbax_camera_events -- -j16 -l16
[25.976s] Level 1:colcon.colcon_core.environment:checking '/home/root1/lzx_ws/project/lidar_camera_ros_ws/install/vimbax_camera_color_correction' for CMake module files
[25.977s] DEBUG:colcon.colcon_core.event_handler.log_command:Invoked command in '/home/root1/lzx_ws/project/lidar_camera_ros_ws/src/vimbax_camera_color_correction' returned '0': CMAKE_PREFIX_PATH=/home/root1/lzx_ws/project/lidar_camera_ros_ws/install/vimbax_camera_msgs:/home/root1/lzx_ws/project/lidar_camera_ros_ws/install/vimbax_camera:/home/root1/lzx_ws/project/lidar_camera_ros_ws/install/vmbc_interface:/home/root1/lzx_ws/project/lidar_camera_ros_ws/install/vimbax_camera_examples:/home/root1/lzx_ws/project/lidar_camera_ros_ws/install/vimbax_camera_events:/home/root1/lzx_ws/project/lidar_camera_ros_ws/install/vimbax_camera_color_correction_cpp:/home/root1/lzx_ws/project/lidar_camera_ros_ws/install/rslidar_sdk:/home/root1/lzx_ws/project/lidar_camera_ros_ws/install/rslidar_msg:/home/root1/ros2_ws/install/robot_interface:/opt/ros/humble LD_LIBRARY_PATH=/home/root1/lzx_ws/project/lidar_camera_ros_ws/install/vimbax_camera_msgs/lib:/home/root1/lzx_ws/project/lidar_camera_ros_ws/install/vimbax_camera/lib:/home/root1/lzx_ws/project/lidar_camera_ros_ws/install/vimbax_camera_examples/lib:/home/root1/lzx_ws/project/lidar_camera_ros_ws/install/vimbax_camera_events/lib:/home/root1/lzx_ws/project/lidar_camera_ros_ws/install/vimbax_camera_color_correction_cpp/lib:/home/root1/lzx_ws/project/lidar_camera_ros_ws/install/rslidar_msg/lib:/home/root1/.local/lib:/home/root1/ros2_ws/install/robot_interface/lib:/opt/ros/humble/opt/rviz_ogre_vendor/lib:/opt/ros/humble/lib/x86_64-linux-gnu:/opt/ros/humble/lib:/usr/local/cuda-12.2/lib64:/usr/local/cuda-12.2/lib64:/usr/local/cuda-12.2/lib64 PYTHONPATH=/home/root1/lzx_ws/project/lidar_camera_ros_ws/build/vimbax_camera_color_correction/prefix_override:/usr/lib/python3/dist-packages/colcon_core/task/python/colcon_distutils_commands:/home/root1/lzx_ws/project/lidar_camera_ros_ws/install/vimbax_camera_color_correction/lib/python3.10/site-packages:${PYTHONPATH} /usr/bin/python3 -W ignore:setup.py install is deprecated -W ignore:easy_install command is deprecated setup.py egg_info --egg-base ../../build/vimbax_camera_color_correction build --build-base /home/root1/lzx_ws/project/lidar_camera_ros_ws/build/vimbax_camera_color_correction/build install --record /home/root1/lzx_ws/project/lidar_camera_ros_ws/build/vimbax_camera_color_correction/install.log --single-version-externally-managed install_data
[25.978s] Level 1:colcon.colcon_core.environment:checking '/home/root1/lzx_ws/project/lidar_camera_ros_ws/install/vimbax_camera_color_correction' for CMake config files
[25.979s] Level 1:colcon.colcon_core.environment:checking '/home/root1/lzx_ws/project/lidar_camera_ros_ws/install/vimbax_camera_color_correction/lib'
[25.979s] Level 1:colcon.colcon_core.environment:checking '/home/root1/lzx_ws/project/lidar_camera_ros_ws/install/vimbax_camera_color_correction/bin'
[25.979s] Level 1:colcon.colcon_core.environment:checking '/home/root1/lzx_ws/project/lidar_camera_ros_ws/install/vimbax_camera_color_correction/lib/pkgconfig/vimbax_camera_color_correction.pc'
[25.979s] Level 1:colcon.colcon_core.environment:checking '/home/root1/lzx_ws/project/lidar_camera_ros_ws/install/vimbax_camera_color_correction/lib/python3.10/site-packages'
[25.979s] Level 1:colcon.colcon_core.shell:create_environment_hook('vimbax_camera_color_correction', 'pythonpath')
[25.980s] INFO:colcon.colcon_core.shell:Creating environment hook '/home/root1/lzx_ws/project/lidar_camera_ros_ws/install/vimbax_camera_color_correction/share/vimbax_camera_color_correction/hook/pythonpath.ps1'
[25.980s] INFO:colcon.colcon_core.shell:Creating environment descriptor '/home/root1/lzx_ws/project/lidar_camera_ros_ws/install/vimbax_camera_color_correction/share/vimbax_camera_color_correction/hook/pythonpath.dsv'
[25.981s] INFO:colcon.colcon_core.shell:Creating environment hook '/home/root1/lzx_ws/project/lidar_camera_ros_ws/install/vimbax_camera_color_correction/share/vimbax_camera_color_correction/hook/pythonpath.sh'
[25.982s] Level 1:colcon.colcon_core.environment:checking '/home/root1/lzx_ws/project/lidar_camera_ros_ws/install/vimbax_camera_color_correction/bin'
[25.982s] Level 1:colcon.colcon_core.environment:create_environment_scripts_only(vimbax_camera_color_correction)
[25.982s] INFO:colcon.colcon_core.shell:Creating package script '/home/root1/lzx_ws/project/lidar_camera_ros_ws/install/vimbax_camera_color_correction/share/vimbax_camera_color_correction/package.ps1'
[25.983s] INFO:colcon.colcon_core.shell:Creating package descriptor '/home/root1/lzx_ws/project/lidar_camera_ros_ws/install/vimbax_camera_color_correction/share/vimbax_camera_color_correction/package.dsv'
[25.983s] INFO:colcon.colcon_core.shell:Creating package script '/home/root1/lzx_ws/project/lidar_camera_ros_ws/install/vimbax_camera_color_correction/share/vimbax_camera_color_correction/package.sh'
[25.984s] INFO:colcon.colcon_core.shell:Creating package script '/home/root1/lzx_ws/project/lidar_camera_ros_ws/install/vimbax_camera_color_correction/share/vimbax_camera_color_correction/package.bash'
[25.984s] INFO:colcon.colcon_core.shell:Creating package script '/home/root1/lzx_ws/project/lidar_camera_ros_ws/install/vimbax_camera_color_correction/share/vimbax_camera_color_correction/package.zsh'
[25.985s] Level 1:colcon.colcon_core.environment:create_file_with_runtime_dependencies(/home/root1/lzx_ws/project/lidar_camera_ros_ws/install/vimbax_camera_color_correction/share/colcon-core/packages/vimbax_camera_color_correction)
[33.069s] DEBUG:colcon.colcon_core.event_handler.log_command:Invoked command in '/home/root1/lzx_ws/project/lidar_camera_ros_ws/build/vimbax_camera_events' returned '0': CMAKE_PREFIX_PATH=/home/root1/lzx_ws/project/lidar_camera_ros_ws/install/vimbax_camera_msgs:/home/root1/lzx_ws/project/lidar_camera_ros_ws/install/vimbax_camera:/home/root1/lzx_ws/project/lidar_camera_ros_ws/install/vmbc_interface:/home/root1/lzx_ws/project/lidar_camera_ros_ws/install/vimbax_camera_examples:/home/root1/lzx_ws/project/lidar_camera_ros_ws/install/vimbax_camera_events:/home/root1/lzx_ws/project/lidar_camera_ros_ws/install/vimbax_camera_color_correction_cpp:/home/root1/lzx_ws/project/lidar_camera_ros_ws/install/rslidar_sdk:/home/root1/lzx_ws/project/lidar_camera_ros_ws/install/rslidar_msg:/home/root1/ros2_ws/install/robot_interface:/opt/ros/humble:/home/root1/lzx_ws/project/lidar_camera_ros_ws/install/vimbax_camera_color_correction LD_LIBRARY_PATH=/home/root1/lzx_ws/project/lidar_camera_ros_ws/install/vimbax_camera_msgs/lib:/home/root1/lzx_ws/project/lidar_camera_ros_ws/install/vimbax_camera/lib:/home/root1/lzx_ws/project/lidar_camera_ros_ws/install/vimbax_camera_examples/lib:/home/root1/lzx_ws/project/lidar_camera_ros_ws/install/vimbax_camera_events/lib:/home/root1/lzx_ws/project/lidar_camera_ros_ws/install/vimbax_camera_color_correction_cpp/lib:/home/root1/lzx_ws/project/lidar_camera_ros_ws/install/rslidar_msg/lib:/home/root1/.local/lib:/home/root1/ros2_ws/install/robot_interface/lib:/opt/ros/humble/opt/rviz_ogre_vendor/lib:/opt/ros/humble/lib/x86_64-linux-gnu:/opt/ros/humble/lib:/usr/local/cuda-12.2/lib64:/usr/local/cuda-12.2/lib64:/usr/local/cuda-12.2/lib64 /usr/bin/cmake --build /home/root1/lzx_ws/project/lidar_camera_ros_ws/build/vimbax_camera_events -- -j16 -l16
[33.071s] DEBUG:colcon.colcon_core.event_handler.log_command:Invoking command in '/home/root1/lzx_ws/project/lidar_camera_ros_ws/build/vimbax_camera_events': CMAKE_PREFIX_PATH=/home/root1/lzx_ws/project/lidar_camera_ros_ws/install/vimbax_camera_msgs:/home/root1/lzx_ws/project/lidar_camera_ros_ws/install/vimbax_camera:/home/root1/lzx_ws/project/lidar_camera_ros_ws/install/vmbc_interface:/home/root1/lzx_ws/project/lidar_camera_ros_ws/install/vimbax_camera_examples:/home/root1/lzx_ws/project/lidar_camera_ros_ws/install/vimbax_camera_events:/home/root1/lzx_ws/project/lidar_camera_ros_ws/install/vimbax_camera_color_correction_cpp:/home/root1/lzx_ws/project/lidar_camera_ros_ws/install/rslidar_sdk:/home/root1/lzx_ws/project/lidar_camera_ros_ws/install/rslidar_msg:/home/root1/ros2_ws/install/robot_interface:/opt/ros/humble:/home/root1/lzx_ws/project/lidar_camera_ros_ws/install/vimbax_camera_color_correction LD_LIBRARY_PATH=/home/root1/lzx_ws/project/lidar_camera_ros_ws/install/vimbax_camera_msgs/lib:/home/root1/lzx_ws/project/lidar_camera_ros_ws/install/vimbax_camera/lib:/home/root1/lzx_ws/project/lidar_camera_ros_ws/install/vimbax_camera_examples/lib:/home/root1/lzx_ws/project/lidar_camera_ros_ws/install/vimbax_camera_events/lib:/home/root1/lzx_ws/project/lidar_camera_ros_ws/install/vimbax_camera_color_correction_cpp/lib:/home/root1/lzx_ws/project/lidar_camera_ros_ws/install/rslidar_msg/lib:/home/root1/.local/lib:/home/root1/ros2_ws/install/robot_interface/lib:/opt/ros/humble/opt/rviz_ogre_vendor/lib:/opt/ros/humble/lib/x86_64-linux-gnu:/opt/ros/humble/lib:/usr/local/cuda-12.2/lib64:/usr/local/cuda-12.2/lib64:/usr/local/cuda-12.2/lib64 /usr/bin/cmake --install /home/root1/lzx_ws/project/lidar_camera_ros_ws/build/vimbax_camera_events
[33.130s] Level 1:colcon.colcon_core.environment:create_environment_scripts_only(vimbax_camera_events)
[33.130s] Level 1:colcon.colcon_core.environment:checking '/home/root1/lzx_ws/project/lidar_camera_ros_ws/install/vimbax_camera_events' for CMake module files
[33.131s] DEBUG:colcon.colcon_core.event_handler.log_command:Invoked command in '/home/root1/lzx_ws/project/lidar_camera_ros_ws/build/vimbax_camera_events' returned '0': CMAKE_PREFIX_PATH=/home/root1/lzx_ws/project/lidar_camera_ros_ws/install/vimbax_camera_msgs:/home/root1/lzx_ws/project/lidar_camera_ros_ws/install/vimbax_camera:/home/root1/lzx_ws/project/lidar_camera_ros_ws/install/vmbc_interface:/home/root1/lzx_ws/project/lidar_camera_ros_ws/install/vimbax_camera_examples:/home/root1/lzx_ws/project/lidar_camera_ros_ws/install/vimbax_camera_events:/home/root1/lzx_ws/project/lidar_camera_ros_ws/install/vimbax_camera_color_correction_cpp:/home/root1/lzx_ws/project/lidar_camera_ros_ws/install/rslidar_sdk:/home/root1/lzx_ws/project/lidar_camera_ros_ws/install/rslidar_msg:/home/root1/ros2_ws/install/robot_interface:/opt/ros/humble:/home/root1/lzx_ws/project/lidar_camera_ros_ws/install/vimbax_camera_color_correction LD_LIBRARY_PATH=/home/root1/lzx_ws/project/lidar_camera_ros_ws/install/vimbax_camera_msgs/lib:/home/root1/lzx_ws/project/lidar_camera_ros_ws/install/vimbax_camera/lib:/home/root1/lzx_ws/project/lidar_camera_ros_ws/install/vimbax_camera_examples/lib:/home/root1/lzx_ws/project/lidar_camera_ros_ws/install/vimbax_camera_events/lib:/home/root1/lzx_ws/project/lidar_camera_ros_ws/install/vimbax_camera_color_correction_cpp/lib:/home/root1/lzx_ws/project/lidar_camera_ros_ws/install/rslidar_msg/lib:/home/root1/.local/lib:/home/root1/ros2_ws/install/robot_interface/lib:/opt/ros/humble/opt/rviz_ogre_vendor/lib:/opt/ros/humble/lib/x86_64-linux-gnu:/opt/ros/humble/lib:/usr/local/cuda-12.2/lib64:/usr/local/cuda-12.2/lib64:/usr/local/cuda-12.2/lib64 /usr/bin/cmake --install /home/root1/lzx_ws/project/lidar_camera_ros_ws/build/vimbax_camera_events
[33.131s] Level 1:colcon.colcon_core.environment:checking '/home/root1/lzx_ws/project/lidar_camera_ros_ws/install/vimbax_camera_events' for CMake config files
[33.131s] Level 1:colcon.colcon_core.shell:create_environment_hook('vimbax_camera_events', 'cmake_prefix_path')
[33.131s] INFO:colcon.colcon_core.shell:Creating environment hook '/home/root1/lzx_ws/project/lidar_camera_ros_ws/install/vimbax_camera_events/share/vimbax_camera_events/hook/cmake_prefix_path.ps1'
[33.132s] INFO:colcon.colcon_core.shell:Creating environment descriptor '/home/root1/lzx_ws/project/lidar_camera_ros_ws/install/vimbax_camera_events/share/vimbax_camera_events/hook/cmake_prefix_path.dsv'
[33.132s] INFO:colcon.colcon_core.shell:Creating environment hook '/home/root1/lzx_ws/project/lidar_camera_ros_ws/install/vimbax_camera_events/share/vimbax_camera_events/hook/cmake_prefix_path.sh'
[33.133s] Level 1:colcon.colcon_core.environment:checking '/home/root1/lzx_ws/project/lidar_camera_ros_ws/install/vimbax_camera_events/lib'
[33.133s] Level 1:colcon.colcon_core.shell:create_environment_hook('vimbax_camera_events', 'ld_library_path_lib')
[33.133s] INFO:colcon.colcon_core.shell:Creating environment hook '/home/root1/lzx_ws/project/lidar_camera_ros_ws/install/vimbax_camera_events/share/vimbax_camera_events/hook/ld_library_path_lib.ps1'
[33.133s] INFO:colcon.colcon_core.shell:Creating environment descriptor '/home/root1/lzx_ws/project/lidar_camera_ros_ws/install/vimbax_camera_events/share/vimbax_camera_events/hook/ld_library_path_lib.dsv'
[33.134s] INFO:colcon.colcon_core.shell:Creating environment hook '/home/root1/lzx_ws/project/lidar_camera_ros_ws/install/vimbax_camera_events/share/vimbax_camera_events/hook/ld_library_path_lib.sh'
[33.134s] Level 1:colcon.colcon_core.environment:checking '/home/root1/lzx_ws/project/lidar_camera_ros_ws/install/vimbax_camera_events/bin'
[33.134s] Level 1:colcon.colcon_core.environment:checking '/home/root1/lzx_ws/project/lidar_camera_ros_ws/install/vimbax_camera_events/lib/pkgconfig/vimbax_camera_events.pc'
[33.134s] Level 1:colcon.colcon_core.environment:checking '/home/root1/lzx_ws/project/lidar_camera_ros_ws/install/vimbax_camera_events/lib/python3.10/site-packages'
[33.134s] Level 1:colcon.colcon_core.environment:checking '/home/root1/lzx_ws/project/lidar_camera_ros_ws/install/vimbax_camera_events/bin'
[33.135s] INFO:colcon.colcon_core.shell:Creating package script '/home/root1/lzx_ws/project/lidar_camera_ros_ws/install/vimbax_camera_events/share/vimbax_camera_events/package.ps1'
[33.135s] INFO:colcon.colcon_core.shell:Creating package descriptor '/home/root1/lzx_ws/project/lidar_camera_ros_ws/install/vimbax_camera_events/share/vimbax_camera_events/package.dsv'
[33.139s] INFO:colcon.colcon_core.shell:Creating package script '/home/root1/lzx_ws/project/lidar_camera_ros_ws/install/vimbax_camera_events/share/vimbax_camera_events/package.sh'
[33.140s] INFO:colcon.colcon_core.shell:Creating package script '/home/root1/lzx_ws/project/lidar_camera_ros_ws/install/vimbax_camera_events/share/vimbax_camera_events/package.bash'
[33.140s] INFO:colcon.colcon_core.shell:Creating package script '/home/root1/lzx_ws/project/lidar_camera_ros_ws/install/vimbax_camera_events/share/vimbax_camera_events/package.zsh'
[33.141s] Level 1:colcon.colcon_core.environment:create_file_with_runtime_dependencies(/home/root1/lzx_ws/project/lidar_camera_ros_ws/install/vimbax_camera_events/share/colcon-core/packages/vimbax_camera_events)
[33.141s] Level 1:colcon.colcon_core.environment:create_environment_scripts_only(vimbax_camera_events)
[33.141s] Level 1:colcon.colcon_core.environment:checking '/home/root1/lzx_ws/project/lidar_camera_ros_ws/install/vimbax_camera_events' for CMake module files
[33.142s] Level 1:colcon.colcon_core.environment:checking '/home/root1/lzx_ws/project/lidar_camera_ros_ws/install/vimbax_camera_events' for CMake config files
[33.142s] Level 1:colcon.colcon_core.shell:create_environment_hook('vimbax_camera_events', 'cmake_prefix_path')
[33.142s] INFO:colcon.colcon_core.shell:Creating environment hook '/home/root1/lzx_ws/project/lidar_camera_ros_ws/install/vimbax_camera_events/share/vimbax_camera_events/hook/cmake_prefix_path.ps1'
[33.147s] INFO:colcon.colcon_core.shell:Creating environment descriptor '/home/root1/lzx_ws/project/lidar_camera_ros_ws/install/vimbax_camera_events/share/vimbax_camera_events/hook/cmake_prefix_path.dsv'
[33.152s] INFO:colcon.colcon_core.shell:Creating environment hook '/home/root1/lzx_ws/project/lidar_camera_ros_ws/install/vimbax_camera_events/share/vimbax_camera_events/hook/cmake_prefix_path.sh'
[33.154s] Level 1:colcon.colcon_core.environment:checking '/home/root1/lzx_ws/project/lidar_camera_ros_ws/install/vimbax_camera_events/lib'
[33.154s] Level 1:colcon.colcon_core.shell:create_environment_hook('vimbax_camera_events', 'ld_library_path_lib')
[33.154s] INFO:colcon.colcon_core.shell:Creating environment hook '/home/root1/lzx_ws/project/lidar_camera_ros_ws/install/vimbax_camera_events/share/vimbax_camera_events/hook/ld_library_path_lib.ps1'
[33.157s] INFO:colcon.colcon_core.shell:Creating environment descriptor '/home/root1/lzx_ws/project/lidar_camera_ros_ws/install/vimbax_camera_events/share/vimbax_camera_events/hook/ld_library_path_lib.dsv'
[33.158s] INFO:colcon.colcon_core.shell:Creating environment hook '/home/root1/lzx_ws/project/lidar_camera_ros_ws/install/vimbax_camera_events/share/vimbax_camera_events/hook/ld_library_path_lib.sh'
[33.161s] Level 1:colcon.colcon_core.environment:checking '/home/root1/lzx_ws/project/lidar_camera_ros_ws/install/vimbax_camera_events/bin'
[33.161s] Level 1:colcon.colcon_core.environment:checking '/home/root1/lzx_ws/project/lidar_camera_ros_ws/install/vimbax_camera_events/lib/pkgconfig/vimbax_camera_events.pc'
[33.161s] Level 1:colcon.colcon_core.environment:checking '/home/root1/lzx_ws/project/lidar_camera_ros_ws/install/vimbax_camera_events/lib/python3.10/site-packages'
[33.161s] Level 1:colcon.colcon_core.environment:checking '/home/root1/lzx_ws/project/lidar_camera_ros_ws/install/vimbax_camera_events/bin'
[33.162s] INFO:colcon.colcon_core.shell:Creating package script '/home/root1/lzx_ws/project/lidar_camera_ros_ws/install/vimbax_camera_events/share/vimbax_camera_events/package.ps1'
[33.169s] INFO:colcon.colcon_core.shell:Creating package descriptor '/home/root1/lzx_ws/project/lidar_camera_ros_ws/install/vimbax_camera_events/share/vimbax_camera_events/package.dsv'
[33.173s] INFO:colcon.colcon_core.shell:Creating package script '/home/root1/lzx_ws/project/lidar_camera_ros_ws/install/vimbax_camera_events/share/vimbax_camera_events/package.sh'
[33.176s] INFO:colcon.colcon_core.shell:Creating package script '/home/root1/lzx_ws/project/lidar_camera_ros_ws/install/vimbax_camera_events/share/vimbax_camera_events/package.bash'
[33.176s] INFO:colcon.colcon_core.shell:Creating package script '/home/root1/lzx_ws/project/lidar_camera_ros_ws/install/vimbax_camera_events/share/vimbax_camera_events/package.zsh'
[33.185s] Level 1:colcon.colcon_core.environment:create_file_with_runtime_dependencies(/home/root1/lzx_ws/project/lidar_camera_ros_ws/install/vimbax_camera_events/share/colcon-core/packages/vimbax_camera_events)
[33.190s] INFO:colcon.colcon_ros.task.ament_cmake.build:Building ROS package in '/home/root1/lzx_ws/project/lidar_camera_ros_ws/src/vimbax_ros2_driver/vimbax_camera' with build type 'ament_cmake'
[33.190s] INFO:colcon.colcon_cmake.task.cmake.build:Building CMake package in '/home/root1/lzx_ws/project/lidar_camera_ros_ws/src/vimbax_ros2_driver/vimbax_camera'
[33.191s] INFO:colcon.colcon_core.shell:Skip shell extension 'powershell' for command environment: Not usable outside of PowerShell
[33.191s] DEBUG:colcon.colcon_core.shell:Skip shell extension 'dsv' for command environment
[33.196s] INFO:colcon.colcon_ros.task.ament_cmake.build:Building ROS package in '/home/root1/lzx_ws/project/lidar_camera_ros_ws/src/vimbax_ros2_driver/vimbax_camera_examples' with build type 'ament_cmake'
[33.196s] INFO:colcon.colcon_cmake.task.cmake.build:Building CMake package in '/home/root1/lzx_ws/project/lidar_camera_ros_ws/src/vimbax_ros2_driver/vimbax_camera_examples'
[33.196s] INFO:colcon.colcon_core.shell:Skip shell extension 'powershell' for command environment: Not usable outside of PowerShell
[33.196s] DEBUG:colcon.colcon_core.shell:Skip shell extension 'dsv' for command environment
[33.232s] DEBUG:colcon.colcon_core.event_handler.log_command:Invoking command in '/home/root1/lzx_ws/project/lidar_camera_ros_ws/build/vimbax_camera_examples': CMAKE_PREFIX_PATH=/home/root1/lzx_ws/project/lidar_camera_ros_ws/install/vimbax_camera_events:/home/root1/lzx_ws/project/lidar_camera_ros_ws/install/vimbax_camera_msgs:/home/root1/lzx_ws/project/lidar_camera_ros_ws/install/vimbax_camera:/home/root1/lzx_ws/project/lidar_camera_ros_ws/install/vmbc_interface:/home/root1/lzx_ws/project/lidar_camera_ros_ws/install/vimbax_camera_examples:/home/root1/lzx_ws/project/lidar_camera_ros_ws/install/vimbax_camera_color_correction_cpp:/home/root1/lzx_ws/project/lidar_camera_ros_ws/install/rslidar_sdk:/home/root1/lzx_ws/project/lidar_camera_ros_ws/install/rslidar_msg:/home/root1/ros2_ws/install/robot_interface:/opt/ros/humble:/home/root1/lzx_ws/project/lidar_camera_ros_ws/install/vimbax_camera_color_correction LD_LIBRARY_PATH=/home/root1/lzx_ws/project/lidar_camera_ros_ws/install/vimbax_camera_events/lib:/home/root1/lzx_ws/project/lidar_camera_ros_ws/install/vimbax_camera_msgs/lib:/home/root1/lzx_ws/project/lidar_camera_ros_ws/install/vimbax_camera/lib:/home/root1/lzx_ws/project/lidar_camera_ros_ws/install/vimbax_camera_examples/lib:/home/root1/lzx_ws/project/lidar_camera_ros_ws/install/vimbax_camera_color_correction_cpp/lib:/home/root1/lzx_ws/project/lidar_camera_ros_ws/install/rslidar_msg/lib:/home/root1/.local/lib:/home/root1/ros2_ws/install/robot_interface/lib:/opt/ros/humble/opt/rviz_ogre_vendor/lib:/opt/ros/humble/lib/x86_64-linux-gnu:/opt/ros/humble/lib:/usr/local/cuda-12.2/lib64:/usr/local/cuda-12.2/lib64:/usr/local/cuda-12.2/lib64 /usr/bin/cmake /home/root1/lzx_ws/project/lidar_camera_ros_ws/src/vimbax_ros2_driver/vimbax_camera_examples -DCMAKE_INSTALL_PREFIX=/home/root1/lzx_ws/project/lidar_camera_ros_ws/install/vimbax_camera_examples
[33.238s] DEBUG:colcon.colcon_core.event_handler.log_command:Invoking command in '/home/root1/lzx_ws/project/lidar_camera_ros_ws/build/vimbax_camera': CMAKE_PREFIX_PATH=/home/root1/lzx_ws/project/lidar_camera_ros_ws/install/vimbax_camera_events:/home/root1/lzx_ws/project/lidar_camera_ros_ws/install/vmbc_interface:/home/root1/lzx_ws/project/lidar_camera_ros_ws/install/vimbax_camera_msgs:/home/root1/lzx_ws/project/lidar_camera_ros_ws/install/vimbax_camera:/home/root1/lzx_ws/project/lidar_camera_ros_ws/install/vimbax_camera_examples:/home/root1/lzx_ws/project/lidar_camera_ros_ws/install/vimbax_camera_color_correction_cpp:/home/root1/lzx_ws/project/lidar_camera_ros_ws/install/rslidar_sdk:/home/root1/lzx_ws/project/lidar_camera_ros_ws/install/rslidar_msg:/home/root1/ros2_ws/install/robot_interface:/opt/ros/humble:/home/root1/lzx_ws/project/lidar_camera_ros_ws/install/vimbax_camera_color_correction LD_LIBRARY_PATH=/home/root1/lzx_ws/project/lidar_camera_ros_ws/install/vimbax_camera_events/lib:/home/root1/lzx_ws/project/lidar_camera_ros_ws/install/vimbax_camera_msgs/lib:/home/root1/lzx_ws/project/lidar_camera_ros_ws/install/vimbax_camera/lib:/home/root1/lzx_ws/project/lidar_camera_ros_ws/install/vimbax_camera_examples/lib:/home/root1/lzx_ws/project/lidar_camera_ros_ws/install/vimbax_camera_color_correction_cpp/lib:/home/root1/lzx_ws/project/lidar_camera_ros_ws/install/rslidar_msg/lib:/home/root1/.local/lib:/home/root1/ros2_ws/install/robot_interface/lib:/opt/ros/humble/opt/rviz_ogre_vendor/lib:/opt/ros/humble/lib/x86_64-linux-gnu:/opt/ros/humble/lib:/usr/local/cuda-12.2/lib64:/usr/local/cuda-12.2/lib64:/usr/local/cuda-12.2/lib64 /usr/bin/cmake /home/root1/lzx_ws/project/lidar_camera_ros_ws/src/vimbax_ros2_driver/vimbax_camera -DCMAKE_INSTALL_PREFIX=/home/root1/lzx_ws/project/lidar_camera_ros_ws/install/vimbax_camera
[33.706s] DEBUG:colcon.colcon_core.event_handler.log_command:Invoked command in '/home/root1/lzx_ws/project/lidar_camera_ros_ws/build/vimbax_camera_color_correction_cpp' returned '0': CMAKE_PREFIX_PATH=${CMAKE_PREFIX_PATH}:/home/root1/lzx_ws/project/lidar_camera_ros_ws/install/vimbax_camera_color_correction /usr/bin/cmake --build /home/root1/lzx_ws/project/lidar_camera_ros_ws/build/vimbax_camera_color_correction_cpp -- -j16 -l16
[33.707s] DEBUG:colcon.colcon_core.event_handler.log_command:Invoking command in '/home/root1/lzx_ws/project/lidar_camera_ros_ws/build/vimbax_camera_color_correction_cpp': CMAKE_PREFIX_PATH=${CMAKE_PREFIX_PATH}:/home/root1/lzx_ws/project/lidar_camera_ros_ws/install/vimbax_camera_color_correction /usr/bin/cmake --install /home/root1/lzx_ws/project/lidar_camera_ros_ws/build/vimbax_camera_color_correction_cpp
[33.759s] Level 1:colcon.colcon_core.environment:create_environment_scripts_only(vimbax_camera_color_correction_cpp)
[33.760s] Level 1:colcon.colcon_core.environment:checking '/home/root1/lzx_ws/project/lidar_camera_ros_ws/install/vimbax_camera_color_correction_cpp' for CMake module files
[33.761s] DEBUG:colcon.colcon_core.event_handler.log_command:Invoked command in '/home/root1/lzx_ws/project/lidar_camera_ros_ws/build/vimbax_camera_color_correction_cpp' returned '0': CMAKE_PREFIX_PATH=${CMAKE_PREFIX_PATH}:/home/root1/lzx_ws/project/lidar_camera_ros_ws/install/vimbax_camera_color_correction /usr/bin/cmake --install /home/root1/lzx_ws/project/lidar_camera_ros_ws/build/vimbax_camera_color_correction_cpp
[33.761s] Level 1:colcon.colcon_core.environment:checking '/home/root1/lzx_ws/project/lidar_camera_ros_ws/install/vimbax_camera_color_correction_cpp' for CMake config files
[33.763s] Level 1:colcon.colcon_core.shell:create_environment_hook('vimbax_camera_color_correction_cpp', 'cmake_prefix_path')
[33.764s] INFO:colcon.colcon_core.shell:Creating environment hook '/home/root1/lzx_ws/project/lidar_camera_ros_ws/install/vimbax_camera_color_correction_cpp/share/vimbax_camera_color_correction_cpp/hook/cmake_prefix_path.ps1'
[33.765s] INFO:colcon.colcon_core.shell:Creating environment descriptor '/home/root1/lzx_ws/project/lidar_camera_ros_ws/install/vimbax_camera_color_correction_cpp/share/vimbax_camera_color_correction_cpp/hook/cmake_prefix_path.dsv'
[33.766s] INFO:colcon.colcon_core.shell:Creating environment hook '/home/root1/lzx_ws/project/lidar_camera_ros_ws/install/vimbax_camera_color_correction_cpp/share/vimbax_camera_color_correction_cpp/hook/cmake_prefix_path.sh'
[33.766s] Level 1:colcon.colcon_core.environment:checking '/home/root1/lzx_ws/project/lidar_camera_ros_ws/install/vimbax_camera_color_correction_cpp/lib'
[33.767s] Level 1:colcon.colcon_core.shell:create_environment_hook('vimbax_camera_color_correction_cpp', 'ld_library_path_lib')
[33.767s] INFO:colcon.colcon_core.shell:Creating environment hook '/home/root1/lzx_ws/project/lidar_camera_ros_ws/install/vimbax_camera_color_correction_cpp/share/vimbax_camera_color_correction_cpp/hook/ld_library_path_lib.ps1'
[33.768s] INFO:colcon.colcon_core.shell:Creating environment descriptor '/home/root1/lzx_ws/project/lidar_camera_ros_ws/install/vimbax_camera_color_correction_cpp/share/vimbax_camera_color_correction_cpp/hook/ld_library_path_lib.dsv'
[33.768s] INFO:colcon.colcon_core.shell:Creating environment hook '/home/root1/lzx_ws/project/lidar_camera_ros_ws/install/vimbax_camera_color_correction_cpp/share/vimbax_camera_color_correction_cpp/hook/ld_library_path_lib.sh'
[33.768s] Level 1:colcon.colcon_core.environment:checking '/home/root1/lzx_ws/project/lidar_camera_ros_ws/install/vimbax_camera_color_correction_cpp/bin'
[33.768s] Level 1:colcon.colcon_core.environment:checking '/home/root1/lzx_ws/project/lidar_camera_ros_ws/install/vimbax_camera_color_correction_cpp/lib/pkgconfig/vimbax_camera_color_correction_cpp.pc'
[33.769s] Level 1:colcon.colcon_core.environment:checking '/home/root1/lzx_ws/project/lidar_camera_ros_ws/install/vimbax_camera_color_correction_cpp/lib/python3.10/site-packages'
[33.769s] Level 1:colcon.colcon_core.environment:checking '/home/root1/lzx_ws/project/lidar_camera_ros_ws/install/vimbax_camera_color_correction_cpp/bin'
[33.770s] INFO:colcon.colcon_core.shell:Creating package script '/home/root1/lzx_ws/project/lidar_camera_ros_ws/install/vimbax_camera_color_correction_cpp/share/vimbax_camera_color_correction_cpp/package.ps1'
[33.770s] INFO:colcon.colcon_core.shell:Creating package descriptor '/home/root1/lzx_ws/project/lidar_camera_ros_ws/install/vimbax_camera_color_correction_cpp/share/vimbax_camera_color_correction_cpp/package.dsv'
[33.771s] INFO:colcon.colcon_core.shell:Creating package script '/home/root1/lzx_ws/project/lidar_camera_ros_ws/install/vimbax_camera_color_correction_cpp/share/vimbax_camera_color_correction_cpp/package.sh'
[33.772s] INFO:colcon.colcon_core.shell:Creating package script '/home/root1/lzx_ws/project/lidar_camera_ros_ws/install/vimbax_camera_color_correction_cpp/share/vimbax_camera_color_correction_cpp/package.bash'
[33.773s] INFO:colcon.colcon_core.shell:Creating package script '/home/root1/lzx_ws/project/lidar_camera_ros_ws/install/vimbax_camera_color_correction_cpp/share/vimbax_camera_color_correction_cpp/package.zsh'
[33.774s] Level 1:colcon.colcon_core.environment:create_file_with_runtime_dependencies(/home/root1/lzx_ws/project/lidar_camera_ros_ws/install/vimbax_camera_color_correction_cpp/share/colcon-core/packages/vimbax_camera_color_correction_cpp)
[33.775s] Level 1:colcon.colcon_core.environment:create_environment_scripts_only(vimbax_camera_color_correction_cpp)
[33.776s] Level 1:colcon.colcon_core.environment:checking '/home/root1/lzx_ws/project/lidar_camera_ros_ws/install/vimbax_camera_color_correction_cpp' for CMake module files
[33.780s] Level 1:colcon.colcon_core.environment:checking '/home/root1/lzx_ws/project/lidar_camera_ros_ws/install/vimbax_camera_color_correction_cpp' for CMake config files
[33.780s] Level 1:colcon.colcon_core.shell:create_environment_hook('vimbax_camera_color_correction_cpp', 'cmake_prefix_path')
[33.780s] INFO:colcon.colcon_core.shell:Creating environment hook '/home/root1/lzx_ws/project/lidar_camera_ros_ws/install/vimbax_camera_color_correction_cpp/share/vimbax_camera_color_correction_cpp/hook/cmake_prefix_path.ps1'
[33.782s] INFO:colcon.colcon_core.shell:Creating environment descriptor '/home/root1/lzx_ws/project/lidar_camera_ros_ws/install/vimbax_camera_color_correction_cpp/share/vimbax_camera_color_correction_cpp/hook/cmake_prefix_path.dsv'
[33.783s] INFO:colcon.colcon_core.shell:Creating environment hook '/home/root1/lzx_ws/project/lidar_camera_ros_ws/install/vimbax_camera_color_correction_cpp/share/vimbax_camera_color_correction_cpp/hook/cmake_prefix_path.sh'
[33.785s] Level 1:colcon.colcon_core.environment:checking '/home/root1/lzx_ws/project/lidar_camera_ros_ws/install/vimbax_camera_color_correction_cpp/lib'
[33.785s] Level 1:colcon.colcon_core.shell:create_environment_hook('vimbax_camera_color_correction_cpp', 'ld_library_path_lib')
[33.786s] INFO:colcon.colcon_core.shell:Creating environment hook '/home/root1/lzx_ws/project/lidar_camera_ros_ws/install/vimbax_camera_color_correction_cpp/share/vimbax_camera_color_correction_cpp/hook/ld_library_path_lib.ps1'
[33.789s] INFO:colcon.colcon_core.shell:Creating environment descriptor '/home/root1/lzx_ws/project/lidar_camera_ros_ws/install/vimbax_camera_color_correction_cpp/share/vimbax_camera_color_correction_cpp/hook/ld_library_path_lib.dsv'
[33.792s] INFO:colcon.colcon_core.shell:Creating environment hook '/home/root1/lzx_ws/project/lidar_camera_ros_ws/install/vimbax_camera_color_correction_cpp/share/vimbax_camera_color_correction_cpp/hook/ld_library_path_lib.sh'
[33.793s] Level 1:colcon.colcon_core.environment:checking '/home/root1/lzx_ws/project/lidar_camera_ros_ws/install/vimbax_camera_color_correction_cpp/bin'
[33.793s] Level 1:colcon.colcon_core.environment:checking '/home/root1/lzx_ws/project/lidar_camera_ros_ws/install/vimbax_camera_color_correction_cpp/lib/pkgconfig/vimbax_camera_color_correction_cpp.pc'
[33.793s] Level 1:colcon.colcon_core.environment:checking '/home/root1/lzx_ws/project/lidar_camera_ros_ws/install/vimbax_camera_color_correction_cpp/lib/python3.10/site-packages'
[33.793s] Level 1:colcon.colcon_core.environment:checking '/home/root1/lzx_ws/project/lidar_camera_ros_ws/install/vimbax_camera_color_correction_cpp/bin'
[33.793s] INFO:colcon.colcon_core.shell:Creating package script '/home/root1/lzx_ws/project/lidar_camera_ros_ws/install/vimbax_camera_color_correction_cpp/share/vimbax_camera_color_correction_cpp/package.ps1'
[33.795s] INFO:colcon.colcon_core.shell:Creating package descriptor '/home/root1/lzx_ws/project/lidar_camera_ros_ws/install/vimbax_camera_color_correction_cpp/share/vimbax_camera_color_correction_cpp/package.dsv'
[33.800s] INFO:colcon.colcon_core.shell:Creating package script '/home/root1/lzx_ws/project/lidar_camera_ros_ws/install/vimbax_camera_color_correction_cpp/share/vimbax_camera_color_correction_cpp/package.sh'
[33.806s] INFO:colcon.colcon_core.shell:Creating package script '/home/root1/lzx_ws/project/lidar_camera_ros_ws/install/vimbax_camera_color_correction_cpp/share/vimbax_camera_color_correction_cpp/package.bash'
[33.814s] INFO:colcon.colcon_core.shell:Creating package script '/home/root1/lzx_ws/project/lidar_camera_ros_ws/install/vimbax_camera_color_correction_cpp/share/vimbax_camera_color_correction_cpp/package.zsh'
[33.815s] Level 1:colcon.colcon_core.environment:create_file_with_runtime_dependencies(/home/root1/lzx_ws/project/lidar_camera_ros_ws/install/vimbax_camera_color_correction_cpp/share/colcon-core/packages/vimbax_camera_color_correction_cpp)
[34.955s] DEBUG:colcon.colcon_core.event_handler.log_command:Invoked command in '/home/root1/lzx_ws/project/lidar_camera_ros_ws/build/vimbax_camera_examples' returned '0': CMAKE_PREFIX_PATH=/home/root1/lzx_ws/project/lidar_camera_ros_ws/install/vimbax_camera_events:/home/root1/lzx_ws/project/lidar_camera_ros_ws/install/vimbax_camera_msgs:/home/root1/lzx_ws/project/lidar_camera_ros_ws/install/vimbax_camera:/home/root1/lzx_ws/project/lidar_camera_ros_ws/install/vmbc_interface:/home/root1/lzx_ws/project/lidar_camera_ros_ws/install/vimbax_camera_examples:/home/root1/lzx_ws/project/lidar_camera_ros_ws/install/vimbax_camera_color_correction_cpp:/home/root1/lzx_ws/project/lidar_camera_ros_ws/install/rslidar_sdk:/home/root1/lzx_ws/project/lidar_camera_ros_ws/install/rslidar_msg:/home/root1/ros2_ws/install/robot_interface:/opt/ros/humble:/home/root1/lzx_ws/project/lidar_camera_ros_ws/install/vimbax_camera_color_correction LD_LIBRARY_PATH=/home/root1/lzx_ws/project/lidar_camera_ros_ws/install/vimbax_camera_events/lib:/home/root1/lzx_ws/project/lidar_camera_ros_ws/install/vimbax_camera_msgs/lib:/home/root1/lzx_ws/project/lidar_camera_ros_ws/install/vimbax_camera/lib:/home/root1/lzx_ws/project/lidar_camera_ros_ws/install/vimbax_camera_examples/lib:/home/root1/lzx_ws/project/lidar_camera_ros_ws/install/vimbax_camera_color_correction_cpp/lib:/home/root1/lzx_ws/project/lidar_camera_ros_ws/install/rslidar_msg/lib:/home/root1/.local/lib:/home/root1/ros2_ws/install/robot_interface/lib:/opt/ros/humble/opt/rviz_ogre_vendor/lib:/opt/ros/humble/lib/x86_64-linux-gnu:/opt/ros/humble/lib:/usr/local/cuda-12.2/lib64:/usr/local/cuda-12.2/lib64:/usr/local/cuda-12.2/lib64 /usr/bin/cmake /home/root1/lzx_ws/project/lidar_camera_ros_ws/src/vimbax_ros2_driver/vimbax_camera_examples -DCMAKE_INSTALL_PREFIX=/home/root1/lzx_ws/project/lidar_camera_ros_ws/install/vimbax_camera_examples
[34.957s] DEBUG:colcon.colcon_core.event_handler.log_command:Invoking command in '/home/root1/lzx_ws/project/lidar_camera_ros_ws/build/vimbax_camera_examples': CMAKE_PREFIX_PATH=/home/root1/lzx_ws/project/lidar_camera_ros_ws/install/vimbax_camera_events:/home/root1/lzx_ws/project/lidar_camera_ros_ws/install/vimbax_camera_msgs:/home/root1/lzx_ws/project/lidar_camera_ros_ws/install/vimbax_camera:/home/root1/lzx_ws/project/lidar_camera_ros_ws/install/vmbc_interface:/home/root1/lzx_ws/project/lidar_camera_ros_ws/install/vimbax_camera_examples:/home/root1/lzx_ws/project/lidar_camera_ros_ws/install/vimbax_camera_color_correction_cpp:/home/root1/lzx_ws/project/lidar_camera_ros_ws/install/rslidar_sdk:/home/root1/lzx_ws/project/lidar_camera_ros_ws/install/rslidar_msg:/home/root1/ros2_ws/install/robot_interface:/opt/ros/humble:/home/root1/lzx_ws/project/lidar_camera_ros_ws/install/vimbax_camera_color_correction LD_LIBRARY_PATH=/home/root1/lzx_ws/project/lidar_camera_ros_ws/install/vimbax_camera_events/lib:/home/root1/lzx_ws/project/lidar_camera_ros_ws/install/vimbax_camera_msgs/lib:/home/root1/lzx_ws/project/lidar_camera_ros_ws/install/vimbax_camera/lib:/home/root1/lzx_ws/project/lidar_camera_ros_ws/install/vimbax_camera_examples/lib:/home/root1/lzx_ws/project/lidar_camera_ros_ws/install/vimbax_camera_color_correction_cpp/lib:/home/root1/lzx_ws/project/lidar_camera_ros_ws/install/rslidar_msg/lib:/home/root1/.local/lib:/home/root1/ros2_ws/install/robot_interface/lib:/opt/ros/humble/opt/rviz_ogre_vendor/lib:/opt/ros/humble/lib/x86_64-linux-gnu:/opt/ros/humble/lib:/usr/local/cuda-12.2/lib64:/usr/local/cuda-12.2/lib64:/usr/local/cuda-12.2/lib64 /usr/bin/cmake --build /home/root1/lzx_ws/project/lidar_camera_ros_ws/build/vimbax_camera_examples -- -j16 -l16
[35.040s] DEBUG:colcon.colcon_core.event_handler.log_command:Invoked command in '/home/root1/lzx_ws/project/lidar_camera_ros_ws/build/vimbax_camera' returned '0': CMAKE_PREFIX_PATH=/home/root1/lzx_ws/project/lidar_camera_ros_ws/install/vimbax_camera_events:/home/root1/lzx_ws/project/lidar_camera_ros_ws/install/vmbc_interface:/home/root1/lzx_ws/project/lidar_camera_ros_ws/install/vimbax_camera_msgs:/home/root1/lzx_ws/project/lidar_camera_ros_ws/install/vimbax_camera:/home/root1/lzx_ws/project/lidar_camera_ros_ws/install/vimbax_camera_examples:/home/root1/lzx_ws/project/lidar_camera_ros_ws/install/vimbax_camera_color_correction_cpp:/home/root1/lzx_ws/project/lidar_camera_ros_ws/install/rslidar_sdk:/home/root1/lzx_ws/project/lidar_camera_ros_ws/install/rslidar_msg:/home/root1/ros2_ws/install/robot_interface:/opt/ros/humble:/home/root1/lzx_ws/project/lidar_camera_ros_ws/install/vimbax_camera_color_correction LD_LIBRARY_PATH=/home/root1/lzx_ws/project/lidar_camera_ros_ws/install/vimbax_camera_events/lib:/home/root1/lzx_ws/project/lidar_camera_ros_ws/install/vimbax_camera_msgs/lib:/home/root1/lzx_ws/project/lidar_camera_ros_ws/install/vimbax_camera/lib:/home/root1/lzx_ws/project/lidar_camera_ros_ws/install/vimbax_camera_examples/lib:/home/root1/lzx_ws/project/lidar_camera_ros_ws/install/vimbax_camera_color_correction_cpp/lib:/home/root1/lzx_ws/project/lidar_camera_ros_ws/install/rslidar_msg/lib:/home/root1/.local/lib:/home/root1/ros2_ws/install/robot_interface/lib:/opt/ros/humble/opt/rviz_ogre_vendor/lib:/opt/ros/humble/lib/x86_64-linux-gnu:/opt/ros/humble/lib:/usr/local/cuda-12.2/lib64:/usr/local/cuda-12.2/lib64:/usr/local/cuda-12.2/lib64 /usr/bin/cmake /home/root1/lzx_ws/project/lidar_camera_ros_ws/src/vimbax_ros2_driver/vimbax_camera -DCMAKE_INSTALL_PREFIX=/home/root1/lzx_ws/project/lidar_camera_ros_ws/install/vimbax_camera
[35.042s] DEBUG:colcon.colcon_core.event_handler.log_command:Invoking command in '/home/root1/lzx_ws/project/lidar_camera_ros_ws/build/vimbax_camera': CMAKE_PREFIX_PATH=/home/root1/lzx_ws/project/lidar_camera_ros_ws/install/vimbax_camera_events:/home/root1/lzx_ws/project/lidar_camera_ros_ws/install/vmbc_interface:/home/root1/lzx_ws/project/lidar_camera_ros_ws/install/vimbax_camera_msgs:/home/root1/lzx_ws/project/lidar_camera_ros_ws/install/vimbax_camera:/home/root1/lzx_ws/project/lidar_camera_ros_ws/install/vimbax_camera_examples:/home/root1/lzx_ws/project/lidar_camera_ros_ws/install/vimbax_camera_color_correction_cpp:/home/root1/lzx_ws/project/lidar_camera_ros_ws/install/rslidar_sdk:/home/root1/lzx_ws/project/lidar_camera_ros_ws/install/rslidar_msg:/home/root1/ros2_ws/install/robot_interface:/opt/ros/humble:/home/root1/lzx_ws/project/lidar_camera_ros_ws/install/vimbax_camera_color_correction LD_LIBRARY_PATH=/home/root1/lzx_ws/project/lidar_camera_ros_ws/install/vimbax_camera_events/lib:/home/root1/lzx_ws/project/lidar_camera_ros_ws/install/vimbax_camera_msgs/lib:/home/root1/lzx_ws/project/lidar_camera_ros_ws/install/vimbax_camera/lib:/home/root1/lzx_ws/project/lidar_camera_ros_ws/install/vimbax_camera_examples/lib:/home/root1/lzx_ws/project/lidar_camera_ros_ws/install/vimbax_camera_color_correction_cpp/lib:/home/root1/lzx_ws/project/lidar_camera_ros_ws/install/rslidar_msg/lib:/home/root1/.local/lib:/home/root1/ros2_ws/install/robot_interface/lib:/opt/ros/humble/opt/rviz_ogre_vendor/lib:/opt/ros/humble/lib/x86_64-linux-gnu:/opt/ros/humble/lib:/usr/local/cuda-12.2/lib64:/usr/local/cuda-12.2/lib64:/usr/local/cuda-12.2/lib64 /usr/bin/cmake --build /home/root1/lzx_ws/project/lidar_camera_ros_ws/build/vimbax_camera -- -j16 -l16
[50.019s] DEBUG:colcon.colcon_core.event_handler.log_command:Invoked command in '/home/root1/lzx_ws/project/lidar_camera_ros_ws/build/rslidar_sdk' returned '0': CMAKE_PREFIX_PATH=/home/root1/lzx_ws/project/lidar_camera_ros_ws/install/rslidar_msg:/home/root1/lzx_ws/project/lidar_camera_ros_ws/install/vimbax_camera:/home/root1/lzx_ws/project/lidar_camera_ros_ws/install/vmbc_interface:/home/root1/lzx_ws/project/lidar_camera_ros_ws/install/vimbax_camera_examples:/home/root1/lzx_ws/project/lidar_camera_ros_ws/install/vimbax_camera_msgs:/home/root1/lzx_ws/project/lidar_camera_ros_ws/install/vimbax_camera_events:/home/root1/lzx_ws/project/lidar_camera_ros_ws/install/vimbax_camera_color_correction_cpp:/home/root1/lzx_ws/project/lidar_camera_ros_ws/install/rslidar_sdk:/home/root1/ros2_ws/install/robot_interface:/opt/ros/humble:/home/root1/lzx_ws/project/lidar_camera_ros_ws/install/vimbax_camera_color_correction LD_LIBRARY_PATH=/home/root1/lzx_ws/project/lidar_camera_ros_ws/install/rslidar_msg/lib:/home/root1/lzx_ws/project/lidar_camera_ros_ws/install/vimbax_camera/lib:/home/root1/lzx_ws/project/lidar_camera_ros_ws/install/vimbax_camera_examples/lib:/home/root1/lzx_ws/project/lidar_camera_ros_ws/install/vimbax_camera_msgs/lib:/home/root1/lzx_ws/project/lidar_camera_ros_ws/install/vimbax_camera_events/lib:/home/root1/lzx_ws/project/lidar_camera_ros_ws/install/vimbax_camera_color_correction_cpp/lib:/home/root1/.local/lib:/home/root1/ros2_ws/install/robot_interface/lib:/opt/ros/humble/opt/rviz_ogre_vendor/lib:/opt/ros/humble/lib/x86_64-linux-gnu:/opt/ros/humble/lib:/usr/local/cuda-12.2/lib64:/usr/local/cuda-12.2/lib64:/usr/local/cuda-12.2/lib64 /usr/bin/cmake --build /home/root1/lzx_ws/project/lidar_camera_ros_ws/build/rslidar_sdk -- -j16 -l16
[50.020s] DEBUG:colcon.colcon_core.event_handler.log_command:Invoking command in '/home/root1/lzx_ws/project/lidar_camera_ros_ws/build/rslidar_sdk': CMAKE_PREFIX_PATH=/home/root1/lzx_ws/project/lidar_camera_ros_ws/install/rslidar_msg:/home/root1/lzx_ws/project/lidar_camera_ros_ws/install/vimbax_camera:/home/root1/lzx_ws/project/lidar_camera_ros_ws/install/vmbc_interface:/home/root1/lzx_ws/project/lidar_camera_ros_ws/install/vimbax_camera_examples:/home/root1/lzx_ws/project/lidar_camera_ros_ws/install/vimbax_camera_msgs:/home/root1/lzx_ws/project/lidar_camera_ros_ws/install/vimbax_camera_events:/home/root1/lzx_ws/project/lidar_camera_ros_ws/install/vimbax_camera_color_correction_cpp:/home/root1/lzx_ws/project/lidar_camera_ros_ws/install/rslidar_sdk:/home/root1/ros2_ws/install/robot_interface:/opt/ros/humble:/home/root1/lzx_ws/project/lidar_camera_ros_ws/install/vimbax_camera_color_correction LD_LIBRARY_PATH=/home/root1/lzx_ws/project/lidar_camera_ros_ws/install/rslidar_msg/lib:/home/root1/lzx_ws/project/lidar_camera_ros_ws/install/vimbax_camera/lib:/home/root1/lzx_ws/project/lidar_camera_ros_ws/install/vimbax_camera_examples/lib:/home/root1/lzx_ws/project/lidar_camera_ros_ws/install/vimbax_camera_msgs/lib:/home/root1/lzx_ws/project/lidar_camera_ros_ws/install/vimbax_camera_events/lib:/home/root1/lzx_ws/project/lidar_camera_ros_ws/install/vimbax_camera_color_correction_cpp/lib:/home/root1/.local/lib:/home/root1/ros2_ws/install/robot_interface/lib:/opt/ros/humble/opt/rviz_ogre_vendor/lib:/opt/ros/humble/lib/x86_64-linux-gnu:/opt/ros/humble/lib:/usr/local/cuda-12.2/lib64:/usr/local/cuda-12.2/lib64:/usr/local/cuda-12.2/lib64 /usr/bin/cmake --install /home/root1/lzx_ws/project/lidar_camera_ros_ws/build/rslidar_sdk
[50.034s] Level 1:colcon.colcon_core.environment:create_environment_scripts_only(rslidar_sdk)
[50.035s] Level 1:colcon.colcon_core.environment:checking '/home/root1/lzx_ws/project/lidar_camera_ros_ws/install/rslidar_sdk' for CMake module files
[50.036s] DEBUG:colcon.colcon_core.event_handler.log_command:Invoked command in '/home/root1/lzx_ws/project/lidar_camera_ros_ws/build/rslidar_sdk' returned '0': CMAKE_PREFIX_PATH=/home/root1/lzx_ws/project/lidar_camera_ros_ws/install/rslidar_msg:/home/root1/lzx_ws/project/lidar_camera_ros_ws/install/vimbax_camera:/home/root1/lzx_ws/project/lidar_camera_ros_ws/install/vmbc_interface:/home/root1/lzx_ws/project/lidar_camera_ros_ws/install/vimbax_camera_examples:/home/root1/lzx_ws/project/lidar_camera_ros_ws/install/vimbax_camera_msgs:/home/root1/lzx_ws/project/lidar_camera_ros_ws/install/vimbax_camera_events:/home/root1/lzx_ws/project/lidar_camera_ros_ws/install/vimbax_camera_color_correction_cpp:/home/root1/lzx_ws/project/lidar_camera_ros_ws/install/rslidar_sdk:/home/root1/ros2_ws/install/robot_interface:/opt/ros/humble:/home/root1/lzx_ws/project/lidar_camera_ros_ws/install/vimbax_camera_color_correction LD_LIBRARY_PATH=/home/root1/lzx_ws/project/lidar_camera_ros_ws/install/rslidar_msg/lib:/home/root1/lzx_ws/project/lidar_camera_ros_ws/install/vimbax_camera/lib:/home/root1/lzx_ws/project/lidar_camera_ros_ws/install/vimbax_camera_examples/lib:/home/root1/lzx_ws/project/lidar_camera_ros_ws/install/vimbax_camera_msgs/lib:/home/root1/lzx_ws/project/lidar_camera_ros_ws/install/vimbax_camera_events/lib:/home/root1/lzx_ws/project/lidar_camera_ros_ws/install/vimbax_camera_color_correction_cpp/lib:/home/root1/.local/lib:/home/root1/ros2_ws/install/robot_interface/lib:/opt/ros/humble/opt/rviz_ogre_vendor/lib:/opt/ros/humble/lib/x86_64-linux-gnu:/opt/ros/humble/lib:/usr/local/cuda-12.2/lib64:/usr/local/cuda-12.2/lib64:/usr/local/cuda-12.2/lib64 /usr/bin/cmake --install /home/root1/lzx_ws/project/lidar_camera_ros_ws/build/rslidar_sdk
[50.038s] Level 1:colcon.colcon_core.environment:checking '/home/root1/lzx_ws/project/lidar_camera_ros_ws/install/rslidar_sdk' for CMake config files
[50.038s] Level 1:colcon.colcon_core.shell:create_environment_hook('rslidar_sdk', 'cmake_prefix_path')
[50.039s] INFO:colcon.colcon_core.shell:Creating environment hook '/home/root1/lzx_ws/project/lidar_camera_ros_ws/install/rslidar_sdk/share/rslidar_sdk/hook/cmake_prefix_path.ps1'
[50.039s] INFO:colcon.colcon_core.shell:Creating environment descriptor '/home/root1/lzx_ws/project/lidar_camera_ros_ws/install/rslidar_sdk/share/rslidar_sdk/hook/cmake_prefix_path.dsv'
[50.040s] INFO:colcon.colcon_core.shell:Creating environment hook '/home/root1/lzx_ws/project/lidar_camera_ros_ws/install/rslidar_sdk/share/rslidar_sdk/hook/cmake_prefix_path.sh'
[50.044s] Level 1:colcon.colcon_core.environment:checking '/home/root1/lzx_ws/project/lidar_camera_ros_ws/install/rslidar_sdk/lib'
[50.044s] Level 1:colcon.colcon_core.environment:checking '/home/root1/lzx_ws/project/lidar_camera_ros_ws/install/rslidar_sdk/bin'
[50.044s] Level 1:colcon.colcon_core.environment:checking '/home/root1/lzx_ws/project/lidar_camera_ros_ws/install/rslidar_sdk/lib/pkgconfig/rslidar_sdk.pc'
[50.045s] Level 1:colcon.colcon_core.environment:checking '/home/root1/lzx_ws/project/lidar_camera_ros_ws/install/rslidar_sdk/lib/python3.10/site-packages'
[50.045s] Level 1:colcon.colcon_core.environment:checking '/home/root1/lzx_ws/project/lidar_camera_ros_ws/install/rslidar_sdk/bin'
[50.046s] INFO:colcon.colcon_core.shell:Creating package script '/home/root1/lzx_ws/project/lidar_camera_ros_ws/install/rslidar_sdk/share/rslidar_sdk/package.ps1'
[50.046s] INFO:colcon.colcon_core.shell:Creating package descriptor '/home/root1/lzx_ws/project/lidar_camera_ros_ws/install/rslidar_sdk/share/rslidar_sdk/package.dsv'
[50.048s] INFO:colcon.colcon_core.shell:Creating package script '/home/root1/lzx_ws/project/lidar_camera_ros_ws/install/rslidar_sdk/share/rslidar_sdk/package.sh'
[50.049s] INFO:colcon.colcon_core.shell:Creating package script '/home/root1/lzx_ws/project/lidar_camera_ros_ws/install/rslidar_sdk/share/rslidar_sdk/package.bash'
[50.049s] INFO:colcon.colcon_core.shell:Creating package script '/home/root1/lzx_ws/project/lidar_camera_ros_ws/install/rslidar_sdk/share/rslidar_sdk/package.zsh'
[50.050s] Level 1:colcon.colcon_core.environment:create_file_with_runtime_dependencies(/home/root1/lzx_ws/project/lidar_camera_ros_ws/install/rslidar_sdk/share/colcon-core/packages/rslidar_sdk)
[50.051s] Level 1:colcon.colcon_core.environment:create_environment_scripts_only(rslidar_sdk)
[50.051s] Level 1:colcon.colcon_core.environment:checking '/home/root1/lzx_ws/project/lidar_camera_ros_ws/install/rslidar_sdk' for CMake module files
[50.052s] Level 1:colcon.colcon_core.environment:checking '/home/root1/lzx_ws/project/lidar_camera_ros_ws/install/rslidar_sdk' for CMake config files
[50.053s] Level 1:colcon.colcon_core.shell:create_environment_hook('rslidar_sdk', 'cmake_prefix_path')
[50.053s] INFO:colcon.colcon_core.shell:Creating environment hook '/home/root1/lzx_ws/project/lidar_camera_ros_ws/install/rslidar_sdk/share/rslidar_sdk/hook/cmake_prefix_path.ps1'
[50.055s] INFO:colcon.colcon_core.shell:Creating environment descriptor '/home/root1/lzx_ws/project/lidar_camera_ros_ws/install/rslidar_sdk/share/rslidar_sdk/hook/cmake_prefix_path.dsv'
[50.056s] INFO:colcon.colcon_core.shell:Creating environment hook '/home/root1/lzx_ws/project/lidar_camera_ros_ws/install/rslidar_sdk/share/rslidar_sdk/hook/cmake_prefix_path.sh'
[50.059s] Level 1:colcon.colcon_core.environment:checking '/home/root1/lzx_ws/project/lidar_camera_ros_ws/install/rslidar_sdk/lib'
[50.059s] Level 1:colcon.colcon_core.environment:checking '/home/root1/lzx_ws/project/lidar_camera_ros_ws/install/rslidar_sdk/bin'
[50.059s] Level 1:colcon.colcon_core.environment:checking '/home/root1/lzx_ws/project/lidar_camera_ros_ws/install/rslidar_sdk/lib/pkgconfig/rslidar_sdk.pc'
[50.060s] Level 1:colcon.colcon_core.environment:checking '/home/root1/lzx_ws/project/lidar_camera_ros_ws/install/rslidar_sdk/lib/python3.10/site-packages'
[50.060s] Level 1:colcon.colcon_core.environment:checking '/home/root1/lzx_ws/project/lidar_camera_ros_ws/install/rslidar_sdk/bin'
[50.060s] INFO:colcon.colcon_core.shell:Creating package script '/home/root1/lzx_ws/project/lidar_camera_ros_ws/install/rslidar_sdk/share/rslidar_sdk/package.ps1'
[50.063s] INFO:colcon.colcon_core.shell:Creating package descriptor '/home/root1/lzx_ws/project/lidar_camera_ros_ws/install/rslidar_sdk/share/rslidar_sdk/package.dsv'
[50.069s] INFO:colcon.colcon_core.shell:Creating package script '/home/root1/lzx_ws/project/lidar_camera_ros_ws/install/rslidar_sdk/share/rslidar_sdk/package.sh'
[50.070s] INFO:colcon.colcon_core.shell:Creating package script '/home/root1/lzx_ws/project/lidar_camera_ros_ws/install/rslidar_sdk/share/rslidar_sdk/package.bash'
[50.070s] INFO:colcon.colcon_core.shell:Creating package script '/home/root1/lzx_ws/project/lidar_camera_ros_ws/install/rslidar_sdk/share/rslidar_sdk/package.zsh'
[50.071s] Level 1:colcon.colcon_core.environment:create_file_with_runtime_dependencies(/home/root1/lzx_ws/project/lidar_camera_ros_ws/install/rslidar_sdk/share/colcon-core/packages/rslidar_sdk)
[57.584s] DEBUG:colcon.colcon_core.event_handler.log_command:Invoked command in '/home/root1/lzx_ws/project/lidar_camera_ros_ws/build/vimbax_camera_examples' returned '0': CMAKE_PREFIX_PATH=/home/root1/lzx_ws/project/lidar_camera_ros_ws/install/vimbax_camera_events:/home/root1/lzx_ws/project/lidar_camera_ros_ws/install/vimbax_camera_msgs:/home/root1/lzx_ws/project/lidar_camera_ros_ws/install/vimbax_camera:/home/root1/lzx_ws/project/lidar_camera_ros_ws/install/vmbc_interface:/home/root1/lzx_ws/project/lidar_camera_ros_ws/install/vimbax_camera_examples:/home/root1/lzx_ws/project/lidar_camera_ros_ws/install/vimbax_camera_color_correction_cpp:/home/root1/lzx_ws/project/lidar_camera_ros_ws/install/rslidar_sdk:/home/root1/lzx_ws/project/lidar_camera_ros_ws/install/rslidar_msg:/home/root1/ros2_ws/install/robot_interface:/opt/ros/humble:/home/root1/lzx_ws/project/lidar_camera_ros_ws/install/vimbax_camera_color_correction LD_LIBRARY_PATH=/home/root1/lzx_ws/project/lidar_camera_ros_ws/install/vimbax_camera_events/lib:/home/root1/lzx_ws/project/lidar_camera_ros_ws/install/vimbax_camera_msgs/lib:/home/root1/lzx_ws/project/lidar_camera_ros_ws/install/vimbax_camera/lib:/home/root1/lzx_ws/project/lidar_camera_ros_ws/install/vimbax_camera_examples/lib:/home/root1/lzx_ws/project/lidar_camera_ros_ws/install/vimbax_camera_color_correction_cpp/lib:/home/root1/lzx_ws/project/lidar_camera_ros_ws/install/rslidar_msg/lib:/home/root1/.local/lib:/home/root1/ros2_ws/install/robot_interface/lib:/opt/ros/humble/opt/rviz_ogre_vendor/lib:/opt/ros/humble/lib/x86_64-linux-gnu:/opt/ros/humble/lib:/usr/local/cuda-12.2/lib64:/usr/local/cuda-12.2/lib64:/usr/local/cuda-12.2/lib64 /usr/bin/cmake --build /home/root1/lzx_ws/project/lidar_camera_ros_ws/build/vimbax_camera_examples -- -j16 -l16
[57.586s] DEBUG:colcon.colcon_core.event_handler.log_command:Invoking command in '/home/root1/lzx_ws/project/lidar_camera_ros_ws/build/vimbax_camera_examples': CMAKE_PREFIX_PATH=/home/root1/lzx_ws/project/lidar_camera_ros_ws/install/vimbax_camera_events:/home/root1/lzx_ws/project/lidar_camera_ros_ws/install/vimbax_camera_msgs:/home/root1/lzx_ws/project/lidar_camera_ros_ws/install/vimbax_camera:/home/root1/lzx_ws/project/lidar_camera_ros_ws/install/vmbc_interface:/home/root1/lzx_ws/project/lidar_camera_ros_ws/install/vimbax_camera_examples:/home/root1/lzx_ws/project/lidar_camera_ros_ws/install/vimbax_camera_color_correction_cpp:/home/root1/lzx_ws/project/lidar_camera_ros_ws/install/rslidar_sdk:/home/root1/lzx_ws/project/lidar_camera_ros_ws/install/rslidar_msg:/home/root1/ros2_ws/install/robot_interface:/opt/ros/humble:/home/root1/lzx_ws/project/lidar_camera_ros_ws/install/vimbax_camera_color_correction LD_LIBRARY_PATH=/home/root1/lzx_ws/project/lidar_camera_ros_ws/install/vimbax_camera_events/lib:/home/root1/lzx_ws/project/lidar_camera_ros_ws/install/vimbax_camera_msgs/lib:/home/root1/lzx_ws/project/lidar_camera_ros_ws/install/vimbax_camera/lib:/home/root1/lzx_ws/project/lidar_camera_ros_ws/install/vimbax_camera_examples/lib:/home/root1/lzx_ws/project/lidar_camera_ros_ws/install/vimbax_camera_color_correction_cpp/lib:/home/root1/lzx_ws/project/lidar_camera_ros_ws/install/rslidar_msg/lib:/home/root1/.local/lib:/home/root1/ros2_ws/install/robot_interface/lib:/opt/ros/humble/opt/rviz_ogre_vendor/lib:/opt/ros/humble/lib/x86_64-linux-gnu:/opt/ros/humble/lib:/usr/local/cuda-12.2/lib64:/usr/local/cuda-12.2/lib64:/usr/local/cuda-12.2/lib64 /usr/bin/cmake --install /home/root1/lzx_ws/project/lidar_camera_ros_ws/build/vimbax_camera_examples
[57.652s] Level 1:colcon.colcon_core.environment:create_environment_scripts_only(vimbax_camera_examples)
[57.652s] Level 1:colcon.colcon_core.environment:checking '/home/root1/lzx_ws/project/lidar_camera_ros_ws/install/vimbax_camera_examples' for CMake module files
[57.652s] DEBUG:colcon.colcon_core.event_handler.log_command:Invoked command in '/home/root1/lzx_ws/project/lidar_camera_ros_ws/build/vimbax_camera_examples' returned '0': CMAKE_PREFIX_PATH=/home/root1/lzx_ws/project/lidar_camera_ros_ws/install/vimbax_camera_events:/home/root1/lzx_ws/project/lidar_camera_ros_ws/install/vimbax_camera_msgs:/home/root1/lzx_ws/project/lidar_camera_ros_ws/install/vimbax_camera:/home/root1/lzx_ws/project/lidar_camera_ros_ws/install/vmbc_interface:/home/root1/lzx_ws/project/lidar_camera_ros_ws/install/vimbax_camera_examples:/home/root1/lzx_ws/project/lidar_camera_ros_ws/install/vimbax_camera_color_correction_cpp:/home/root1/lzx_ws/project/lidar_camera_ros_ws/install/rslidar_sdk:/home/root1/lzx_ws/project/lidar_camera_ros_ws/install/rslidar_msg:/home/root1/ros2_ws/install/robot_interface:/opt/ros/humble:/home/root1/lzx_ws/project/lidar_camera_ros_ws/install/vimbax_camera_color_correction LD_LIBRARY_PATH=/home/root1/lzx_ws/project/lidar_camera_ros_ws/install/vimbax_camera_events/lib:/home/root1/lzx_ws/project/lidar_camera_ros_ws/install/vimbax_camera_msgs/lib:/home/root1/lzx_ws/project/lidar_camera_ros_ws/install/vimbax_camera/lib:/home/root1/lzx_ws/project/lidar_camera_ros_ws/install/vimbax_camera_examples/lib:/home/root1/lzx_ws/project/lidar_camera_ros_ws/install/vimbax_camera_color_correction_cpp/lib:/home/root1/lzx_ws/project/lidar_camera_ros_ws/install/rslidar_msg/lib:/home/root1/.local/lib:/home/root1/ros2_ws/install/robot_interface/lib:/opt/ros/humble/opt/rviz_ogre_vendor/lib:/opt/ros/humble/lib/x86_64-linux-gnu:/opt/ros/humble/lib:/usr/local/cuda-12.2/lib64:/usr/local/cuda-12.2/lib64:/usr/local/cuda-12.2/lib64 /usr/bin/cmake --install /home/root1/lzx_ws/project/lidar_camera_ros_ws/build/vimbax_camera_examples
[57.653s] Level 1:colcon.colcon_core.environment:checking '/home/root1/lzx_ws/project/lidar_camera_ros_ws/install/vimbax_camera_examples' for CMake config files
[57.653s] Level 1:colcon.colcon_core.shell:create_environment_hook('vimbax_camera_examples', 'cmake_prefix_path')
[57.653s] INFO:colcon.colcon_core.shell:Creating environment hook '/home/root1/lzx_ws/project/lidar_camera_ros_ws/install/vimbax_camera_examples/share/vimbax_camera_examples/hook/cmake_prefix_path.ps1'
[57.654s] INFO:colcon.colcon_core.shell:Creating environment descriptor '/home/root1/lzx_ws/project/lidar_camera_ros_ws/install/vimbax_camera_examples/share/vimbax_camera_examples/hook/cmake_prefix_path.dsv'
[57.654s] INFO:colcon.colcon_core.shell:Creating environment hook '/home/root1/lzx_ws/project/lidar_camera_ros_ws/install/vimbax_camera_examples/share/vimbax_camera_examples/hook/cmake_prefix_path.sh'
[57.654s] Level 1:colcon.colcon_core.environment:checking '/home/root1/lzx_ws/project/lidar_camera_ros_ws/install/vimbax_camera_examples/lib'
[57.654s] Level 1:colcon.colcon_core.shell:create_environment_hook('vimbax_camera_examples', 'ld_library_path_lib')
[57.655s] INFO:colcon.colcon_core.shell:Creating environment hook '/home/root1/lzx_ws/project/lidar_camera_ros_ws/install/vimbax_camera_examples/share/vimbax_camera_examples/hook/ld_library_path_lib.ps1'
[57.655s] INFO:colcon.colcon_core.shell:Creating environment descriptor '/home/root1/lzx_ws/project/lidar_camera_ros_ws/install/vimbax_camera_examples/share/vimbax_camera_examples/hook/ld_library_path_lib.dsv'
[57.655s] INFO:colcon.colcon_core.shell:Creating environment hook '/home/root1/lzx_ws/project/lidar_camera_ros_ws/install/vimbax_camera_examples/share/vimbax_camera_examples/hook/ld_library_path_lib.sh'
[57.655s] Level 1:colcon.colcon_core.environment:checking '/home/root1/lzx_ws/project/lidar_camera_ros_ws/install/vimbax_camera_examples/bin'
[57.656s] Level 1:colcon.colcon_core.environment:checking '/home/root1/lzx_ws/project/lidar_camera_ros_ws/install/vimbax_camera_examples/lib/pkgconfig/vimbax_camera_examples.pc'
[57.656s] Level 1:colcon.colcon_core.environment:checking '/home/root1/lzx_ws/project/lidar_camera_ros_ws/install/vimbax_camera_examples/lib/python3.10/site-packages'
[57.656s] Level 1:colcon.colcon_core.environment:checking '/home/root1/lzx_ws/project/lidar_camera_ros_ws/install/vimbax_camera_examples/bin'
[57.656s] INFO:colcon.colcon_core.shell:Creating package script '/home/root1/lzx_ws/project/lidar_camera_ros_ws/install/vimbax_camera_examples/share/vimbax_camera_examples/package.ps1'
[57.657s] INFO:colcon.colcon_core.shell:Creating package descriptor '/home/root1/lzx_ws/project/lidar_camera_ros_ws/install/vimbax_camera_examples/share/vimbax_camera_examples/package.dsv'
[57.657s] INFO:colcon.colcon_core.shell:Creating package script '/home/root1/lzx_ws/project/lidar_camera_ros_ws/install/vimbax_camera_examples/share/vimbax_camera_examples/package.sh'
[57.657s] INFO:colcon.colcon_core.shell:Creating package script '/home/root1/lzx_ws/project/lidar_camera_ros_ws/install/vimbax_camera_examples/share/vimbax_camera_examples/package.bash'
[57.658s] INFO:colcon.colcon_core.shell:Creating package script '/home/root1/lzx_ws/project/lidar_camera_ros_ws/install/vimbax_camera_examples/share/vimbax_camera_examples/package.zsh'
[57.658s] Level 1:colcon.colcon_core.environment:create_file_with_runtime_dependencies(/home/root1/lzx_ws/project/lidar_camera_ros_ws/install/vimbax_camera_examples/share/colcon-core/packages/vimbax_camera_examples)
[57.659s] Level 1:colcon.colcon_core.environment:create_environment_scripts_only(vimbax_camera_examples)
[57.659s] Level 1:colcon.colcon_core.environment:checking '/home/root1/lzx_ws/project/lidar_camera_ros_ws/install/vimbax_camera_examples' for CMake module files
[57.659s] Level 1:colcon.colcon_core.environment:checking '/home/root1/lzx_ws/project/lidar_camera_ros_ws/install/vimbax_camera_examples' for CMake config files
[57.659s] Level 1:colcon.colcon_core.shell:create_environment_hook('vimbax_camera_examples', 'cmake_prefix_path')
[57.660s] INFO:colcon.colcon_core.shell:Creating environment hook '/home/root1/lzx_ws/project/lidar_camera_ros_ws/install/vimbax_camera_examples/share/vimbax_camera_examples/hook/cmake_prefix_path.ps1'
[57.660s] INFO:colcon.colcon_core.shell:Creating environment descriptor '/home/root1/lzx_ws/project/lidar_camera_ros_ws/install/vimbax_camera_examples/share/vimbax_camera_examples/hook/cmake_prefix_path.dsv'
[57.660s] INFO:colcon.colcon_core.shell:Creating environment hook '/home/root1/lzx_ws/project/lidar_camera_ros_ws/install/vimbax_camera_examples/share/vimbax_camera_examples/hook/cmake_prefix_path.sh'
[57.661s] Level 1:colcon.colcon_core.environment:checking '/home/root1/lzx_ws/project/lidar_camera_ros_ws/install/vimbax_camera_examples/lib'
[57.661s] Level 1:colcon.colcon_core.shell:create_environment_hook('vimbax_camera_examples', 'ld_library_path_lib')
[57.661s] INFO:colcon.colcon_core.shell:Creating environment hook '/home/root1/lzx_ws/project/lidar_camera_ros_ws/install/vimbax_camera_examples/share/vimbax_camera_examples/hook/ld_library_path_lib.ps1'
[57.661s] INFO:colcon.colcon_core.shell:Creating environment descriptor '/home/root1/lzx_ws/project/lidar_camera_ros_ws/install/vimbax_camera_examples/share/vimbax_camera_examples/hook/ld_library_path_lib.dsv'
[57.662s] INFO:colcon.colcon_core.shell:Creating environment hook '/home/root1/lzx_ws/project/lidar_camera_ros_ws/install/vimbax_camera_examples/share/vimbax_camera_examples/hook/ld_library_path_lib.sh'
[57.662s] Level 1:colcon.colcon_core.environment:checking '/home/root1/lzx_ws/project/lidar_camera_ros_ws/install/vimbax_camera_examples/bin'
[57.662s] Level 1:colcon.colcon_core.environment:checking '/home/root1/lzx_ws/project/lidar_camera_ros_ws/install/vimbax_camera_examples/lib/pkgconfig/vimbax_camera_examples.pc'
[57.662s] Level 1:colcon.colcon_core.environment:checking '/home/root1/lzx_ws/project/lidar_camera_ros_ws/install/vimbax_camera_examples/lib/python3.10/site-packages'
[57.662s] Level 1:colcon.colcon_core.environment:checking '/home/root1/lzx_ws/project/lidar_camera_ros_ws/install/vimbax_camera_examples/bin'
[57.663s] INFO:colcon.colcon_core.shell:Creating package script '/home/root1/lzx_ws/project/lidar_camera_ros_ws/install/vimbax_camera_examples/share/vimbax_camera_examples/package.ps1'
[57.663s] INFO:colcon.colcon_core.shell:Creating package descriptor '/home/root1/lzx_ws/project/lidar_camera_ros_ws/install/vimbax_camera_examples/share/vimbax_camera_examples/package.dsv'
[57.664s] INFO:colcon.colcon_core.shell:Creating package script '/home/root1/lzx_ws/project/lidar_camera_ros_ws/install/vimbax_camera_examples/share/vimbax_camera_examples/package.sh'
[57.664s] INFO:colcon.colcon_core.shell:Creating package script '/home/root1/lzx_ws/project/lidar_camera_ros_ws/install/vimbax_camera_examples/share/vimbax_camera_examples/package.bash'
[57.664s] INFO:colcon.colcon_core.shell:Creating package script '/home/root1/lzx_ws/project/lidar_camera_ros_ws/install/vimbax_camera_examples/share/vimbax_camera_examples/package.zsh'
[57.665s] Level 1:colcon.colcon_core.environment:create_file_with_runtime_dependencies(/home/root1/lzx_ws/project/lidar_camera_ros_ws/install/vimbax_camera_examples/share/colcon-core/packages/vimbax_camera_examples)
[80.751s] DEBUG:colcon.colcon_core.event_handler.log_command:Invoked command in '/home/root1/lzx_ws/project/lidar_camera_ros_ws/build/vimbax_camera' returned '0': CMAKE_PREFIX_PATH=/home/root1/lzx_ws/project/lidar_camera_ros_ws/install/vimbax_camera_events:/home/root1/lzx_ws/project/lidar_camera_ros_ws/install/vmbc_interface:/home/root1/lzx_ws/project/lidar_camera_ros_ws/install/vimbax_camera_msgs:/home/root1/lzx_ws/project/lidar_camera_ros_ws/install/vimbax_camera:/home/root1/lzx_ws/project/lidar_camera_ros_ws/install/vimbax_camera_examples:/home/root1/lzx_ws/project/lidar_camera_ros_ws/install/vimbax_camera_color_correction_cpp:/home/root1/lzx_ws/project/lidar_camera_ros_ws/install/rslidar_sdk:/home/root1/lzx_ws/project/lidar_camera_ros_ws/install/rslidar_msg:/home/root1/ros2_ws/install/robot_interface:/opt/ros/humble:/home/root1/lzx_ws/project/lidar_camera_ros_ws/install/vimbax_camera_color_correction LD_LIBRARY_PATH=/home/root1/lzx_ws/project/lidar_camera_ros_ws/install/vimbax_camera_events/lib:/home/root1/lzx_ws/project/lidar_camera_ros_ws/install/vimbax_camera_msgs/lib:/home/root1/lzx_ws/project/lidar_camera_ros_ws/install/vimbax_camera/lib:/home/root1/lzx_ws/project/lidar_camera_ros_ws/install/vimbax_camera_examples/lib:/home/root1/lzx_ws/project/lidar_camera_ros_ws/install/vimbax_camera_color_correction_cpp/lib:/home/root1/lzx_ws/project/lidar_camera_ros_ws/install/rslidar_msg/lib:/home/root1/.local/lib:/home/root1/ros2_ws/install/robot_interface/lib:/opt/ros/humble/opt/rviz_ogre_vendor/lib:/opt/ros/humble/lib/x86_64-linux-gnu:/opt/ros/humble/lib:/usr/local/cuda-12.2/lib64:/usr/local/cuda-12.2/lib64:/usr/local/cuda-12.2/lib64 /usr/bin/cmake --build /home/root1/lzx_ws/project/lidar_camera_ros_ws/build/vimbax_camera -- -j16 -l16
[80.753s] DEBUG:colcon.colcon_core.event_handler.log_command:Invoking command in '/home/root1/lzx_ws/project/lidar_camera_ros_ws/build/vimbax_camera': CMAKE_PREFIX_PATH=/home/root1/lzx_ws/project/lidar_camera_ros_ws/install/vimbax_camera_events:/home/root1/lzx_ws/project/lidar_camera_ros_ws/install/vmbc_interface:/home/root1/lzx_ws/project/lidar_camera_ros_ws/install/vimbax_camera_msgs:/home/root1/lzx_ws/project/lidar_camera_ros_ws/install/vimbax_camera:/home/root1/lzx_ws/project/lidar_camera_ros_ws/install/vimbax_camera_examples:/home/root1/lzx_ws/project/lidar_camera_ros_ws/install/vimbax_camera_color_correction_cpp:/home/root1/lzx_ws/project/lidar_camera_ros_ws/install/rslidar_sdk:/home/root1/lzx_ws/project/lidar_camera_ros_ws/install/rslidar_msg:/home/root1/ros2_ws/install/robot_interface:/opt/ros/humble:/home/root1/lzx_ws/project/lidar_camera_ros_ws/install/vimbax_camera_color_correction LD_LIBRARY_PATH=/home/root1/lzx_ws/project/lidar_camera_ros_ws/install/vimbax_camera_events/lib:/home/root1/lzx_ws/project/lidar_camera_ros_ws/install/vimbax_camera_msgs/lib:/home/root1/lzx_ws/project/lidar_camera_ros_ws/install/vimbax_camera/lib:/home/root1/lzx_ws/project/lidar_camera_ros_ws/install/vimbax_camera_examples/lib:/home/root1/lzx_ws/project/lidar_camera_ros_ws/install/vimbax_camera_color_correction_cpp/lib:/home/root1/lzx_ws/project/lidar_camera_ros_ws/install/rslidar_msg/lib:/home/root1/.local/lib:/home/root1/ros2_ws/install/robot_interface/lib:/opt/ros/humble/opt/rviz_ogre_vendor/lib:/opt/ros/humble/lib/x86_64-linux-gnu:/opt/ros/humble/lib:/usr/local/cuda-12.2/lib64:/usr/local/cuda-12.2/lib64:/usr/local/cuda-12.2/lib64 /usr/bin/cmake --install /home/root1/lzx_ws/project/lidar_camera_ros_ws/build/vimbax_camera
[80.786s] Level 1:colcon.colcon_core.environment:create_environment_scripts_only(vimbax_camera)
[80.787s] DEBUG:colcon.colcon_core.event_handler.log_command:Invoked command in '/home/root1/lzx_ws/project/lidar_camera_ros_ws/build/vimbax_camera' returned '0': CMAKE_PREFIX_PATH=/home/root1/lzx_ws/project/lidar_camera_ros_ws/install/vimbax_camera_events:/home/root1/lzx_ws/project/lidar_camera_ros_ws/install/vmbc_interface:/home/root1/lzx_ws/project/lidar_camera_ros_ws/install/vimbax_camera_msgs:/home/root1/lzx_ws/project/lidar_camera_ros_ws/install/vimbax_camera:/home/root1/lzx_ws/project/lidar_camera_ros_ws/install/vimbax_camera_examples:/home/root1/lzx_ws/project/lidar_camera_ros_ws/install/vimbax_camera_color_correction_cpp:/home/root1/lzx_ws/project/lidar_camera_ros_ws/install/rslidar_sdk:/home/root1/lzx_ws/project/lidar_camera_ros_ws/install/rslidar_msg:/home/root1/ros2_ws/install/robot_interface:/opt/ros/humble:/home/root1/lzx_ws/project/lidar_camera_ros_ws/install/vimbax_camera_color_correction LD_LIBRARY_PATH=/home/root1/lzx_ws/project/lidar_camera_ros_ws/install/vimbax_camera_events/lib:/home/root1/lzx_ws/project/lidar_camera_ros_ws/install/vimbax_camera_msgs/lib:/home/root1/lzx_ws/project/lidar_camera_ros_ws/install/vimbax_camera/lib:/home/root1/lzx_ws/project/lidar_camera_ros_ws/install/vimbax_camera_examples/lib:/home/root1/lzx_ws/project/lidar_camera_ros_ws/install/vimbax_camera_color_correction_cpp/lib:/home/root1/lzx_ws/project/lidar_camera_ros_ws/install/rslidar_msg/lib:/home/root1/.local/lib:/home/root1/ros2_ws/install/robot_interface/lib:/opt/ros/humble/opt/rviz_ogre_vendor/lib:/opt/ros/humble/lib/x86_64-linux-gnu:/opt/ros/humble/lib:/usr/local/cuda-12.2/lib64:/usr/local/cuda-12.2/lib64:/usr/local/cuda-12.2/lib64 /usr/bin/cmake --install /home/root1/lzx_ws/project/lidar_camera_ros_ws/build/vimbax_camera
[80.787s] Level 1:colcon.colcon_core.environment:checking '/home/root1/lzx_ws/project/lidar_camera_ros_ws/install/vimbax_camera' for CMake module files
[80.787s] Level 1:colcon.colcon_core.environment:checking '/home/root1/lzx_ws/project/lidar_camera_ros_ws/install/vimbax_camera' for CMake config files
[80.788s] Level 1:colcon.colcon_core.shell:create_environment_hook('vimbax_camera', 'cmake_prefix_path')
[80.788s] INFO:colcon.colcon_core.shell:Creating environment hook '/home/root1/lzx_ws/project/lidar_camera_ros_ws/install/vimbax_camera/share/vimbax_camera/hook/cmake_prefix_path.ps1'
[80.788s] INFO:colcon.colcon_core.shell:Creating environment descriptor '/home/root1/lzx_ws/project/lidar_camera_ros_ws/install/vimbax_camera/share/vimbax_camera/hook/cmake_prefix_path.dsv'
[80.788s] INFO:colcon.colcon_core.shell:Creating environment hook '/home/root1/lzx_ws/project/lidar_camera_ros_ws/install/vimbax_camera/share/vimbax_camera/hook/cmake_prefix_path.sh'
[80.789s] Level 1:colcon.colcon_core.environment:checking '/home/root1/lzx_ws/project/lidar_camera_ros_ws/install/vimbax_camera/lib'
[80.789s] Level 1:colcon.colcon_core.shell:create_environment_hook('vimbax_camera', 'ld_library_path_lib')
[80.789s] INFO:colcon.colcon_core.shell:Creating environment hook '/home/root1/lzx_ws/project/lidar_camera_ros_ws/install/vimbax_camera/share/vimbax_camera/hook/ld_library_path_lib.ps1'
[80.789s] INFO:colcon.colcon_core.shell:Creating environment descriptor '/home/root1/lzx_ws/project/lidar_camera_ros_ws/install/vimbax_camera/share/vimbax_camera/hook/ld_library_path_lib.dsv'
[80.790s] INFO:colcon.colcon_core.shell:Creating environment hook '/home/root1/lzx_ws/project/lidar_camera_ros_ws/install/vimbax_camera/share/vimbax_camera/hook/ld_library_path_lib.sh'
[80.790s] Level 1:colcon.colcon_core.environment:checking '/home/root1/lzx_ws/project/lidar_camera_ros_ws/install/vimbax_camera/bin'
[80.790s] Level 1:colcon.colcon_core.environment:checking '/home/root1/lzx_ws/project/lidar_camera_ros_ws/install/vimbax_camera/lib/pkgconfig/vimbax_camera.pc'
[80.790s] Level 1:colcon.colcon_core.environment:checking '/home/root1/lzx_ws/project/lidar_camera_ros_ws/install/vimbax_camera/lib/python3.10/site-packages'
[80.790s] Level 1:colcon.colcon_core.environment:checking '/home/root1/lzx_ws/project/lidar_camera_ros_ws/install/vimbax_camera/bin'
[80.791s] INFO:colcon.colcon_core.shell:Creating package script '/home/root1/lzx_ws/project/lidar_camera_ros_ws/install/vimbax_camera/share/vimbax_camera/package.ps1'
[80.791s] INFO:colcon.colcon_core.shell:Creating package descriptor '/home/root1/lzx_ws/project/lidar_camera_ros_ws/install/vimbax_camera/share/vimbax_camera/package.dsv'
[80.791s] INFO:colcon.colcon_core.shell:Creating package script '/home/root1/lzx_ws/project/lidar_camera_ros_ws/install/vimbax_camera/share/vimbax_camera/package.sh'
[80.792s] INFO:colcon.colcon_core.shell:Creating package script '/home/root1/lzx_ws/project/lidar_camera_ros_ws/install/vimbax_camera/share/vimbax_camera/package.bash'
[80.792s] INFO:colcon.colcon_core.shell:Creating package script '/home/root1/lzx_ws/project/lidar_camera_ros_ws/install/vimbax_camera/share/vimbax_camera/package.zsh'
[80.792s] Level 1:colcon.colcon_core.environment:create_file_with_runtime_dependencies(/home/root1/lzx_ws/project/lidar_camera_ros_ws/install/vimbax_camera/share/colcon-core/packages/vimbax_camera)
[80.793s] Level 1:colcon.colcon_core.environment:create_environment_scripts_only(vimbax_camera)
[80.793s] Level 1:colcon.colcon_core.environment:checking '/home/root1/lzx_ws/project/lidar_camera_ros_ws/install/vimbax_camera' for CMake module files
[80.793s] Level 1:colcon.colcon_core.environment:checking '/home/root1/lzx_ws/project/lidar_camera_ros_ws/install/vimbax_camera' for CMake config files
[80.794s] Level 1:colcon.colcon_core.shell:create_environment_hook('vimbax_camera', 'cmake_prefix_path')
[80.794s] INFO:colcon.colcon_core.shell:Creating environment hook '/home/root1/lzx_ws/project/lidar_camera_ros_ws/install/vimbax_camera/share/vimbax_camera/hook/cmake_prefix_path.ps1'
[80.794s] INFO:colcon.colcon_core.shell:Creating environment descriptor '/home/root1/lzx_ws/project/lidar_camera_ros_ws/install/vimbax_camera/share/vimbax_camera/hook/cmake_prefix_path.dsv'
[80.795s] INFO:colcon.colcon_core.shell:Creating environment hook '/home/root1/lzx_ws/project/lidar_camera_ros_ws/install/vimbax_camera/share/vimbax_camera/hook/cmake_prefix_path.sh'
[80.795s] Level 1:colcon.colcon_core.environment:checking '/home/root1/lzx_ws/project/lidar_camera_ros_ws/install/vimbax_camera/lib'
[80.795s] Level 1:colcon.colcon_core.shell:create_environment_hook('vimbax_camera', 'ld_library_path_lib')
[80.795s] INFO:colcon.colcon_core.shell:Creating environment hook '/home/root1/lzx_ws/project/lidar_camera_ros_ws/install/vimbax_camera/share/vimbax_camera/hook/ld_library_path_lib.ps1'
[80.796s] INFO:colcon.colcon_core.shell:Creating environment descriptor '/home/root1/lzx_ws/project/lidar_camera_ros_ws/install/vimbax_camera/share/vimbax_camera/hook/ld_library_path_lib.dsv'
[80.796s] INFO:colcon.colcon_core.shell:Creating environment hook '/home/root1/lzx_ws/project/lidar_camera_ros_ws/install/vimbax_camera/share/vimbax_camera/hook/ld_library_path_lib.sh'
[80.796s] Level 1:colcon.colcon_core.environment:checking '/home/root1/lzx_ws/project/lidar_camera_ros_ws/install/vimbax_camera/bin'
[80.796s] Level 1:colcon.colcon_core.environment:checking '/home/root1/lzx_ws/project/lidar_camera_ros_ws/install/vimbax_camera/lib/pkgconfig/vimbax_camera.pc'
[80.797s] Level 1:colcon.colcon_core.environment:checking '/home/root1/lzx_ws/project/lidar_camera_ros_ws/install/vimbax_camera/lib/python3.10/site-packages'
[80.797s] Level 1:colcon.colcon_core.environment:checking '/home/root1/lzx_ws/project/lidar_camera_ros_ws/install/vimbax_camera/bin'
[80.797s] INFO:colcon.colcon_core.shell:Creating package script '/home/root1/lzx_ws/project/lidar_camera_ros_ws/install/vimbax_camera/share/vimbax_camera/package.ps1'
[80.798s] INFO:colcon.colcon_core.shell:Creating package descriptor '/home/root1/lzx_ws/project/lidar_camera_ros_ws/install/vimbax_camera/share/vimbax_camera/package.dsv'
[80.798s] INFO:colcon.colcon_core.shell:Creating package script '/home/root1/lzx_ws/project/lidar_camera_ros_ws/install/vimbax_camera/share/vimbax_camera/package.sh'
[80.798s] INFO:colcon.colcon_core.shell:Creating package script '/home/root1/lzx_ws/project/lidar_camera_ros_ws/install/vimbax_camera/share/vimbax_camera/package.bash'
[80.799s] INFO:colcon.colcon_core.shell:Creating package script '/home/root1/lzx_ws/project/lidar_camera_ros_ws/install/vimbax_camera/share/vimbax_camera/package.zsh'
[80.799s] Level 1:colcon.colcon_core.environment:create_file_with_runtime_dependencies(/home/root1/lzx_ws/project/lidar_camera_ros_ws/install/vimbax_camera/share/colcon-core/packages/vimbax_camera)
[80.800s] DEBUG:colcon.colcon_parallel_executor.executor.parallel:closing loop
[80.800s] DEBUG:colcon.colcon_parallel_executor.executor.parallel:loop closed
[80.800s] DEBUG:colcon.colcon_parallel_executor.executor.parallel:run_until_complete finished with '0'
[80.800s] DEBUG:colcon.colcon_core.event_reactor:joining thread
[80.816s] INFO:colcon.colcon_core.plugin_system:Skipping extension 'colcon_notification.desktop_notification.terminal_notifier': Not used on non-Darwin systems
[80.816s] INFO:colcon.colcon_core.plugin_system:Skipping extension 'colcon_notification.desktop_notification.win32': Not used on non-Windows systems
[80.816s] INFO:colcon.colcon_notification.desktop_notification:Sending desktop notification using 'notify2'
[80.827s] DEBUG:colcon.colcon_core.event_reactor:joined thread
[80.827s] INFO:colcon.colcon_core.shell:Creating prefix script '/home/root1/lzx_ws/project/lidar_camera_ros_ws/install/local_setup.ps1'
[80.829s] INFO:colcon.colcon_core.shell:Creating prefix util module '/home/root1/lzx_ws/project/lidar_camera_ros_ws/install/_local_setup_util_ps1.py'
[80.830s] INFO:colcon.colcon_core.shell:Creating prefix chain script '/home/root1/lzx_ws/project/lidar_camera_ros_ws/install/setup.ps1'
[80.832s] INFO:colcon.colcon_core.shell:Creating prefix script '/home/root1/lzx_ws/project/lidar_camera_ros_ws/install/local_setup.sh'
[80.833s] INFO:colcon.colcon_core.shell:Creating prefix util module '/home/root1/lzx_ws/project/lidar_camera_ros_ws/install/_local_setup_util_sh.py'
[80.833s] INFO:colcon.colcon_core.shell:Creating prefix chain script '/home/root1/lzx_ws/project/lidar_camera_ros_ws/install/setup.sh'
[80.835s] INFO:colcon.colcon_core.shell:Creating prefix script '/home/root1/lzx_ws/project/lidar_camera_ros_ws/install/local_setup.bash'
[80.836s] INFO:colcon.colcon_core.shell:Creating prefix chain script '/home/root1/lzx_ws/project/lidar_camera_ros_ws/install/setup.bash'
[80.837s] INFO:colcon.colcon_core.shell:Creating prefix script '/home/root1/lzx_ws/project/lidar_camera_ros_ws/install/local_setup.zsh'
[80.838s] INFO:colcon.colcon_core.shell:Creating prefix chain script '/home/root1/lzx_ws/project/lidar_camera_ros_ws/install/setup.zsh'
